x0,y0,z0,x1,y1,z1,x2,y2,z2,x3,y3,z3,x4,y4,z4,x5,y5,z5,x6,y6,z6,x7,y7,z7,x8,y8,z8,x9,y9,z9,x10,y10,z10,x11,y11,z11,x12,y12,z12,x13,y13,z13,x14,y14,z14,x15,y15,z15,x16,y16,z16,x17,y17,z17,x18,y18,z18,x19,y19,z19,x20,y20,z20,label
0.0,0.0,0.0,-0.06246745586395264,-0.029257893562316895,-0.024223165367743604,-0.11237281560897827,-0.09879893064498901,-0.0373671685950967,-0.14256978034973145,-0.1650344729423523,-0.04998509191443645,-0.17354100942611694,-0.20893824100494385,-0.0625441593723508,-0.07951784133911133,-0.25457435846328735,-0.013105788980624311,-0.10107547044754028,-0.3417525291442871,-0.02712314554025852,-0.11267596483230591,-0.39623087644577026,-0.04172308721115314,-0.12287354469299316,-0.44606542587280273,-0.053795423139831655,-0.039647817611694336,-0.28003990650177,-0.015643289093873136,-0.047882258892059326,-0.3917797803878784,-0.026336844791671865,-0.053362369537353516,-0.4619152545928955,-0.03862696864177906,-0.05990040302276611,-0.5175095796585083,-0.049635030110380285,-0.0015904903411865234,-0.2745417058467865,-0.022521422957083814,0.000602424144744873,-0.3760334849357605,-0.03548431002070629,-0.0013911724090576172,-0.44393277168273926,-0.05028082408477985,-0.0062479376792907715,-0.5007211863994598,-0.06180631719996654,0.034532904624938965,-0.2479836344718933,-0.032061025281450384,0.04894477128982544,-0.3301785886287689,-0.0432749872701379,0.05673050880432129,-0.38512441515922546,-0.05215058453848087,0.059634625911712646,-0.43560901284217834,-0.05979248486926281,Hello
0.0,0.0,0.0,-0.06260442733764648,-0.027200818061828613,-0.024575132681484035,-0.11242455244064331,-0.09481942653656006,-0.03814476336395245,-0.14208102226257324,-0.16002768278121948,-0.051217343463058285,-0.1729745864868164,-0.20277917385101318,-0.06421829740559559,-0.07857513427734375,-0.2510406970977783,-0.013488042904491238,-0.10091429948806763,-0.33709728717803955,-0.027499591736550144,-0.11262434720993042,-0.39060497283935547,-0.042101789070720486,-0.12267100811004639,-0.43884313106536865,-0.05418232808863621,-0.03929555416107178,-0.27687275409698486,-0.01570085230326157,-0.049109041690826416,-0.38658368587493896,-0.02642414513086777,-0.055606842041015625,-0.4558306336402893,-0.03877682219302159,-0.06306636333465576,-0.5095773041248322,-0.049892179472799114,-0.0015222430229187012,-0.27231115102767944,-0.0222287548617075,-0.0009964704513549805,-0.3728826642036438,-0.035155139668340496,-0.0038644075393676758,-0.44000765681266785,-0.04970514009749394,-0.009286344051361084,-0.49519193172454834,-0.061080310298557094,0.03444957733154297,-0.24704766273498535,-0.031448270930404476,0.04680758714675903,-0.32865744829177856,-0.04253265242135029,0.053758442401885986,-0.38269078731536865,-0.051254123254175,0.05604130029678345,-0.4314296543598175,-0.0587817838326643,Hello
0.0,0.0,0.0,-0.06160169839859009,-0.026226043701171875,-0.022305008909142998,-0.11087054014205933,-0.09346383810043335,-0.03439897946122983,-0.1389978528022766,-0.15806233882904053,-0.04616984254721501,-0.16719841957092285,-0.20412731170654297,-0.05782679370645383,-0.08009833097457886,-0.2442408800125122,-0.011760603590346363,-0.1019253134727478,-0.3291415274143219,-0.025755685707963494,-0.11443507671356201,-0.3820127546787262,-0.040236151731050995,-0.12574893236160278,-0.42987751960754395,-0.05193754932884076,-0.04183757305145264,-0.27058497071266174,-0.01454577590379813,-0.05091667175292969,-0.3788609504699707,-0.024676470971144226,-0.057594239711761475,-0.4466160535812378,-0.03662870354060033,-0.06535273790359497,-0.49962690472602844,-0.047349191224611786,-0.00510019063949585,-0.2672799825668335,-0.02144523239735463,-0.003945887088775635,-0.36631080508232117,-0.033441218501366166,-0.007477462291717529,-0.43096792697906494,-0.04721972248557904,-0.014134526252746582,-0.48401153087615967,-0.058054423844851044,0.030015885829925537,-0.24348503351211548,-0.030854920810497788,0.04087531566619873,-0.32503247261047363,-0.04137077084783414,0.04595959186553955,-0.37921732664108276,-0.049513130402601746,0.04663550853729248,-0.42788398265838623,-0.05646025291684964,Hello
0.0,0.0,0.0,-0.06001240015029907,-0.02374422550201416,-0.02126686107931164,-0.10814470052719116,-0.08773738145828247,-0.03277429212448624,-0.13788974285125732,-0.14871037006378174,-0.0440477246474984,-0.16657739877700806,-0.190371572971344,-0.05527791772601631,-0.07893180847167969,-0.23276615142822266,-0.011066133348322182,-0.10015380382537842,-0.3166999816894531,-0.02386586387274292,-0.11210542917251587,-0.36933305859565735,-0.03730950523731735,-0.12236970663070679,-0.41679102182388306,-0.04832225684640434,-0.0426369309425354,-0.25828081369400024,-0.013492008863067895,-0.05277585983276367,-0.3628266751766205,-0.022867053939080506,-0.059677064418792725,-0.42889851331710815,-0.03422820587275055,-0.06716662645339966,-0.48027303814888,-0.04443362001893547,-0.007325649261474609,-0.2567404508590698,-0.01978408750710514,-0.00914144515991211,-0.35404375195503235,-0.030560877366042405,-0.013293743133544922,-0.41681504249572754,-0.04333531130669144,-0.019840002059936523,-0.46709585189819336,-0.05342860911605385,0.02657902240753174,-0.23620307445526123,-0.028535502223348885,0.03360563516616821,-0.3172042965888977,-0.037860028637624055,0.03660690784454346,-0.37089550495147705,-0.04526114110467461,0.035789430141448975,-0.41831210255622864,-0.051627699477649,Hello
0.0,0.0,0.0,-0.05839604139328003,-0.03598290681838989,-0.02003201179777392,-0.10327225923538208,-0.10601687431335449,-0.030807551821816048,-0.12872344255447388,-0.17193210124969482,-0.041813191851723275,-0.15474450588226318,-0.21727335453033447,-0.05272416480456599,-0.06962311267852783,-0.2417345643043518,-0.008475831603753647,-0.08832371234893799,-0.32688841223716736,-0.020713501503813347,-0.09694594144821167,-0.37831583619117737,-0.03372158937727221,-0.10311508178710938,-0.425936222076416,-0.044446323892223916,-0.032321810722351074,-0.2625194787979126,-0.011327871946740231,-0.0390169620513916,-0.3671880066394806,-0.020171862920868477,-0.04212385416030884,-0.43054133653640747,-0.03037238203560122,-0.04531794786453247,-0.4805328845977783,-0.03966052540217646,0.0031148195266723633,-0.25777602195739746,-0.018137927061069092,0.0023415088653564453,-0.3554427921772003,-0.02854403749679335,0.0005743503570556641,-0.4156121611595154,-0.03931944899832018,-0.0024779438972473145,-0.4645017981529236,-0.047781483164179406,0.03692132234573364,-0.23497509956359863,-0.027548189168918213,0.046220242977142334,-0.3139691650867462,-0.035729781618464074,0.05115616321563721,-0.36530715227127075,-0.04157628574048289,0.05348855257034302,-0.4110122323036194,-0.046874702802050194,Hello
0.0,0.0,0.0,-0.056351661682128906,-0.03985804319381714,-0.018788984109434637,-0.09878146648406982,-0.11448061466217041,-0.028362738032612356,-0.12436264753341675,-0.18217706680297852,-0.03807942761925176,-0.15142500400543213,-0.22630786895751953,-0.047931118001017126,-0.06325048208236694,-0.2425169050693512,-0.007865139347288164,-0.07959151268005371,-0.3278886377811432,-0.019345814426216634,-0.08697718381881714,-0.3799925744533539,-0.03161091177609876,-0.09182822704315186,-0.4276331663131714,-0.041812947083982976,-0.025794804096221924,-0.2599649131298065,-0.010871960845562967,-0.029418885707855225,-0.36512768268585205,-0.01936203061488584,-0.030960381031036377,-0.42954355478286743,-0.029154719848904165,-0.03185015916824341,-0.48049983382225037,-0.038187773962292226,0.009140253067016602,-0.25197941064834595,-0.01773246197846845,0.012042045593261719,-0.3490109145641327,-0.02815198532191232,0.012379288673400879,-0.4106229543685913,-0.03949561907795385,0.01183229684829712,-0.4616127014160156,-0.04848966940191701,0.04136782884597778,-0.22603929042816162,-0.026940962363752874,0.054895639419555664,-0.3025048077106476,-0.03499239875820592,0.062040746212005615,-0.3532460927963257,-0.04111120669988111,0.06667578220367432,-0.4002971649169922,-0.046913115371737035,Hello
0.0,0.0,0.0,-0.05631059408187866,-0.028152525424957275,-0.021262156128305065,-0.1008259654045105,-0.09144443273544312,-0.03209540648700582,-0.12604987621307373,-0.15603023767471313,-0.042410787477511036,-0.1469043493270874,-0.20690494775772095,-0.05216800449730741,-0.08250516653060913,-0.22285842895507812,-0.011318194962459671,-0.10421758890151978,-0.30568939447402954,-0.02469726121367799,-0.1139596700668335,-0.356815367937088,-0.037600178554075825,-0.12104064226150513,-0.404521644115448,-0.047982450857180226,-0.04671889543533325,-0.2473680078983307,-0.01316158036084758,-0.058508992195129395,-0.3502625524997711,-0.023428365870731938,-0.06430214643478394,-0.4121953845024109,-0.03337618736864911,-0.06936508417129517,-0.46179094910621643,-0.04207782475592481,-0.011780977249145508,-0.24693229794502258,-0.0190370756232916,-0.01643240451812744,-0.3428542912006378,-0.03071314497234212,-0.02033597230911255,-0.40259915590286255,-0.041085358991640675,-0.025149822235107422,-0.4525325149297714,-0.049003772720116245,0.02215754985809326,-0.2292580008506775,-0.027430881097334492,0.02702432870864868,-0.30866774916648865,-0.037243392601030934,0.02852916717529297,-0.36059442162513733,-0.04348305641056882,0.02813720703125,-0.40834033489227295,-0.04872290445806371,Hello
0.0,0.0,0.0,-0.057530105113983154,0.015519857406616211,-0.01850435069806622,-0.10521769523620605,-0.006201565265655518,-0.027145675635409816,-0.13112199306488037,-0.049844324588775635,-0.0354725357801442,-0.15021663904190063,-0.09098118543624878,-0.04312149926133202,-0.10945302248001099,-0.14018452167510986,-0.005514544221085771,-0.14439445734024048,-0.1997869610786438,-0.01658123477406548,-0.164564847946167,-0.2374534010887146,-0.028313598847461208,-0.18152189254760742,-0.2717680037021637,-0.037585039874983295,-0.08338391780853271,-0.18232977390289307,-0.007672390686792596,-0.11587148904800415,-0.26295164227485657,-0.015920200637054904,-0.13555479049682617,-0.3122035264968872,-0.02655759385831402,-0.15157639980316162,-0.3507390022277832,-0.035619733175707324,-0.05406111478805542,-0.20240336656570435,-0.013707003808093532,-0.07676917314529419,-0.2824248671531677,-0.02397646500773476,-0.09440702199935913,-0.3307529389858246,-0.03551211698956536,-0.10945063829421997,-0.3682922273874283,-0.04397474720187233,-0.021235942840576172,-0.20821508765220642,-0.02191819927699612,-0.03477233648300171,-0.28161925077438354,-0.03107265128798531,-0.04561358690261841,-0.3281588554382324,-0.03783664598174141,-0.05670720338821411,-0.3687339276075363,-0.04308266683526085,Hello
0.0,0.0,0.0,-0.051904261112213135,0.03293508291244507,-0.016575051566693588,-0.09904605150222778,0.026472091674804688,-0.023719171157214447,-0.1277831792831421,-0.008059084415435791,-0.031016655361387535,-0.1468070149421692,-0.04310065507888794,-0.037603532990548416,-0.11411255598068237,-0.08533519506454468,-0.0020057566949311934,-0.1498481035232544,-0.13220149278640747,-0.01227497691485624,-0.17025423049926758,-0.16029834747314453,-0.023486953323814674,-0.18791353702545166,-0.18873333930969238,-0.0328232032266591,-0.09821909666061401,-0.12801575660705566,-0.003995370214912697,-0.1382027268409729,-0.18447768688201904,-0.013203285729620262,-0.16240346431732178,-0.21716544032096863,-0.024570878690216347,-0.1828949749469757,-0.2460896074771881,-0.034089459201428696,-0.0767970085144043,-0.15858221054077148,-0.009547678848836227,-0.11297178268432617,-0.21615082025527954,-0.020054956993195816,-0.1359385848045349,-0.24849385023117065,-0.030148593803975388,-0.1549932360649109,-0.2750551700592041,-0.037576386800143524,-0.049301981925964355,-0.18115732073783875,-0.017235543673965736,-0.07779181003570557,-0.23166576027870178,-0.026344116872284218,-0.09784650802612305,-0.2620859146118164,-0.03233282091293077,-0.11607718467712402,-0.2899772524833679,-0.037024526020619675,Hello
0.0,0.0,0.0,-0.05141794681549072,0.03220927715301514,-0.016956565407859614,-0.09812414646148682,0.02483665943145752,-0.024169302983032992,-0.12665557861328125,-0.009256243705749512,-0.031469292444931796,-0.1452140212059021,-0.0448952317237854,-0.03793549860809975,-0.11285519599914551,-0.08655610680580139,-0.0019086833063610698,-0.14917659759521484,-0.13180950284004211,-0.01209357331489258,-0.16999071836471558,-0.15900146961212158,-0.023168703047382166,-0.1876106858253479,-0.1866445541381836,-0.032297919941889575,-0.09705734252929688,-0.12896543741226196,-0.0035295949502014423,-0.13749843835830688,-0.18386143445968628,-0.012393067097114852,-0.16160356998443604,-0.21599695086479187,-0.02320417712424927,-0.1813058853149414,-0.24401596188545227,-0.032245940966355136,-0.07558763027191162,-0.1595909297466278,-0.008809597668992808,-0.11194008588790894,-0.21660354733467102,-0.018997482461678317,-0.13469767570495605,-0.24878820776939392,-0.028508485732423594,-0.1532590389251709,-0.2752038836479187,-0.0354726607630127,-0.04801607131958008,-0.18252378702163696,-0.016293363151895335,-0.07628810405731201,-0.23307207226753235,-0.025001825270997813,-0.0960574746131897,-0.2632247805595398,-0.03047900970076256,-0.11385393142700195,-0.2909870147705078,-0.03475056911801033,Hello
0.0,0.0,0.0,-0.05212140083312988,0.0311051607131958,-0.01670550839292062,-0.09957349300384521,0.02187556028366089,-0.02354188175188554,-0.12786388397216797,-0.014089822769165039,-0.03041729987846864,-0.14672023057937622,-0.050815045833587646,-0.03651681454168809,-0.11264246702194214,-0.09151628613471985,-0.0019436242782155944,-0.14880990982055664,-0.13875064253807068,-0.011883970399072297,-0.16937530040740967,-0.16684678196907043,-0.022705475848784573,-0.18697655200958252,-0.194986492395401,-0.03164832205759538,-0.09586775302886963,-0.1336694061756134,-0.0036873072876240087,-0.13560467958450317,-0.19161903858184814,-0.012465145487954743,-0.15940141677856445,-0.2251473367214203,-0.023366707426180966,-0.17906421422958374,-0.254108190536499,-0.03247520239340318,-0.0738149881362915,-0.16325971484184265,-0.009048200261464245,-0.10903394222259521,-0.222667396068573,-0.019450821962823994,-0.1317768096923828,-0.2555071711540222,-0.0294426465897466,-0.15055960416793823,-0.28213053941726685,-0.036675325643887646,-0.04595446586608887,-0.18476465344429016,-0.016521963339915402,-0.07351440191268921,-0.23748824000358582,-0.02549856440412057,-0.09282469749450684,-0.2688031494617462,-0.031391548973193295,-0.11033505201339722,-0.29757189750671387,-0.03594802231775773,Hello
0.0,0.0,0.0,-0.05491077899932861,0.020599663257598877,-0.016005143045271453,-0.10218584537506104,0.000469207763671875,-0.023573353408659514,-0.12913984060287476,-0.04418760538101196,-0.031340077041472014,-0.1443260908126831,-0.08434325456619263,-0.03840219926723343,-0.10934090614318848,-0.11929395794868469,-0.0029737201862136686,-0.14219266176223755,-0.17954567074775696,-0.013947424000884112,-0.1603844165802002,-0.21476304531097412,-0.025350566475475844,-0.17564618587493896,-0.24865266680717468,-0.03453900617250305,-0.08777785301208496,-0.15925276279449463,-0.00540408677124482,-0.12372320890426636,-0.22976261377334595,-0.01495874904730421,-0.14603865146636963,-0.2713860869407654,-0.026473639054978904,-0.16503572463989258,-0.3081274628639221,-0.03586389821657043,-0.06210792064666748,-0.18447843194007874,-0.011223613737906035,-0.09351104497909546,-0.25443363189697266,-0.021647620468224105,-0.11410140991210938,-0.29418838024139404,-0.03136173587926727,-0.13120025396347046,-0.32703104615211487,-0.03826884505041939,-0.031412601470947266,-0.19932419061660767,-0.019103768735016402,-0.0551571249961853,-0.2615441083908081,-0.027794254465783652,-0.07167905569076538,-0.29926103353500366,-0.033242433785284575,-0.08632588386535645,-0.3332226872444153,-0.037264775006855544,Hello
0.0,0.0,0.0,-0.05746382474899292,0.013033270835876465,-0.015736740470490673,-0.10493910312652588,-0.014803886413574219,-0.022939822093210438,-0.1315203309059143,-0.06458801031112671,-0.03039199338909171,-0.14514261484146118,-0.10841035842895508,-0.037074381873569706,-0.10567992925643921,-0.13825684785842896,-0.001495601298845628,-0.13721323013305664,-0.20484915375709534,-0.01240920779909871,-0.15390849113464355,-0.24336302280426025,-0.02406121456678889,-0.16718244552612305,-0.27969858050346375,-0.03334032969232581,-0.08205622434616089,-0.17562511563301086,-0.0037174531413235457,-0.11623716354370117,-0.25216343998908997,-0.012667524085006932,-0.13673603534698486,-0.2984132766723633,-0.024272548422775486,-0.1537531614303589,-0.33803728222846985,-0.03373909594174407,-0.054898202419281006,-0.19765841960906982,-0.009450851396284321,-0.08374792337417603,-0.27403801679611206,-0.019200286284647206,-0.10255682468414307,-0.31871771812438965,-0.029471975207886913,-0.11794185638427734,-0.3551023602485657,-0.036875369415245274,-0.023083269596099854,-0.20813512802124023,-0.01721546837743304,-0.044304072856903076,-0.2748928964138031,-0.025545793042144993,-0.05903768539428711,-0.3155021369457245,-0.03133941666837714,-0.07168829441070557,-0.35190457105636597,-0.03561928720828078,Hello
0.0,0.0,0.0,-0.057947397232055664,-0.01578819751739502,-0.015857498571847373,-0.10311383008956909,-0.07528138160705566,-0.02191635914203971,-0.12932586669921875,-0.1362050175666809,-0.0287301591044411,-0.15498971939086914,-0.1730300486087799,-0.035661944598530226,-0.08597558736801147,-0.20197394490242004,-0.0019969969900444084,-0.11060130596160889,-0.27705511450767517,-0.012467308380280429,-0.12411189079284668,-0.3196794092655182,-0.024203706011746817,-0.13538610935211182,-0.3594610095024109,-0.03379670292196124,-0.05509060621261597,-0.2303290069103241,-0.004887717720691853,-0.07544964551925659,-0.3240932822227478,-0.013007555567298823,-0.08797073364257812,-0.38068580627441406,-0.023512705639575415,-0.09905946254730225,-0.4257548004388809,-0.03266157344040721,-0.022996366024017334,-0.23802408576011658,-0.01142074395028203,-0.036746442317962646,-0.33015164732933044,-0.021342202500079566,-0.04772448539733887,-0.3837999999523163,-0.03226108983216136,-0.058125972747802734,-0.4270859807729721,-0.04035215586480945,0.009904026985168457,-0.23015302419662476,-0.020100118071411543,0.004242897033691406,-0.30879494547843933,-0.028742836267326766,-0.000861048698425293,-0.35971134901046753,-0.035212901831243926,-0.006091773509979248,-0.40461859107017517,-0.0405690348154053,Hello
0.0,0.0,0.0,-0.06023359298706055,-0.022002696990966797,-0.02228052784630563,-0.11019682884216309,-0.08142620325088501,-0.03358634245523717,-0.14302539825439453,-0.13881373405456543,-0.044276495100348257,-0.17374998331069946,-0.17423051595687866,-0.05503580030926969,-0.0858989953994751,-0.23000609874725342,-0.011742632472305559,-0.1122162938117981,-0.31389686465263367,-0.024506321744411252,-0.1252974271774292,-0.36645254492759705,-0.03769084122905042,-0.1355312466621399,-0.4133930504322052,-0.04828826767334249,-0.04806351661682129,-0.2586269676685333,-0.013459983849315904,-0.06001114845275879,-0.36632707715034485,-0.021888422415941022,-0.0660061240196228,-0.4311147630214691,-0.031515982569544576,-0.07138055562973022,-0.48087719082832336,-0.040464878649800085,-0.010951817035675049,-0.2587476968765259,-0.019380676196306013,-0.01509469747543335,-0.35640811920166016,-0.029617863343446516,-0.018835902214050293,-0.41881322860717773,-0.04132364001998212,-0.023395538330078125,-0.4711211919784546,-0.05071523469814565,0.024439752101898193,-0.23999914526939392,-0.027951192678301595,0.03334110975265503,-0.321140319108963,-0.036375690819113515,0.03838294744491577,-0.37342217564582825,-0.04289272484311368,0.04088234901428223,-0.42203035950660706,-0.04889890235790517,Hello
0.0,0.0,0.0,-0.0614396333694458,-0.025861740112304688,-0.024575371028106474,-0.11215001344680786,-0.09351480007171631,-0.036313879967849516,-0.14749491214752197,-0.15353602170944214,-0.047190587700526976,-0.18145310878753662,-0.18049609661102295,-0.058284651220958494,-0.0824974775314331,-0.2512585520744324,-0.012446008355539107,-0.10661715269088745,-0.3401316702365875,-0.02490201938263681,-0.11756223440170288,-0.39525938034057617,-0.0383912992786577,-0.12568402290344238,-0.44473016262054443,-0.04959896552674081,-0.04253089427947998,-0.2774266302585602,-0.013485494733970427,-0.05097228288650513,-0.38878610730171204,-0.02088864120952394,-0.05438673496246338,-0.455695778131485,-0.02974373075477388,-0.05790364742279053,-0.5064823031425476,-0.03845085921994951,-0.004486978054046631,-0.27254346013069153,-0.01916444088629987,-0.00417482852935791,-0.3732636868953705,-0.029051817686479353,-0.004933714866638184,-0.43753111362457275,-0.0409341824363878,-0.007066488265991211,-0.49116384983062744,-0.05065286877862718,0.031018972396850586,-0.2475530505180359,-0.027849349857490324,0.04440230131149292,-0.3282836079597473,-0.036601498455922865,0.05269467830657959,-0.38102686405181885,-0.04375772151462343,0.05835074186325073,-0.431252658367157,-0.05039017620794084,Hello
0.0,0.0,0.0,-0.0608525276184082,-0.030295193195343018,-0.011275325942918357,-0.10028600692749023,-0.1118241548538208,-0.012016451027378139,-0.11681598424911499,-0.18943452835083008,-0.014646121341868934,-0.13434308767318726,-0.2416251301765442,-0.017336028669163284,-0.078610360622406,-0.2304592728614807,0.01304186224551529,-0.09571599960327148,-0.314773291349411,0.005168437450990382,-0.10286247730255127,-0.36597734689712524,-0.00660718236504465,-0.1070294976234436,-0.41466617584228516,-0.016920982901140746,-0.04623478651046753,-0.25359010696411133,0.008037032518402043,-0.06033444404602051,-0.3554862141609192,0.002667050767556134,-0.06857156753540039,-0.41954129934310913,-0.008286031004175243,-0.07598882913589478,-0.47322627902030945,-0.018185458187147674,-0.015507936477661133,-0.25566038489341736,-0.0012038927936401933,-0.024827420711517334,-0.35194289684295654,-0.008732920553669032,-0.03242850303649902,-0.4119679629802704,-0.019002818543597755,-0.040371596813201904,-0.46070683002471924,-0.027270783711358604,0.016428649425506592,-0.2407793402671814,-0.012707819271966514,0.008040070533752441,-0.32278817892074585,-0.019755248952790794,-9.72747802734375e-05,-0.3738332986831665,-0.024981121573731002,-0.007593393325805664,-0.419480562210083,-0.029758521396800575,Hello
0.0,0.0,0.0,-0.061411261558532715,-0.027197062969207764,-0.008819788861185174,-0.10133153200149536,-0.10443705320358276,-0.008198976683527093,-0.11900001764297485,-0.18134665489196777,-0.009944774377256493,-0.13671010732650757,-0.23166680335998535,-0.011713385748773675,-0.08053117990493774,-0.22411692142486572,0.019458431583732505,-0.0948491096496582,-0.30708813667297363,0.014201058839351077,-0.10166633129119873,-0.3580959439277649,0.003183402187094231,-0.10665422677993774,-0.4066312313079834,-0.007164959031253915,-0.050240516662597656,-0.24597549438476562,0.013794254344791312,-0.06522434949874878,-0.34398597478866577,0.01023745054462566,-0.07483929395675659,-0.40601658821105957,-0.0013143951577170299,-0.08455228805541992,-0.4600818157196045,-0.011987172233968835,-0.0211184024810791,-0.24890169501304626,0.003965513148248334,-0.03267174959182739,-0.34252864122390747,-0.0020566509841977165,-0.04147028923034668,-0.40154337882995605,-0.012878651897519688,-0.05125916004180908,-0.4508208632469177,-0.021846667098909478,0.01022636890411377,-0.23633313179016113,-0.007949385958820443,-0.0008037090301513672,-0.31691616773605347,-0.014095357786029439,-0.010556995868682861,-0.3667415380477905,-0.019581668245702843,-0.019597172737121582,-0.41218987107276917,-0.02481418119660006,Hello
0.0,0.0,0.0,-0.060974717140197754,-0.022797584533691406,-0.011844290966392279,-0.10213345289230347,-0.093350350856781,-0.012812197754383803,-0.12062102556228638,-0.16811603307724,-0.015153620006740809,-0.13566023111343384,-0.22446942329406738,-0.01699401306569648,-0.08153355121612549,-0.21168386936187744,0.01387684551417756,-0.09667235612869263,-0.29687297344207764,0.0071991825604431625,-0.10422587394714355,-0.34934306144714355,-0.003931838168055535,-0.10952717065811157,-0.39886966347694397,-0.013896761076749087,-0.05238622426986694,-0.2345169484615326,0.010178435047864198,-0.06825268268585205,-0.33283811807632446,0.005643199583291292,-0.07804054021835327,-0.39503544569015503,-0.005487505426854611,-0.08761179447174072,-0.44804227352142334,-0.015470288308561564,-0.02423882484436035,-0.2388143539428711,0.0023004898463927503,-0.03689706325531006,-0.3314233422279358,-0.004298602311164856,-0.04634451866149902,-0.389127254486084,-0.014622293958664656,-0.05654269456863403,-0.4370247423648834,-0.02282414826214385,0.00678098201751709,-0.2283915877342224,-0.007785533169508696,-0.004245162010192871,-0.308281272649765,-0.014593346590400458,-0.014402508735656738,-0.35810938477516174,-0.02024851235210967,-0.024119138717651367,-0.40399569272994995,-0.02510323243796897,Hello
0.0,0.0,0.0,-0.05970197916030884,-0.02051764726638794,-0.011993808255745364,-0.1000487208366394,-0.09393298625946045,-0.01356041203553815,-0.11735111474990845,-0.16989779472351074,-0.01659423536921878,-0.13481038808822632,-0.22260761260986328,-0.019579008736862136,-0.08112233877182007,-0.21085357666015625,0.00979258534197669,-0.09809482097625732,-0.2935889661312103,0.001798403632612633,-0.10646897554397583,-0.34450608491897583,-0.009629810744179679,-0.11254686117172241,-0.39253878593444824,-0.019786134877456618,-0.05155658721923828,-0.23519498109817505,0.005572931791441249,-0.06906867027282715,-0.33257973194122314,-0.0006906738185605832,-0.08004891872406006,-0.3946262001991272,-0.012126197622372104,-0.09032094478607178,-0.44779253005981445,-0.02228161744142909,-0.022568702697753906,-0.2407025694847107,-0.0025297047600432165,-0.03573119640350342,-0.3334927558898926,-0.0105347526755466,-0.04541748762130737,-0.3904295563697815,-0.021079941236628486,-0.05583316087722778,-0.4378032684326172,-0.029397169643296195,0.008869528770446777,-0.23097950220108032,-0.01276101875419755,-0.0028988122940063477,-0.3112035393714905,-0.02038701488937278,-0.013066411018371582,-0.3598811626434326,-0.026097979911817504,-0.02285158634185791,-0.4035338759422302,-0.031070691117299987,Hello
0.0,0.0,0.0,-0.059227168560028076,-0.018956780433654785,-0.012004460875097323,-0.09963083267211914,-0.09102213382720947,-0.013118725937012243,-0.11731672286987305,-0.16628223657608032,-0.015411115918460894,-0.13555234670639038,-0.21635949611663818,-0.017487629052403975,-0.08195632696151733,-0.20620059967041016,0.010291089568134737,-0.0997762680053711,-0.2880231440067291,0.003140893330645156,-0.10862445831298828,-0.3383249044418335,-0.007614657484147358,-0.11525225639343262,-0.38552945852279663,-0.01723942786097865,-0.052726686000823975,-0.23127979040145874,0.006764185879227114,-0.07038486003875732,-0.32687705755233765,0.001467692813683641,-0.08155596256256104,-0.3878880739212036,-0.009072972197238016,-0.09225654602050781,-0.4396677613258362,-0.018479645919207144,-0.0241316556930542,-0.23759183287620544,-0.0006422813433815122,-0.03791093826293945,-0.32867228984832764,-0.007857554327848959,-0.04840046167373657,-0.3846709728240967,-0.01789354599655013,-0.0595281720161438,-0.43104374408721924,-0.025753394436243582,0.007238507270812988,-0.22913503646850586,-0.010155180204812098,-0.004312872886657715,-0.3081672191619873,-0.01726750351131301,-0.014482676982879639,-0.35688281059265137,-0.02278376809895377,-0.02448904514312744,-0.4010326862335205,-0.027509991746548224,Hello
0.0,0.0,0.0,-0.05904144048690796,-0.01625537872314453,-0.013559521111801587,-0.10110825300216675,-0.08397442102432251,-0.016330930340245686,-0.12083017826080322,-0.15520447492599487,-0.01998663594122263,-0.13904458284378052,-0.20512187480926514,-0.02324831386204096,-0.08560621738433838,-0.20119482278823853,0.006003296532526292,-0.10653215646743774,-0.28030309081077576,-0.0026505714572522265,-0.11686444282531738,-0.3275628983974457,-0.013925525295690022,-0.12472951412200928,-0.37274080514907837,-0.023556434485271893,-0.05651998519897461,-0.22853705286979675,0.002860121260255255,-0.07708948850631714,-0.3225715160369873,-0.003899811470091663,-0.08922421932220459,-0.3813421130180359,-0.014737460698142968,-0.10020828247070312,-0.4319296181201935,-0.024020758393362485,-0.027342498302459717,-0.23697876930236816,-0.004052668280110083,-0.04293745756149292,-0.3261699080467224,-0.012115575309053384,-0.05405610799789429,-0.3802579343318939,-0.02203031902308794,-0.0658298134803772,-0.4256512522697449,-0.029489551606729947,0.00452190637588501,-0.23016119003295898,-0.013148096325949155,-0.007935762405395508,-0.3081130385398865,-0.020504956069544278,-0.018336713314056396,-0.3558855354785919,-0.025704723718718014,-0.02875816822052002,-0.39874863624572754,-0.02991700445409151,Hello
0.0,0.0,0.0,-0.06014806032180786,-0.0029230117797851562,-0.012587298683229164,-0.10714566707611084,-0.0528145432472229,-0.015582165724936203,-0.1326701045036316,-0.11434948444366455,-0.019910892515781597,-0.15637880563735962,-0.15672719478607178,-0.023957507728937344,-0.09958457946777344,-0.18055647611618042,0.008904269852337166,-0.12707263231277466,-0.25403597950935364,0.0018733326137407857,-0.1422863006591797,-0.29687973856925964,-0.00898469802677937,-0.15508240461349487,-0.33761316537857056,-0.018564196347597317,-0.0730750560760498,-0.21364063024520874,0.005233460993167682,-0.10148394107818604,-0.3019818961620331,0.00041839368304863456,-0.11898058652877808,-0.3552358150482178,-0.010593331463041977,-0.134863018989563,-0.4002172350883484,-0.020620111420157627,-0.04468393325805664,-0.22875940799713135,-0.002265520670789556,-0.0679442286491394,-0.31299424171447754,-0.008894754617813305,-0.08380484580993652,-0.36511701345443726,-0.019845763265493588,-0.09892165660858154,-0.4079168140888214,-0.028747800781729893,-0.012496888637542725,-0.22882962226867676,-0.011917588345113472,-0.03047722578048706,-0.3015696406364441,-0.01823755358100243,-0.044780194759368896,-0.3453441560268402,-0.02390186120510407,-0.058391690254211426,-0.3841298222541809,-0.029041023969057278,Hello
0.0,0.0,0.0,-0.05502587556838989,0.024023234844207764,-0.015822421018285127,-0.10367363691329956,0.0033652782440185547,-0.021599407498044343,-0.13227933645248413,-0.043985188007354736,-0.02755826451281962,-0.15036934614181519,-0.08505135774612427,-0.032701331381005616,-0.11441141366958618,-0.116208016872406,0.002942453879612117,-0.14628541469573975,-0.17656737565994263,-0.006260684415948958,-0.1636759638786316,-0.2143118977546692,-0.017638975013298364,-0.17859238386154175,-0.2506331503391266,-0.027219449360174508,-0.09476763010025024,-0.1566639244556427,0.000795633574696808,-0.1314702033996582,-0.22696071863174438,-0.006829601902765603,-0.15361785888671875,-0.2697432041168213,-0.018452779580158563,-0.17256015539169312,-0.30794936418533325,-0.028287983689708085,-0.07158732414245605,-0.18209129571914673,-0.005196334984404416,-0.1039990782737732,-0.25027331709861755,-0.014027900252742143,-0.12558037042617798,-0.29193824529647827,-0.024775478247804017,-0.14326483011245728,-0.32610875368118286,-0.03288879171411452,-0.042377769947052,-0.1966850459575653,-0.013423574347299905,-0.0712432861328125,-0.2546590268611908,-0.021734618772072167,-0.09147429466247559,-0.2884831726551056,-0.028060824800533624,-0.10922473669052124,-0.31928837299346924,-0.033032640073699326,Hello
0.0,0.0,0.0,-0.05186861753463745,0.03237462043762207,-0.018977438665801927,-0.09923768043518066,0.02704310417175293,-0.026606473706538125,-0.13129669427871704,-0.007663249969482422,-0.034045884020502015,-0.14829790592193604,-0.05174154043197632,-0.04023497701423828,-0.11586856842041016,-0.08158862590789795,0.0012601461653911628,-0.15116101503372192,-0.1293453872203827,-0.009003141529733583,-0.17095893621444702,-0.15788787603378296,-0.02101440877454941,-0.18836212158203125,-0.18910416960716248,-0.03140268997090523,-0.10183578729629517,-0.1256384253501892,0.00027542085585530174,-0.14219391345977783,-0.18198028206825256,-0.008327078640336438,-0.1654912233352661,-0.21481505036354065,-0.019796324528629228,-0.18611901998519897,-0.2467571198940277,-0.029801932729656144,-0.08262467384338379,-0.15578675270080566,-0.005011437095577165,-0.11939412355422974,-0.21110397577285767,-0.015106502555186196,-0.14233511686325073,-0.24328914284706116,-0.024929551042491838,-0.1616796851158142,-0.2720153033733368,-0.03262531162040894,-0.05549025535583496,-0.1788499653339386,-0.012913984812671586,-0.0860137939453125,-0.22322580218315125,-0.021962940327698632,-0.10733461380004883,-0.2499161660671234,-0.028074230633551522,-0.1272333860397339,-0.27513471245765686,-0.033246686316902085,Hello
0.0,0.0,0.0,-0.052280545234680176,0.04032236337661743,-0.01920754859691698,-0.10024583339691162,0.0399898886680603,-0.026806991794167345,-0.13210374116897583,0.0086783766746521,-0.034255173304138964,-0.148512065410614,-0.03424727916717529,-0.04047478015070993,-0.11921393871307373,-0.06648892164230347,0.0018613051948861425,-0.15517568588256836,-0.11217772960662842,-0.007984747425673788,-0.1750274896621704,-0.13916319608688354,-0.020018093534766024,-0.1928054392337799,-0.16845020651817322,-0.030560029917417353,-0.10577630996704102,-0.1110895574092865,0.001093405168482775,-0.14713668823242188,-0.16497287154197693,-0.006987245068906134,-0.1703454852104187,-0.1956733763217926,-0.018562671043930834,-0.19112935662269592,-0.22608408331871033,-0.029011724763570612,-0.08725154399871826,-0.14240211248397827,-0.004058376201449221,-0.1246679425239563,-0.1957290768623352,-0.01371958876496393,-0.14826011657714844,-0.22552651166915894,-0.023633795105872935,-0.16829991340637207,-0.25157544016838074,-0.03169697920328218,-0.06016463041305542,-0.16798576712608337,-0.011873875991462057,-0.09060889482498169,-0.2104998230934143,-0.020418241866885012,-0.11222559213638306,-0.23520025610923767,-0.026353838169036692,-0.13252651691436768,-0.25821998715400696,-0.03172238940840799,Hello
0.0,0.0,0.0,-0.05202418565750122,0.041206300258636475,-0.01871843719737143,-0.09964638948440552,0.04170799255371094,-0.026207138689919418,-0.13117414712905884,0.0107688307762146,-0.03365317257003397,-0.14774125814437866,-0.03262805938720703,-0.03990666838245005,-0.11890846490859985,-0.06524097919464111,0.002226917167440945,-0.15482664108276367,-0.11080673336982727,-0.007493559176786846,-0.17446812987327576,-0.1377314329147339,-0.019450020882054275,-0.19226548075675964,-0.16720017790794373,-0.03000240484134764,-0.10574859380722046,-0.10983633995056152,0.0011681924585857928,-0.14742350578308105,-0.16295388340950012,-0.0067552005860349595,-0.17049488425254822,-0.19309833645820618,-0.018234106617732948,-0.19136494398117065,-0.22331750392913818,-0.028701764437123245,-0.08744770288467407,-0.1411488652229309,-0.004228190890266603,-0.1253070831298828,-0.19380438327789307,-0.013710116873248523,-0.14872139692306519,-0.2226688265800476,-0.023303621354266113,-0.1687721312046051,-0.24814188480377197,-0.031247894185348457,-0.06035256385803223,-0.16695880889892578,-0.01227265214429707,-0.09110754728317261,-0.20873355865478516,-0.02071116203324408,-0.1125953197479248,-0.23274797201156616,-0.02643822217242331,-0.13288921117782593,-0.25508639216423035,-0.031717213707729286,Hello
0.0,0.0,0.0,-0.04736673831939697,0.01835775375366211,-0.0034452650121181705,-0.08581662178039551,-0.017292320728302002,-0.00043048058941508316,-0.10771715641021729,-0.06067085266113281,0.0004632483927764497,-0.12788087129592896,-0.0784226655960083,0.0016156233490676186,-0.09292149543762207,-0.12154480814933777,0.017279259498906185,-0.1221727728843689,-0.17752528190612793,0.013677848141384175,-0.14173954725265503,-0.20987233519554138,0.005772793769580176,-0.1594662070274353,-0.2385925054550171,-0.0013700116083725788,-0.08128541707992554,-0.15086904168128967,0.011535940330219319,-0.11683017015457153,-0.21627452969551086,0.008963977556419422,-0.14044731855392456,-0.25547200441360474,0.0003757474645738057,-0.1607688069343567,-0.29059943556785583,-0.007020858478057335,-0.06551939249038696,-0.17030084133148193,0.002902540249493768,-0.09860551357269287,-0.2354305386543274,-0.0015589709051653244,-0.12157052755355835,-0.27338069677352905,-0.010027366120624492,-0.1403016448020935,-0.30566924810409546,-0.016497955087828586,-0.043094098567962646,-0.18295735120773315,-0.007106974616903017,-0.07394647598266602,-0.23675912618637085,-0.011412798788654754,-0.09548705816268921,-0.26580047607421875,-0.01523435990165467,-0.11405235528945923,-0.29244035482406616,-0.018526289973664234,Hello
0.0,0.0,0.0,-0.04858464002609253,0.009209036827087402,0.007598836568170952,-0.08523458242416382,-0.03737640380859375,0.016311109659248757,-0.10493874549865723,-0.07895410060882568,0.020793177780682015,-0.1245153546333313,-0.09550720453262329,0.025279777717763352,-0.09117269515991211,-0.14220961928367615,0.03008578963297026,-0.118838369846344,-0.19980528950691223,0.030144218948656487,-0.13819670677185059,-0.23388558626174927,0.024930636060410905,-0.15513259172439575,-0.2629634439945221,0.01945751219707148,-0.07832205295562744,-0.16635745763778687,0.018506680277162957,-0.11381405591964722,-0.23250722885131836,0.01792633220272677,-0.137958824634552,-0.2759825587272644,0.011166548018330502,-0.15740925073623657,-0.31367117166519165,0.005509267223054337,-0.06237137317657471,-0.17884927988052368,0.004451172088259625,-0.0949745774269104,-0.2475777566432953,0.0008527826978692588,-0.11905562877655029,-0.2891365885734558,-0.006146776362335515,-0.1374625563621521,-0.3240167200565338,-0.011390739458626342,-0.04111182689666748,-0.18485474586486816,-0.010164914059465957,-0.07082962989807129,-0.24332845211029053,-0.01528017442954166,-0.09276962280273438,-0.2754216492176056,-0.019104722294038368,-0.1108202338218689,-0.30512750148773193,-0.02200388290268762,Hello
0.0,0.0,0.0,-0.048486292362213135,0.006614565849304199,0.0037304740868222552,-0.08554625511169434,-0.0377543568611145,0.009552850202069862,-0.10589313507080078,-0.07995951175689697,0.011832913197920902,-0.12732452154159546,-0.09671199321746826,0.01409713998471318,-0.0916980504989624,-0.14242637157440186,0.023207705282018765,-0.12097084522247314,-0.20049947500228882,0.020274193771527393,-0.14147478342056274,-0.23451745510101318,0.013151829876349552,-0.15914294123649597,-0.2634543180465698,0.006576325558469875,-0.08037430047988892,-0.16739314794540405,0.013371858559892758,-0.11721181869506836,-0.2363361418247223,0.009765627608047112,-0.14154797792434692,-0.27940404415130615,0.0012742839058574873,-0.16135311126708984,-0.3187497854232788,-0.005461679957463161,-0.06484657526016235,-0.18280303478240967,0.0011826419973459679,-0.0988275408744812,-0.2525075078010559,-0.0045480972152489585,-0.12244749069213867,-0.2940434217453003,-0.012573953903867618,-0.1408819556236267,-0.32982707023620605,-0.018191635794593708,-0.043187737464904785,-0.19125154614448547,-0.011729419417335407,-0.07323259115219116,-0.25005123019218445,-0.017094614170147793,-0.09483474493026733,-0.28184545040130615,-0.020580878667189495,-0.11228060722351074,-0.3103600740432739,-0.023239368758751766,Hello
0.0,0.0,0.0,-0.05039316415786743,0.004606783390045166,0.017724684578070082,-0.08489513397216797,-0.03925138711929321,0.03128148908604089,-0.10501325130462646,-0.07720381021499634,0.03869523401249353,-0.1271398663520813,-0.09160900115966797,0.04574300269473497,-0.09201294183731079,-0.14071840047836304,0.042399644058832564,-0.11968666315078735,-0.19438579678535461,0.04526325235951845,-0.14033567905426025,-0.22661417722702026,0.040972194772848525,-0.15844303369522095,-0.2533711791038513,0.035678240609058776,-0.08049905300140381,-0.16289472579956055,0.026312838446983733,-0.11815541982650757,-0.2261766791343689,0.026951664265880027,-0.1432514190673828,-0.2668214440345764,0.0198864276974291,-0.16394901275634766,-0.30285125970840454,0.013820945423731246,-0.0660296082496643,-0.17541787028312683,0.008405187305697837,-0.10135239362716675,-0.24155744910240173,0.005199836239853539,-0.1266789436340332,-0.2807850241661072,-0.0010743879026904324,-0.14627820253372192,-0.3148968815803528,-0.005836693897208534,-0.045648396015167236,-0.1823558211326599,-0.009204179841390214,-0.0774725079536438,-0.2396984100341797,-0.013615367795637212,-0.10030907392501831,-0.26939553022384644,-0.016253250512590967,-0.1188010573387146,-0.2980342209339142,-0.01848262441467341,Hello
0.0,0.0,0.0,-0.050018489360809326,0.00814831256866455,0.010712008051157795,-0.08669352531433105,-0.03182029724121094,0.020764069690883957,-0.10798358917236328,-0.06954240798950195,0.02587994939047178,-0.12978488206863403,-0.08479315042495728,0.030639736041010224,-0.09501343965530396,-0.13480836153030396,0.033448271512568795,-0.1241457462310791,-0.18992480635643005,0.034277547210038506,-0.1443237066268921,-0.22345679998397827,0.028915224656046234,-0.1615813970565796,-0.25369396805763245,0.02296660473901113,-0.08453482389450073,-0.15800487995147705,0.020691420942128502,-0.1214722990989685,-0.2206830382347107,0.020430900215686165,-0.14618998765945435,-0.2613569498062134,0.012842749304653012,-0.16601857542991638,-0.2981037497520447,0.006231503154666029,-0.07009673118591309,-0.17209044098854065,0.005760826695293986,-0.10481584072113037,-0.23752212524414062,0.0023163522719897855,-0.1289244294166565,-0.2760660946369171,-0.004999049880026973,-0.14776980876922607,-0.30999451875686646,-0.010693550981997646,-0.04960733652114868,-0.1810825765132904,-0.00942894903612057,-0.08003979921340942,-0.23857223987579346,-0.014003787130533851,-0.1011962890625,-0.26793280243873596,-0.017230277821838058,-0.11872720718383789,-0.29646986722946167,-0.020021280214606918,Hello
0.0,0.0,0.0,-0.047163426876068115,0.009124040603637695,0.0049018144513439665,-0.08450847864151001,-0.03227955102920532,0.011945631066240026,-0.10587179660797119,-0.06965023279190063,0.015083590233601285,-0.12741857767105103,-0.08550155162811279,0.018074038149691773,-0.09179621934890747,-0.13523954153060913,0.025491720707989884,-0.12068486213684082,-0.1894763708114624,0.02337317791757698,-0.14140331745147705,-0.2235206961631775,0.01673200045702572,-0.1591595709323883,-0.25326967239379883,0.01022106380192156,-0.0822938084602356,-0.15874487161636353,0.015236508743740274,-0.11856335401535034,-0.21917065978050232,0.011702923746682359,-0.14361298084259033,-0.259371280670166,0.003213214399195863,-0.1640755534172058,-0.29660359025001526,-0.003310330268092798,-0.0679929256439209,-0.17324477434158325,0.0026070537882816325,-0.10271155834197998,-0.2364765703678131,-0.0036448187288868894,-0.12691843509674072,-0.2740594148635864,-0.011281066862963485,-0.14640462398529053,-0.3077283203601837,-0.016222688658260154,-0.0472184419631958,-0.18156209588050842,-0.010648303954027938,-0.07809066772460938,-0.23833277821540833,-0.016834243489526557,-0.09981578588485718,-0.2676481604576111,-0.020137048615239905,-0.1177179217338562,-0.2954246997833252,-0.022319275243305015,Hello
0.0,0.0,0.0,-0.050316452980041504,0.0070528388023376465,0.012645224100594987,-0.08724790811538696,-0.03462016582489014,0.02405707164729165,-0.10880076885223389,-0.07216554880142212,0.029940007245784273,-0.1302817463874817,-0.08677184581756592,0.03544550760710763,-0.09573888778686523,-0.13705039024353027,0.03806750102961587,-0.12438911199569702,-0.19035720825195312,0.04059552027905511,-0.144772469997406,-0.2242625653743744,0.03618545456851052,-0.16230526566505432,-0.25427237153053284,0.03058809599900769,-0.0852898359298706,-0.16063383221626282,0.024227982378249635,-0.12161833047866821,-0.22095060348510742,0.025007095179205407,-0.14663934707641602,-0.26090341806411743,0.0178243443282895,-0.16736048460006714,-0.29724565148353577,0.011506103901808729,-0.07078588008880615,-0.17466402053833008,0.00814909580225276,-0.10524976253509521,-0.23726677894592285,0.005037163841222991,-0.12992006540298462,-0.2749708890914917,-0.0019944286992199523,-0.14994430541992188,-0.30841541290283203,-0.007444752854610215,-0.050421833992004395,-0.1831020712852478,-0.008101856344694625,-0.08117270469665527,-0.2392723560333252,-0.012738765226060877,-0.10270661115646362,-0.2686520218849182,-0.0159469917503543,-0.12080812454223633,-0.2974620759487152,-0.01868703775977565,Hello
0.0,0.0,0.0,-0.04943084716796875,0.003491342067718506,0.02326568733701606,-0.08348965644836426,-0.043905794620513916,0.039578752180432275,-0.10320460796356201,-0.07662183046340942,0.04831682663211723,-0.12564659118652344,-0.09146988391876221,0.05604789551148315,-0.09226471185684204,-0.14741456508636475,0.04844372864613433,-0.12138140201568604,-0.20021283626556396,0.054447015335654214,-0.14213114976882935,-0.23238122463226318,0.052616731783245996,-0.16055765748023987,-0.26098501682281494,0.048635815789793924,-0.08153510093688965,-0.16826128959655762,0.02925677183816333,-0.1182907223701477,-0.22586774826049805,0.032429379930590585,-0.14511072635650635,-0.2649839520454407,0.027133760562037423,-0.16766124963760376,-0.2971971035003662,0.022133554851507142,-0.06834888458251953,-0.17762693762779236,0.008432211873923734,-0.10373497009277344,-0.2392072081565857,0.006858080679421619,-0.13020676374435425,-0.276320219039917,0.0012373189049412758,-0.15235307812690735,-0.30767542123794556,-0.003310755539814636,-0.05207955837249756,-0.18003293871879578,-0.01173998456647496,-0.08290499448776245,-0.23783501982688904,-0.015887365156913802,-0.10539042949676514,-0.26849785447120667,-0.01871917996754746,-0.12482941150665283,-0.2969019114971161,-0.021259641686583564,Hello
0.0,0.0,0.0,-0.047943055629730225,0.002650618553161621,0.015181969636884673,-0.08182644844055176,-0.04599493741989136,0.027128713922408565,-0.10191088914871216,-0.08489751815795898,0.03363725055923794,-0.12533330917358398,-0.09977519512176514,0.039956512646583064,-0.08839315176010132,-0.15136444568634033,0.03587968160381649,-0.11718356609344482,-0.20620295405387878,0.0369017634259734,-0.1383877396583557,-0.23683804273605347,0.032855360554364665,-0.15638965368270874,-0.26236197352409363,0.028447120236066326,-0.07515639066696167,-0.17420744895935059,0.021227289708164676,-0.11067420244216919,-0.23798257112503052,0.02094177414646481,-0.13705980777740479,-0.2789405882358551,0.01609768603911732,-0.15867206454277039,-0.3122861087322235,0.012254780875352367,-0.05960172414779663,-0.18412330746650696,0.004650653125551685,-0.09041392803192139,-0.252923846244812,0.0007172145017619869,-0.1164708137512207,-0.2918817400932312,-0.003941967366429822,-0.13727843761444092,-0.3224142789840698,-0.006850625602695004,-0.04049944877624512,-0.18598014116287231,-0.011768128937276856,-0.0661170482635498,-0.24801409244537354,-0.017656342340799824,-0.08845454454421997,-0.27980437874794006,-0.020551202101799504,-0.10768574476242065,-0.30562540888786316,-0.022087694360109822,Hello
0.0,0.0,0.0,-0.05738550424575806,-0.002298414707183838,-0.005061329084028898,-0.10041427612304688,-0.055920958518981934,-0.004209946582605539,-0.12402063608169556,-0.10843127965927124,-0.00635057708485931,-0.146040141582489,-0.14072394371032715,-0.008920836935331522,-0.09581482410430908,-0.17410123348236084,0.016048331072042288,-0.12427884340286255,-0.2413623034954071,0.00910784236849338,-0.14244478940963745,-0.2767651081085205,-0.0024958126922598467,-0.1601678729057312,-0.3095238506793976,-0.012514023783197104,-0.07553887367248535,-0.20357778668403625,0.008037661460647882,-0.1072419285774231,-0.28253117203712463,0.0023450374393263473,-0.13071787357330322,-0.330901175737381,-0.01077030573277682,-0.15282154083251953,-0.373868852853775,-0.02219596479325503,-0.052736878395080566,-0.21652686595916748,-0.003375681790103613,-0.08005517721176147,-0.2938915193080902,-0.01125722725181788,-0.10246211290359497,-0.3407433032989502,-0.024297816420485674,-0.12292557954788208,-0.3785567283630371,-0.03446624029665202,-0.025493144989013672,-0.217258483171463,-0.016316987315704523,-0.04741847515106201,-0.28654688596725464,-0.024129984641959368,-0.0661545991897583,-0.3278365731239319,-0.031488869080831705,-0.08392053842544556,-0.3643733263015747,-0.03785733852772921,Hello
0.0,0.0,0.0,-0.059819698333740234,0.0034787654876708984,-0.015049072338300107,-0.10726147890090942,-0.04098331928253174,-0.021557056700842736,-0.13312989473342896,-0.09948384761810303,-0.028753280064123032,-0.1567457914352417,-0.14031469821929932,-0.03566029051508224,-0.10217881202697754,-0.1683669090270996,-0.0014716340294427255,-0.13171958923339844,-0.2409469187259674,-0.013341103104906438,-0.14915484189987183,-0.28238874673843384,-0.026429023018138764,-0.16458392143249512,-0.32114872336387634,-0.03688873851861274,-0.07611644268035889,-0.20339688658714294,-0.00470375631194031,-0.10723286867141724,-0.28827524185180664,-0.014440611360626576,-0.12811070680618286,-0.3409595489501953,-0.027445595135944245,-0.147086501121521,-0.3867696523666382,-0.03818612674440658,-0.047282516956329346,-0.21979722380638123,-0.011315650662439225,-0.07298076152801514,-0.30123642086982727,-0.02178527170981681,-0.09181809425354004,-0.3517712354660034,-0.03381533676947868,-0.11004477739334106,-0.39378103613853455,-0.042639525031702874,-0.014361321926116943,-0.2226475179195404,-0.01991134638156211,-0.031408071517944336,-0.29476529359817505,-0.02887571545507228,-0.045577287673950195,-0.3402699828147888,-0.03559893870915687,-0.05972260236740112,-0.3808880150318146,-0.04085643718208587,Hello
0.0,0.0,0.0,-0.06184518337249756,-0.005527138710021973,-0.020052694650246394,-0.11202329397201538,-0.05456209182739258,-0.029984944434716,-0.14177948236465454,-0.11626338958740234,-0.03954314154560734,-0.16902881860733032,-0.16014933586120605,-0.04870434937055279,-0.10449981689453125,-0.19781899452209473,-0.008623704248918784,-0.13126879930496216,-0.27729377150535583,-0.021713511021687282,-0.14481806755065918,-0.3263397216796875,-0.03543298405583073,-0.1558992862701416,-0.3731592893600464,-0.04667411458666493,-0.07266569137573242,-0.23326441645622253,-0.011096011781944526,-0.09660708904266357,-0.33321401476860046,-0.020873271794869197,-0.11032503843307495,-0.3938724994659424,-0.03232342836435009,-0.12299561500549316,-0.4449312537908554,-0.04240177658374478,-0.03935974836349487,-0.24346649646759033,-0.01745209556992222,-0.055011868476867676,-0.3374093472957611,-0.028376773865772975,-0.06626266241073608,-0.3950526714324951,-0.03971874800498654,-0.07835054397583008,-0.4436769187450409,-0.04861612332041432,-0.004676699638366699,-0.23653742671012878,-0.02624998141999413,-0.01183009147644043,-0.3177517354488373,-0.035762731851889384,-0.017747938632965088,-0.36916384100914,-0.04250932571466137,-0.024629712104797363,-0.41618892550468445,-0.04818919015104939,Hello
0.0,0.0,0.0,-0.059194326400756836,-0.009745478630065918,-0.023945310372177175,-0.10748344659805298,-0.06331205368041992,-0.0362916656166945,-0.13597136735916138,-0.13092631101608276,-0.047447166624728254,-0.16205036640167236,-0.18340599536895752,-0.057777221533719114,-0.09968811273574829,-0.2110857367515564,-0.013151726904574446,-0.12274175882339478,-0.2961784899234772,-0.027657079729500822,-0.1338605284690857,-0.35175150632858276,-0.04228608984059434,-0.14175057411193848,-0.4049309492111206,-0.054437167230311445,-0.06695634126663208,-0.2444269061088562,-0.014296552385452799,-0.08773070573806763,-0.35035350918769836,-0.025314129176798872,-0.0985756516456604,-0.4157240390777588,-0.03731834817237001,-0.1084628701210022,-0.47284261882305145,-0.047858185353938154,-0.032892823219299316,-0.25079357624053955,-0.019464924219313673,-0.044788479804992676,-0.35061198472976685,-0.031554798814717344,-0.052963197231292725,-0.4129491448402405,-0.042750290814105085,-0.062405526638031006,-0.466656431555748,-0.05164875018900972,0.002760648727416992,-0.23916980624198914,-0.02735263783043962,-0.000507354736328125,-0.3221052885055542,-0.03822236809438806,-0.0035897493362426758,-0.3759263753890991,-0.045324566993180326,-0.008016824722290039,-0.4256179630756378,-0.05117897245592218,Hello
0.0,0.0,0.0,-0.05982857942581177,-0.02000713348388672,-0.024940512239858492,-0.10787445306777954,-0.08388036489486694,-0.03835594756893812,-0.1393948197364807,-0.15330052375793457,-0.05095724491767584,-0.16979843378067017,-0.1982206106185913,-0.06326424060754476,-0.09326571226119995,-0.23607832193374634,-0.0158243338613957,-0.11305689811706543,-0.3277287483215332,-0.031421613976284846,-0.1199846863746643,-0.3839251399040222,-0.04673141716413198,-0.12348967790603638,-0.4361364245414734,-0.05924488706879316,-0.05744856595993042,-0.264021098613739,-0.01684529809646307,-0.07351469993591309,-0.3761926293373108,-0.028265566661879404,-0.08099699020385742,-0.44429391622543335,-0.039910567089840754,-0.08760595321655273,-0.5010047554969788,-0.05028268052630125,-0.021264970302581787,-0.26398956775665283,-0.02199528282873331,-0.030965328216552734,-0.36826950311660767,-0.0338231707959622,-0.036221861839294434,-0.43104296922683716,-0.04467332838468252,-0.04257762432098389,-0.48423320055007935,-0.05348014934353529,0.01469343900680542,-0.2449396252632141,-0.030154514223262652,0.013535261154174805,-0.328906387090683,-0.040170953705832346,0.011913597583770752,-0.38223695755004883,-0.04695966942600904,0.0098496675491333,-0.4307381510734558,-0.052896619871184214,Hello
0.0,0.0,0.0,-0.061841487884521484,-0.023443222045898438,-0.019949770795321342,-0.10944390296936035,-0.09551107883453369,-0.02971043929657924,-0.14025872945785522,-0.1616051197052002,-0.039373259322857734,-0.1728803515434265,-0.1964067816734314,-0.04931966893575179,-0.08374267816543579,-0.2485576868057251,-0.008372063079988834,-0.09788358211517334,-0.3424695134162903,-0.01936013184688079,-0.10283565521240234,-0.39960527420043945,-0.03189058162472236,-0.10671532154083252,-0.45151254534721375,-0.04288349233767974,-0.04733991622924805,-0.26983898878097534,-0.011059521028911945,-0.057750701904296875,-0.37974250316619873,-0.018973545434093353,-0.06328654289245605,-0.44720345735549927,-0.029704225512361404,-0.06886911392211914,-0.502719521522522,-0.03976123340628135,-0.012325823307037354,-0.26556718349456787,-0.01745256342194068,-0.01798480749130249,-0.3713754415512085,-0.02711559020183074,-0.022751688957214355,-0.4340249300003052,-0.038276612090086815,-0.028979718685150146,-0.48643070459365845,-0.047589223163342353,0.022307872772216797,-0.24408161640167236,-0.026364841761207458,0.02226436138153076,-0.3292084038257599,-0.03524584256312835,0.020244896411895752,-0.38339295983314514,-0.041996631102776405,0.01738739013671875,-0.433278888463974,-0.048135484831547615,Hello
0.0,0.0,0.0,-0.05998915433883667,-0.02440124750137329,-0.021534754172570558,-0.11011970043182373,-0.09156668186187744,-0.03282020448208556,-0.14408892393112183,-0.14990520477294922,-0.0441181531405519,-0.17487823963165283,-0.17712002992630005,-0.05567470772624716,-0.08173537254333496,-0.2506154775619507,-0.010915156663067194,-0.09932273626327515,-0.3427428603172302,-0.022698162332780214,-0.10551607608795166,-0.3976357877254486,-0.03572248874665007,-0.10934633016586304,-0.44801607728004456,-0.046820705965764375,-0.044517338275909424,-0.2721760869026184,-0.013529849447913023,-0.055264830589294434,-0.384758859872818,-0.021102816075689645,-0.059600234031677246,-0.4532410502433777,-0.030481519386775346,-0.06352931261062622,-0.5058711469173431,-0.039670149073607774,-0.008305490016937256,-0.2671697735786438,-0.020231256470687242,-0.012433350086212158,-0.37280285358428955,-0.029266197443611475,-0.014811575412750244,-0.4355355501174927,-0.03980602903724417,-0.018315255641937256,-0.4864851236343384,-0.04872162102223143,0.026783466339111328,-0.24409407377243042,-0.02983121594846949,0.03271704912185669,-0.329628050327301,-0.0381241126215528,0.03564643859863281,-0.3847636878490448,-0.04470941259027228,0.03702259063720703,-0.4349302649497986,-0.050821392074830385,Hello
0.0,0.0,0.0,-0.061256349086761475,-0.019043445587158203,-0.023890896349811896,-0.11385291814804077,-0.07852727174758911,-0.03684014326300655,-0.14888763427734375,-0.13168179988861084,-0.048776796668434486,-0.18057376146316528,-0.16058343648910522,-0.060869167208338126,-0.08453470468521118,-0.23924380540847778,-0.015503137953245982,-0.10789978504180908,-0.32421422004699707,-0.027827080920005187,-0.12099426984786987,-0.37878379225730896,-0.04090364521708523,-0.13237661123275757,-0.4279639720916748,-0.05218610411849056,-0.045115888118743896,-0.2651348114013672,-0.017562574356460914,-0.05581289529800415,-0.3710903525352478,-0.026803976505661353,-0.06234097480773926,-0.43893933296203613,-0.03796136251058613,-0.06863558292388916,-0.4926667809486389,-0.048329888492489204,-0.007017791271209717,-0.2601970434188843,-0.023618756442928657,-0.005846261978149414,-0.35817474126815796,-0.03574729955163036,-0.006378829479217529,-0.4239060878753662,-0.05035939684476887,-0.00863105058670044,-0.4798545241355896,-0.06199917814102207,0.028859376907348633,-0.23524343967437744,-0.032144209950828895,0.04519176483154297,-0.31226345896720886,-0.043979606240654334,0.05563169717788696,-0.3664557933807373,-0.05342915898528133,0.06252503395080566,-0.41912007331848145,-0.06141639000144039,Hello
0.0,0.0,0.0,-0.06026583909988403,-0.017818927764892578,-0.024588540859014074,-0.11231720447540283,-0.07775986194610596,-0.037615569970995466,-0.14826548099517822,-0.12834405899047852,-0.04970695703426031,-0.18066656589508057,-0.1507551670074463,-0.06206602483192114,-0.08472150564193726,-0.23999851942062378,-0.01611015825668005,-0.11158144474029541,-0.3216264545917511,-0.026869290239602606,-0.12658542394638062,-0.37258052825927734,-0.03931182502904562,-0.13854098320007324,-0.4206942021846771,-0.05069142087498335,-0.04427152872085571,-0.26931077241897583,-0.017695205948740522,-0.05638396739959717,-0.37427547574043274,-0.024955088935286085,-0.06342959403991699,-0.44189733266830444,-0.0347509446660581,-0.07192260026931763,-0.49489837884902954,-0.044559384427458326,-0.005067706108093262,-0.26404422521591187,-0.023252204723149816,0.0003898143768310547,-0.3605809211730957,-0.034797276101500074,0.0038387179374694824,-0.42628100514411926,-0.049242282948881666,0.004311203956604004,-0.4818311631679535,-0.06078301995196966,0.03141516447067261,-0.23735690116882324,-0.031289524130016844,0.05348914861679077,-0.31089672446250916,-0.04294102891483931,0.06847512722015381,-0.361976683139801,-0.052180113933474104,0.07882750034332275,-0.41227370500564575,-0.060174285165459196,Hello
0.0,0.0,0.0,-0.0624353289604187,-0.015875697135925293,-0.024939769276528523,-0.11454230546951294,-0.07423996925354004,-0.03728844165161149,-0.15129125118255615,-0.12643945217132568,-0.0486165055568506,-0.18563061952590942,-0.1440024971961975,-0.059970624142437146,-0.08783555030822754,-0.2346094846725464,-0.013046114103048012,-0.11403411626815796,-0.3160722851753235,-0.022081964978127644,-0.12883418798446655,-0.3675090968608856,-0.03368013664439218,-0.14064109325408936,-0.4150641858577728,-0.0444954217906286,-0.04821747541427612,-0.2645169496536255,-0.013553854406922028,-0.06146359443664551,-0.3665623664855957,-0.018690639504342244,-0.06834334135055542,-0.43316447734832764,-0.027522255995421574,-0.0760236382484436,-0.48508763313293457,-0.036696876728086636,-0.009004473686218262,-0.26132524013519287,-0.018224853419809506,-0.005916893482208252,-0.3547450602054596,-0.027650916346459553,-0.004980862140655518,-0.41779929399490356,-0.041082288467436,-0.0067841410636901855,-0.47011053562164307,-0.051941550665645764,0.028430640697479248,-0.23775988817214966,-0.02562901503696935,0.048366546630859375,-0.311376690864563,-0.035772583776264355,0.061296701431274414,-0.3620664179325104,-0.044581412666587994,0.07001727819442749,-0.41118788719177246,-0.052173528217821286,Hello
0.0,0.0,0.0,-0.061152517795562744,-0.012801170349121094,-0.020775126573575164,-0.11146259307861328,-0.0723455548286438,-0.030261701253188278,-0.14458823204040527,-0.12911099195480347,-0.03918779669417205,-0.17409229278564453,-0.15674781799316406,-0.04826876176608863,-0.08841288089752197,-0.21996575593948364,-0.009310132172835495,-0.11376124620437622,-0.2997000515460968,-0.02064841454936328,-0.12786322832107544,-0.3497803509235382,-0.03344791783107581,-0.13977265357971191,-0.395311176776886,-0.04418200282467666,-0.05316537618637085,-0.24922877550125122,-0.011141109560561802,-0.06949049234390259,-0.3481937050819397,-0.018249269855154182,-0.07915157079696655,-0.40972208976745605,-0.02762219337834182,-0.08863317966461182,-0.4572104811668396,-0.036380727124345924,-0.017873406410217285,-0.2513006925582886,-0.016928796005380775,-0.021472692489624023,-0.34537845849990845,-0.025872020331156875,-0.025476694107055664,-0.40580832958221436,-0.03669162495149436,-0.03121006488800049,-0.45576196908950806,-0.045443307888639595,0.015694379806518555,-0.2345675230026245,-0.02526000915182891,0.01816868782043457,-0.31419312953948975,-0.03385197399271789,0.018342554569244385,-0.36651474237442017,-0.040136080515516426,0.016688168048858643,-0.4146139323711395,-0.04555492503656211,Hello
0.0,0.0,0.0,-0.06013256311416626,-0.01111215353012085,-0.01949107917675974,-0.11084681749343872,-0.06677055358886719,-0.02905690940747263,-0.14318275451660156,-0.12267482280731201,-0.038517107169127485,-0.1719045639038086,-0.1533108949661255,-0.0481448852522135,-0.08932030200958252,-0.21482235193252563,-0.008050901728665849,-0.11393857002258301,-0.29544419050216675,-0.019365311513638517,-0.1270933747291565,-0.34507641196250916,-0.032344900916314145,-0.1383453607559204,-0.3897637724876404,-0.043244083325362226,-0.056195735931396484,-0.2438194453716278,-0.010442642408406755,-0.07354605197906494,-0.34389394521713257,-0.01756137507686617,-0.0840686559677124,-0.4048613905906677,-0.027368330310082456,-0.09416180849075317,-0.4513867497444153,-0.036532037804818174,-0.022591590881347656,-0.24767085909843445,-0.016661924223399183,-0.031403958797454834,-0.3454604744911194,-0.025034899736738225,-0.03797876834869385,-0.40519383549690247,-0.035551381210780164,-0.045477092266082764,-0.4533088207244873,-0.04428725774118902,0.010693252086639404,-0.23289024829864502,-0.025420992548561117,0.007684469223022461,-0.3139636814594269,-0.033417400817370435,0.003792405128479004,-0.36541593074798584,-0.039421756665205976,-0.00148087739944458,-0.4109634757041931,-0.04474389265010359,Hello
0.0,0.0,0.0,-0.061865806579589844,-0.003203153610229492,-0.0126615613524379,-0.10933679342269897,-0.05851858854293823,-0.014910123293525146,-0.1362183690071106,-0.12192565202713013,-0.01819185165805237,-0.16140508651733398,-0.15566974878311157,-0.021339001116579936,-0.09749013185501099,-0.19677448272705078,0.010834050382250382,-0.12163108587265015,-0.2744220793247223,0.005739209259623124,-0.13409942388534546,-0.3188188076019287,-0.004514860903150009,-0.14453977346420288,-0.36155709624290466,-0.013957306725210117,-0.06889373064041138,-0.2279442846775055,0.007373974676006867,-0.09251636266708374,-0.32215607166290283,0.0050687105569480195,-0.10640352964401245,-0.3798758089542389,-0.005042281915670799,-0.11903226375579834,-0.4284185767173767,-0.014734392036920951,-0.03994858264923096,-0.23820951581001282,-2.5457434098541398e-05,-0.05761688947677612,-0.32656577229499817,-0.004547203407859968,-0.06984114646911621,-0.3823583722114563,-0.015898479131287502,-0.081462562084198,-0.42839813232421875,-0.025484694150513576,-0.008480668067932129,-0.23221158981323242,-0.00965178849292414,-0.024051249027252197,-0.3085539638996124,-0.014169648272222446,-0.03598576784133911,-0.3536447286605835,-0.019769424555128978,-0.04652059078216553,-0.3940622806549072,-0.02526509946329014,Hello
0.0,0.0,0.0,-0.060200273990631104,0.006907463073730469,-0.006288862402374917,-0.10517311096191406,-0.039684295654296875,-0.0032912742689354957,-0.12828058004379272,-0.09670937061309814,-0.002512855070467168,-0.14844506978988647,-0.13445019721984863,-0.0015590357005699218,-0.1048850417137146,-0.15707409381866455,0.02403265602252347,-0.1319994330406189,-0.2271043062210083,0.02299735687038762,-0.1471930742263794,-0.2697230577468872,0.014811139472936219,-0.16004133224487305,-0.31045177578926086,0.006500389811758822,-0.0820685625076294,-0.19178691506385803,0.01843921832105977,-0.11302095651626587,-0.2724798917770386,0.01848167731723649,-0.1327165961265564,-0.3245915472507477,0.007351999555890387,-0.14969569444656372,-0.3696823716163635,-0.0030064718674971402,-0.057662010192871094,-0.2092307209968567,0.009057518013928956,-0.08423995971679688,-0.2864447236061096,0.00586272255814535,-0.10319745540618896,-0.3347446024417877,-0.00581470139958995,-0.11901885271072388,-0.37517833709716797,-0.015534018247212344,-0.02776360511779785,-0.21433231234550476,-0.002086696062992388,-0.05020684003829956,-0.2820417881011963,-0.006049647076810771,-0.06720864772796631,-0.32144081592559814,-0.011642514808858806,-0.08250021934509277,-0.3586302399635315,-0.017021812579418594,Hello
0.0,0.0,0.0,-0.05783963203430176,0.02026057243347168,-0.008853047821093085,-0.10425019264221191,-0.01061546802520752,-0.007977561760116103,-0.12955713272094727,-0.06222081184387207,-0.008697999376225951,-0.15011483430862427,-0.09486150741577148,-0.009059117841887954,-0.11181104183197021,-0.12663325667381287,0.01758904222829294,-0.14234089851379395,-0.18787965178489685,0.014464339506458757,-0.1594563126564026,-0.2267618477344513,0.005765232056957004,-0.1737842559814453,-0.26437535881996155,-0.0024601081063782004,-0.09243625402450562,-0.16604244709014893,0.01352523852570009,-0.12772232294082642,-0.23692059516906738,0.012311464440655229,-0.14943188428878784,-0.28204306960105896,0.0026089672787303897,-0.16728967428207397,-0.3213098645210266,-0.006447250689733508,-0.07012194395065308,-0.18999508023262024,0.0056782791247780295,-0.10095208883285522,-0.25839146971702576,0.002196595803480861,-0.12211549282073975,-0.30077606439590454,-0.007586642369050267,-0.13879883289337158,-0.33515822887420654,-0.015785038206148627,-0.04168003797531128,-0.20318284630775452,-0.004201846397835496,-0.06839227676391602,-0.2612914741039276,-0.00797431237565327,-0.08743530511856079,-0.2943158745765686,-0.012539744112062934,-0.10392236709594727,-0.3241986632347107,-0.01689005430357504,Hello
0.0,0.0,0.0,-0.05238783359527588,0.0349656343460083,-0.012731818588743948,-0.10130155086517334,0.02065718173980713,-0.014938105935524248,-0.1324567198753357,-0.017046332359313965,-0.01811082485533788,-0.14601045846939087,-0.050333380699157715,-0.02057359750784471,-0.11569738388061523,-0.08971256017684937,0.01101232775085137,-0.14936840534210205,-0.1404649317264557,0.005270288219382024,-0.16899976134300232,-0.17100340127944946,-0.004327429099301838,-0.1860397756099701,-0.20204266905784607,-0.013448398666749739,-0.10110539197921753,-0.13367506861686707,0.007912917887498594,-0.1411920189857483,-0.19290462136268616,0.0035464760248409277,-0.16468298435211182,-0.22808077931404114,-0.00625886080257132,-0.18493378162384033,-0.2601985037326813,-0.01537718075729444,-0.0817795991897583,-0.1632624864578247,0.0007900426380196279,-0.11842590570449829,-0.22094577550888062,-0.006277206460307383,-0.1426849365234375,-0.25505542755126953,-0.01611068855441644,-0.16275161504745483,-0.2836378216743469,-0.02415945950366094,-0.05473041534423828,-0.18479150533676147,-0.008528253170023703,-0.08505290746688843,-0.23236101865768433,-0.01553520477778747,-0.10666000843048096,-0.25992077589035034,-0.021326877283225798,-0.1267709732055664,-0.2851198613643646,-0.02660447555996015,Hello
0.0,0.0,0.0,-0.049278855323791504,0.04664468765258789,-0.013394447995317194,-0.09694325923919678,0.04478710889816284,-0.01704619081873915,-0.12857270240783691,0.013839483261108398,-0.02152696626443884,-0.14559602737426758,-0.01610565185546875,-0.025302825516057226,-0.11743974685668945,-0.06282627582550049,0.007296321427482155,-0.15363174676895142,-0.10848382115364075,8.629466311305123e-05,-0.17455601692199707,-0.1342545449733734,-0.010083102641594621,-0.1933150291442871,-0.16106152534484863,-0.019371738677811834,-0.10511577129364014,-0.10770085453987122,0.004194545539128569,-0.1487921178340912,-0.15949097275733948,-0.0023041025474341836,-0.17373502254486084,-0.18906614184379578,-0.013064511140775892,-0.19550862908363342,-0.21731474995613098,-0.022592261454057905,-0.08774775266647339,-0.1404241919517517,-0.0026723570394935336,-0.12760645151138306,-0.19020134210586548,-0.011152968762409898,-0.15292012691497803,-0.21811994910240173,-0.020900588503074857,-0.17391398549079895,-0.24199798703193665,-0.028573591282558652,-0.061853110790252686,-0.16775837540626526,-0.011670982485604497,-0.09540587663650513,-0.20835739374160767,-0.019144484793734762,-0.11895167827606201,-0.23104888200759888,-0.024399487322163793,-0.14045041799545288,-0.25149819254875183,-0.029118806144190046,Hello
0.0,0.0,0.0,-0.04801970720291138,0.05203855037689209,-0.014035654750699678,-0.09498566389083862,0.05225539207458496,-0.01803448100858418,-0.12577766180038452,0.019542574882507324,-0.023185592641169706,-0.14466533064842224,-0.000530540943145752,-0.02806263280385224,-0.11765813827514648,-0.050837546586990356,0.005436244855587802,-0.15600821375846863,-0.0898510217666626,-0.0025708664050796415,-0.17727556824684143,-0.11384555697441101,-0.013316541475290933,-0.1961355209350586,-0.13981220126152039,-0.02298828077786652,-0.10745120048522949,-0.09460762143135071,0.0027089288616082285,-0.15247780084609985,-0.1415540874004364,-0.004664495618129649,-0.17890164256095886,-0.16887137293815613,-0.015682971601421514,-0.2010340392589569,-0.19521012902259827,-0.025329016645486035,-0.09148025512695312,-0.12931355834007263,-0.003711248545954504,-0.13466018438339233,-0.17530423402786255,-0.013239870344335714,-0.161174476146698,-0.19993257522583008,-0.023191912596161046,-0.18274903297424316,-0.2205183207988739,-0.030603878696496167,-0.0668744444847107,-0.16009929776191711,-0.012346841891343274,-0.103706955909729,-0.1979968547821045,-0.020789862175519147,-0.12828844785690308,-0.21772879362106323,-0.026226120566064992,-0.1503709852695465,-0.23498767614364624,-0.0308048320310661,Hello
0.0,0.0,0.0,-0.04842251539230347,0.04651534557342529,-0.012041301765890466,-0.09618204832077026,0.04610633850097656,-0.015709510372431623,-0.12760376930236816,0.01620793342590332,-0.021068012641222822,-0.1469782292842865,-0.010120809078216553,-0.026167899669559347,-0.11715155839920044,-0.058958202600479126,0.007258679884074581,-0.1546279489994049,-0.09758475422859192,-0.0009230528459340803,-0.17661798000335693,-0.1204412579536438,-0.011866165624411451,-0.19620102643966675,-0.1465170979499817,-0.021822247953565466,-0.10691183805465698,-0.10178330540657043,0.002830979114918364,-0.1515912115573883,-0.14778581261634827,-0.004769969565273868,-0.17825263738632202,-0.17470887303352356,-0.016048275233657705,-0.20117929577827454,-0.20192265510559082,-0.025956698061378347,-0.09051841497421265,-0.13589373230934143,-0.00522096485033785,-0.13357555866241455,-0.18328970670700073,-0.01501973655209099,-0.1595051884651184,-0.20832881331443787,-0.024591962174923765,-0.1811361312866211,-0.23032629489898682,-0.03185315087571894,-0.06575864553451538,-0.1658024787902832,-0.015349549540729868,-0.10211706161499023,-0.20469319820404053,-0.02430283308163439,-0.12627941370010376,-0.22456467151641846,-0.02947584942117487,-0.1482042670249939,-0.24159017205238342,-0.03381101817026888,Hello
0.0,0.0,0.0,-0.05487024784088135,-0.009242117404937744,0.03894727481106486,-0.08713221549987793,-0.052998125553131104,0.06260026795366969,-0.10765832662582397,-0.08417278528213501,0.07470474196175303,-0.13020002841949463,-0.0996355414390564,0.0850045065353271,-0.09843790531158447,-0.14852774143218994,0.07097630751827921,-0.12978535890579224,-0.19601717591285706,0.08425306332806315,-0.15277940034866333,-0.2301141321659088,0.0873572508762237,-0.17247998714447021,-0.25950348377227783,0.0851638595531341,-0.08783650398254395,-0.16676706075668335,0.042582096434628625,-0.12779778242111206,-0.2238338589668274,0.05035701943138804,-0.15645131468772888,-0.2607277035713196,0.04706245837310519,-0.18041017651557922,-0.29008811712265015,0.04211222929457392,-0.07592141628265381,-0.17468047142028809,0.012798227272426743,-0.11578279733657837,-0.2322646975517273,0.012358100987469811,-0.14533096551895142,-0.2635602355003357,0.006894852403050322,-0.17004597187042236,-0.29072603583335876,0.0013458298244160005,-0.06232517957687378,-0.1759248971939087,-0.015331190176809173,-0.09993481636047363,-0.2273377776145935,-0.021210171379649978,-0.12632644176483154,-0.25043565034866333,-0.02601245055397783,-0.1484047770500183,-0.27264583110809326,-0.030945194982493263,Hello
0.0,0.0,0.0,-0.051193296909332275,-0.005803823471069336,0.031640228116160074,-0.08271008729934692,-0.05202764272689819,0.05171301239097659,-0.10223919153213501,-0.08350163698196411,0.06152455904448573,-0.12378859519958496,-0.10082101821899414,0.06971137621367518,-0.09576332569122314,-0.14728403091430664,0.06349511095250193,-0.12445765733718872,-0.19617843627929688,0.07408835389578883,-0.1468406319618225,-0.2299399971961975,0.07458597817385737,-0.16694563627243042,-0.25947919487953186,0.07084954925740305,-0.08653312921524048,-0.16648048162460327,0.03891234123075549,-0.12273430824279785,-0.22142860293388367,0.045099687063341776,-0.1512712836265564,-0.257927805185318,0.03953230776751582,-0.17584198713302612,-0.28612184524536133,0.033063389593010584,-0.07504808902740479,-0.17501747608184814,0.012748855398243109,-0.11128944158554077,-0.2308768332004547,0.012194247217124143,-0.13997292518615723,-0.2627508044242859,0.0057396932963484915,-0.16458964347839355,-0.2894006371498108,-0.0004871295830497502,-0.06164497137069702,-0.175979882478714,-0.012366062729412874,-0.09647262096405029,-0.2253643274307251,-0.017050916096920332,-0.12241858243942261,-0.24838948249816895,-0.021055344260091147,-0.1446622610092163,-0.269478976726532,-0.02536899386977609,Hello
0.0,0.0,0.0,-0.051427483558654785,-0.003551006317138672,0.028783563415601066,-0.0844983458518982,-0.051048874855041504,0.048050913850858024,-0.10480713844299316,-0.08258867263793945,0.05766664061982851,-0.12709403038024902,-0.1007610559463501,0.06610399473746043,-0.09771454334259033,-0.14835384488105774,0.060194700847461036,-0.1278579831123352,-0.19549605250358582,0.07024168957312327,-0.151042640209198,-0.22972425818443298,0.07175769646008234,-0.1706324815750122,-0.25953683257102966,0.06901147950728159,-0.08827328681945801,-0.16778793931007385,0.036789849291636756,-0.12548476457595825,-0.22136619687080383,0.04239847872693758,-0.15394872426986694,-0.25722184777259827,0.038714956383302024,-0.17769116163253784,-0.2843388617038727,0.03429885197718363,-0.07587707042694092,-0.1754218339920044,0.011477545726194194,-0.11368328332901001,-0.23035383224487305,0.009260363767936042,-0.14301186800003052,-0.26103276014328003,0.003990140169008782,-0.167305588722229,-0.2860957384109497,-0.0003707354405548813,-0.061830997467041016,-0.17334100604057312,-0.012990318347618768,-0.09835845232009888,-0.22330132126808167,-0.019667275358841607,-0.12505662441253662,-0.24629592895507812,-0.023993007947609613,-0.14723777770996094,-0.26630160212516785,-0.027681542669341752,Hello
0.0,0.0,0.0,-0.05349588394165039,-0.0010764002799987793,0.030307009070504876,-0.08651971817016602,-0.04753392934799194,0.05022690370618221,-0.106747567653656,-0.07781004905700684,0.06034462079345104,-0.12956100702285767,-0.0968402624130249,0.0691543586546075,-0.09769845008850098,-0.14615792036056519,0.06176633313237545,-0.12726855278015137,-0.19666579365730286,0.07237212285338757,-0.1502286195755005,-0.23020702600479126,0.0734525166445863,-0.17059504985809326,-0.2587685286998749,0.07033138647614834,-0.08766454458236694,-0.16578024625778198,0.03781366646229145,-0.1252571940422058,-0.22156047821044922,0.04472564086257336,-0.15452075004577637,-0.25670820474624634,0.040178164094079705,-0.17854195833206177,-0.28239357471466064,0.03456097394167301,-0.07560431957244873,-0.17426028847694397,0.012067931889880867,-0.11356866359710693,-0.23190218210220337,0.01178661752431509,-0.14365768432617188,-0.262795627117157,0.0052559358993065075,-0.16809198260307312,-0.28752708435058594,-0.0010046603164184376,-0.06194126605987549,-0.17444637417793274,-0.012711110339175491,-0.09785789251327515,-0.22478315234184265,-0.018286446855078964,-0.12435978651046753,-0.24737119674682617,-0.023310576379905967,-0.146684467792511,-0.2677227258682251,-0.02815210893810871,Hello
0.0,0.0,0.0,-0.050555408000946045,-0.0001850128173828125,0.02663433175115415,-0.08341503143310547,-0.04678827524185181,0.043692486319230284,-0.10359936952590942,-0.078122079372406,0.051474345806525434,-0.1262521743774414,-0.0962945818901062,0.05779224443762132,-0.09462660551071167,-0.14468702673912048,0.05560553256003686,-0.12289959192276001,-0.19456496834754944,0.06434021699755021,-0.14441823959350586,-0.22832730412483215,0.06449758071033784,-0.1634204387664795,-0.2573307156562805,0.060968505177186216,-0.08494687080383301,-0.1650036871433258,0.033074425491975035,-0.12069213390350342,-0.21978864073753357,0.03772599059669801,-0.14857864379882812,-0.25634849071502686,0.03266429710714647,-0.17179429531097412,-0.2854163944721222,0.02713923152117559,-0.07227623462677002,-0.1734946370124817,0.00877043228177854,-0.10806119441986084,-0.23047995567321777,0.006835349328355278,-0.13631993532180786,-0.2637198269367218,0.0005510665527594938,-0.15974918007850647,-0.2913409173488617,-0.0048985225562887535,-0.05731606483459473,-0.17294472455978394,-0.014792288694991385,-0.09134787321090698,-0.22587093710899353,-0.020117133897258554,-0.11684596538543701,-0.2513585686683655,-0.023981357034756456,-0.13856768608093262,-0.2734251022338867,-0.027708649676753794,Hello
0.0,0.0,0.0,-0.05376005172729492,0.012594223022460938,-0.0084335003314564,-0.09851241111755371,-0.02481144666671753,-0.009388963718528487,-0.12246578931808472,-0.06904405355453491,-0.012094273258561827,-0.14266645908355713,-0.09297734498977661,-0.014986421008224227,-0.09932446479797363,-0.14084434509277344,0.008284239071791433,-0.12814778089523315,-0.19940784573554993,0.0015019132722144946,-0.14561325311660767,-0.23311841487884521,-0.008258727405781485,-0.1622314453125,-0.2643710970878601,-0.016705508370513655,-0.08046144247055054,-0.17512765526771545,0.0030612661236872896,-0.11356651782989502,-0.24509721994400024,-0.003135755219126679,-0.13610106706619263,-0.28819042444229126,-0.014146231141502597,-0.15605008602142334,-0.32535475492477417,-0.023447210927123763,-0.0580173134803772,-0.1947384774684906,-0.005206295781398751,-0.08772909641265869,-0.2644372582435608,-0.013306347679908015,-0.10937386751174927,-0.3063168525695801,-0.024498288546318747,-0.1280948519706726,-0.3399941325187683,-0.03279245181810353,-0.030898094177246094,-0.20368754863739014,-0.015056787085349299,-0.05275982618331909,-0.2672564387321472,-0.022539815892095305,-0.07028651237487793,-0.30634331703186035,-0.0289596570922086,-0.08669483661651611,-0.3405555188655853,-0.034191745360011794,Hello
0.0,0.0,0.0,-0.05982410907745361,0.01516568660736084,-0.01621944418617005,-0.10916781425476074,-0.015467166900634766,-0.021837329105217407,-0.136477530002594,-0.06198173761367798,-0.026895168781955192,-0.1580737829208374,-0.09548211097717285,-0.03156649468906636,-0.10752600431442261,-0.14614534378051758,-0.0028603291928064323,-0.1385173797607422,-0.21031445264816284,-0.010844111055810401,-0.1558452844619751,-0.25229671597480774,-0.02070066294141526,-0.17087846994400024,-0.2907530665397644,-0.029242157549340675,-0.08017802238464355,-0.18779680132865906,-0.00467019629173393,-0.10838139057159424,-0.2708839774131775,-0.01048652416535134,-0.12649691104888916,-0.3220387101173401,-0.02053645028241391,-0.14212363958358765,-0.3632069230079651,-0.029598395884711692,-0.05074715614318848,-0.2070300281047821,-0.00986093989082093,-0.07078111171722412,-0.28755390644073486,-0.018136784047563026,-0.08840727806091309,-0.33786433935165405,-0.03012582621045823,-0.10382950305938721,-0.37748637795448303,-0.03945895059474225,-0.01778179407119751,-0.21147623658180237,-0.016929106400091598,-0.028188884258270264,-0.28363317251205444,-0.024771967516024063,-0.037435710430145264,-0.32991111278533936,-0.03177043570645566,-0.04705345630645752,-0.370735228061676,-0.03758477567203755,Hello
0.0,0.0,0.0,-0.06123143434524536,-0.001016855239868164,-0.023191477470362543,-0.1123049259185791,-0.039974093437194824,-0.03468563158091342,-0.14473086595535278,-0.09074348211288452,-0.04482616979655063,-0.17063093185424805,-0.1316249966621399,-0.054129855074251054,-0.10565555095672607,-0.18595385551452637,-0.01235536795135772,-0.13477683067321777,-0.2602388262748718,-0.02526578243848121,-0.14975076913833618,-0.30971428751945496,-0.03814226884421146,-0.16119158267974854,-0.35445863008499146,-0.04840252298888004,-0.07312577962875366,-0.22345012426376343,-0.012573997788393854,-0.09674865007400513,-0.3186385929584503,-0.020342237614357828,-0.10943907499313354,-0.3761703372001648,-0.02894818533238208,-0.1201055645942688,-0.42184117436408997,-0.0368551028149966,-0.03831338882446289,-0.23450380563735962,-0.016989372037613748,-0.05347186326980591,-0.32364144921302795,-0.02619208704706466,-0.06348508596420288,-0.378563791513443,-0.03536314640220439,-0.07277178764343262,-0.4252208173274994,-0.04276565585311687,-0.002469778060913086,-0.2277291715145111,-0.024181229360664247,-0.005198657512664795,-0.30435338616371155,-0.032526118047798036,-0.007746875286102295,-0.3528549075126648,-0.03804880503591335,-0.010702788829803467,-0.3982309401035309,-0.04267792899187839,Hello
0.0,0.0,0.0,-0.06290948390960693,-0.0037289857864379883,-0.024192536018190935,-0.11397820711135864,-0.04706186056137085,-0.03599182493179853,-0.1455838680267334,-0.10015213489532471,-0.04612449160903509,-0.17103958129882812,-0.14432597160339355,-0.05525113991588171,-0.1045149564743042,-0.1981745958328247,-0.012083126931784705,-0.13170915842056274,-0.27706533670425415,-0.024797227002082423,-0.1456594467163086,-0.32917356491088867,-0.03813271573871191,-0.156158447265625,-0.3771134614944458,-0.04897735617250021,-0.07027280330657959,-0.23348194360733032,-0.012177395402787283,-0.09091371297836304,-0.3308590352535248,-0.02019287995189245,-0.10219180583953857,-0.3928252309560776,-0.029818547658024386,-0.11214572191238403,-0.44288375973701477,-0.038601971931157664,-0.03493046760559082,-0.24131479859352112,-0.01656707539349611,-0.04655581712722778,-0.3331240713596344,-0.026009347058234766,-0.053730309009552,-0.3895145058631897,-0.035805567867456034,-0.060934484004974365,-0.43780723214149475,-0.04376526526301916,0.0016666650772094727,-0.23120784759521484,-0.023820761359630183,0.0012485384941101074,-0.3086174726486206,-0.03261028579562719,0.00025767087936401367,-0.3584941029548645,-0.03855081997006948,-0.0010202527046203613,-0.40547288954257965,-0.043502852089105204,Hello
0.0,0.0,0.0,-0.05905979871749878,-0.008004486560821533,-0.02509192315449127,-0.10934793949127197,-0.05709958076477051,-0.03773938243796238,-0.1424303650856018,-0.11506062746047974,-0.049000860504406774,-0.17170614004135132,-0.15483060479164124,-0.05969455962588199,-0.09715664386749268,-0.20846787095069885,-0.015611912436384046,-0.12362509965896606,-0.29027530550956726,-0.029568569115895116,-0.13503921031951904,-0.3433825373649597,-0.04305015628744968,-0.1427936553955078,-0.39175641536712646,-0.05378922571946987,-0.0625455379486084,-0.24175560474395752,-0.015386393606263482,-0.08024966716766357,-0.344375878572464,-0.024352819971340978,-0.08894205093383789,-0.4067561626434326,-0.03317765643407711,-0.096407949924469,-0.4556879252195358,-0.04142416020442852,-0.0267525315284729,-0.24722152948379517,-0.019480579845208013,-0.03579634428024292,-0.340168297290802,-0.029619093365568006,-0.04129701852798462,-0.39794953167438507,-0.03896037613560566,-0.047013282775878906,-0.4462359696626663,-0.04662415137102016,0.008942067623138428,-0.234308123588562,-0.026590149230855786,0.012978792190551758,-0.3126603066921234,-0.03542648380209812,0.015275359153747559,-0.3624899983406067,-0.04140509044339069,0.016474545001983643,-0.409024253487587,-0.04662776117731937,Hello
0.0,0.0,0.0,-0.06003212928771973,-0.006353497505187988,-0.023221660415671863,-0.1101604700088501,-0.055695295333862305,-0.03439311497940878,-0.145399272441864,-0.10976618528366089,-0.04459523969426016,-0.1754564642906189,-0.14293909072875977,-0.054432323212765255,-0.09805721044540405,-0.20675930380821228,-0.012302193800948658,-0.12427812814712524,-0.2876279950141907,-0.02506633476450304,-0.13680237531661987,-0.3396202325820923,-0.037875568504475154,-0.14612740278244019,-0.3864190876483917,-0.04804841616287092,-0.06360143423080444,-0.24014344811439514,-0.012527390393458404,-0.08154714107513428,-0.34178102016448975,-0.0194331538034902,-0.09032422304153442,-0.4034283012151718,-0.026886785413168468,-0.09801304340362549,-0.450985848903656,-0.034147953624867,-0.02756631374359131,-0.2456163763999939,-0.017088668431185283,-0.03774839639663696,-0.33892589807510376,-0.02550235205426077,-0.04359471797943115,-0.3967016935348511,-0.03380701133146147,-0.049401700496673584,-0.4450618624687195,-0.040761297578953304,0.00816875696182251,-0.23346355557441711,-0.02461731434895853,0.011459946632385254,-0.31238532066345215,-0.032291671271465816,0.013216614723205566,-0.362598180770874,-0.03747521528138975,0.014120876789093018,-0.4096384793519974,-0.04205541872515539,Hello
0.0,0.0,0.0,-0.0598294734954834,-0.007784068584442139,-0.02152859816461472,-0.11171954870223999,-0.05320829153060913,-0.03265247704594998,-0.14831990003585815,-0.0993802547454834,-0.043327005823549314,-0.1801682710647583,-0.12373191118240356,-0.05412505777686505,-0.09721314907073975,-0.20863977074623108,-0.01078598877548842,-0.12265050411224365,-0.2892846167087555,-0.021483540778454824,-0.13466143608093262,-0.3402371406555176,-0.033477360626157804,-0.14415019750595093,-0.38732630014419556,-0.04373882921546368,-0.06298589706420898,-0.24082979559898376,-0.012324755323525949,-0.08090084791183472,-0.3417002558708191,-0.018644683306511922,-0.09022563695907593,-0.4034258723258972,-0.02739577764779,-0.09782207012176514,-0.45138081908226013,-0.036186302324232145,-0.02750462293624878,-0.24655073881149292,-0.01782863611489205,-0.03819912672042847,-0.3403885066509247,-0.025492409487661405,-0.04563683271408081,-0.39878278970718384,-0.03580633761495022,-0.05309063196182251,-0.4471827298402786,-0.04480887787550358,0.00782763957977295,-0.2346983253955841,-0.026079388578828855,0.007760167121887207,-0.31484806537628174,-0.03322755755990414,0.006717324256896973,-0.366218626499176,-0.03930159868806271,0.004282653331756592,-0.4133283495903015,-0.04510545568674473,Hello
0.0,0.0,0.0,-0.05943584442138672,-0.004089474678039551,-0.015510224300872011,-0.1106269359588623,-0.05071818828582764,-0.02262048472787015,-0.14360564947128296,-0.09479022026062012,-0.030803572881470842,-0.1725529432296753,-0.1151929497718811,-0.03954303500379197,-0.09428435564041138,-0.20344161987304688,-0.0003330749752628037,-0.1184225082397461,-0.2831537127494812,-0.00903865744496457,-0.13129091262817383,-0.32765328884124756,-0.02085612950051896,-0.14289891719818115,-0.3700222074985504,-0.031183396029721422,-0.0634840726852417,-0.23258069157600403,-0.004498387250553293,-0.08371710777282715,-0.3310590386390686,-0.010082230466853304,-0.09672832489013672,-0.39313310384750366,-0.02089399148846738,-0.10861444473266602,-0.44313082098960876,-0.03128616747583024,-0.03234982490539551,-0.23866745829582214,-0.012463268387566728,-0.04635500907897949,-0.3314494490623474,-0.019922066974888963,-0.05811423063278198,-0.38877996802330017,-0.03278010201777093,-0.07048141956329346,-0.43585334718227386,-0.04347896439159982,-0.000626981258392334,-0.22837945818901062,-0.022722468275080843,-0.009560763835906982,-0.3068569600582123,-0.030296076584111375,-0.017876625061035156,-0.3571622371673584,-0.03805436802233331,-0.027056336402893066,-0.40276408195495605,-0.04519184169496171,Hello
0.0,0.0,0.0,-0.061592698097229004,-0.008219718933105469,0.0032677946315136097,-0.10753017663955688,-0.0511476993560791,0.005677234863954439,-0.13630729913711548,-0.08790957927703857,0.0024451117665496014,-0.16130489110946655,-0.10971200466156006,-0.002321552468371735,-0.09226864576339722,-0.19750311970710754,0.02938401700751747,-0.11959779262542725,-0.271845281124115,0.02813427338199581,-0.1359681487083435,-0.31155791878700256,0.018154365958737984,-0.15132904052734375,-0.3486593961715698,0.008197352307009353,-0.06682956218719482,-0.22126847505569458,0.015237730013298645,-0.09438538551330566,-0.3139141798019409,0.016689488681125297,-0.11248332262039185,-0.37221670150756836,0.004391251148748054,-0.12900984287261963,-0.41893866658210754,-0.008340171521437512,-0.041436076164245605,-0.2280917763710022,-0.002454495506269083,-0.06339985132217407,-0.3152011036872864,-0.004666742386204348,-0.08173048496246338,-0.3704833388328552,-0.019494591263962135,-0.09848058223724365,-0.4157816767692566,-0.0331428218464378,-0.013996601104736328,-0.22263294458389282,-0.021344643069339142,-0.03069859743118286,-0.29960957169532776,-0.0263503566215757,-0.04518073797225952,-0.3447660207748413,-0.03478534704251324,-0.059130728244781494,-0.3867468237876892,-0.04353814011616741,Hello
0.0,0.0,0.0,-0.056004106998443604,-0.007771968841552734,0.017838274923832387,-0.09392136335372925,-0.051981568336486816,0.02770949327734229,-0.11806511878967285,-0.09070801734924316,0.02977032200780627,-0.13991326093673706,-0.11990535259246826,0.030331639436752766,-0.09573686122894287,-0.1729278266429901,0.04150733524349448,-0.1231728196144104,-0.23810327053070068,0.044220534948379964,-0.14227432012557983,-0.27355554699897766,0.03920145132926223,-0.16031408309936523,-0.3069581389427185,0.032337130842478246,-0.08156895637512207,-0.19580036401748657,0.021925907445819348,-0.11625480651855469,-0.2746901512145996,0.023895418135197133,-0.14003527164459229,-0.3214702606201172,0.01613877886322257,-0.15989696979522705,-0.3616369962692261,0.007373669979841679,-0.06463253498077393,-0.20369035005569458,0.00015513189484295253,-0.09615278244018555,-0.28297698497772217,-0.0022934019996512234,-0.11914658546447754,-0.3274214267730713,-0.010299281353383094,-0.1393442153930664,-0.36354202032089233,-0.018511966007082492,-0.04384183883666992,-0.20188263058662415,-0.02159017710599187,-0.07139885425567627,-0.2666516900062561,-0.02710613063189271,-0.0938563346862793,-0.3011314570903778,-0.03186009279104951,-0.11487287282943726,-0.3316683769226074,-0.03723220354530099,Hello
0.0,0.0,0.0,-0.0499267578125,-0.008578777313232422,0.021585828327332024,-0.08272266387939453,-0.06014859676361084,0.03516574267366934,-0.10296636819839478,-0.09854662418365479,0.04097535152057219,-0.12488692998886108,-0.1176445484161377,0.04510190401295233,-0.09419387578964233,-0.1641036868095398,0.04248967457631636,-0.12461978197097778,-0.2230146825313568,0.04599271033028174,-0.14638996124267578,-0.2614011764526367,0.04309503797510672,-0.16466909646987915,-0.29601815342903137,0.03794079709867049,-0.08278042078018188,-0.1832660436630249,0.02247670728782225,-0.12082463502883911,-0.24836286902427673,0.02221786852994967,-0.14700698852539062,-0.291821151971817,0.015314326324258332,-0.16861355304718018,-0.32941383123397827,0.008920507208202366,-0.06829601526260376,-0.18984511494636536,0.0009876316699575227,-0.10326272249221802,-0.25843268632888794,-0.0038559635349173504,-0.12896251678466797,-0.29937589168548584,-0.010804959870185371,-0.15078115463256836,-0.3340688943862915,-0.01645153511246633,-0.049662232398986816,-0.18820348381996155,-0.019880664832200523,-0.08183521032333374,-0.24765613675117493,-0.02693868365069818,-0.10526663064956665,-0.2800658345222473,-0.03129139479180765,-0.12529754638671875,-0.31011244654655457,-0.035125910601820465,Hello
0.0,0.0,0.0,-0.048830270767211914,-0.0033292174339294434,0.020098612434992447,-0.0821416974067688,-0.04887032508850098,0.0339164107812735,-0.10161727666854858,-0.08098709583282471,0.0401722721530291,-0.12226152420043945,-0.09569519758224487,0.04486247224343742,-0.09938883781433105,-0.1511935293674469,0.04191815925372566,-0.1305605173110962,-0.19845974445343018,0.045467314101586,-0.15418267250061035,-0.23232713341712952,0.04319432822597946,-0.17446482181549072,-0.26218897104263306,0.03831084144843544,-0.08924448490142822,-0.17142000794410706,0.022793927021155014,-0.12725979089736938,-0.22621551156044006,0.02085248453153099,-0.1553681492805481,-0.2599140703678131,0.013988674409517898,-0.17982429265975952,-0.28913581371307373,0.008188651665875568,-0.07502812147140503,-0.1793920397758484,0.002090782416814818,-0.11258214712142944,-0.23673313856124878,-0.005100809712132559,-0.14094120264053345,-0.26794469356536865,-0.012133355461230622,-0.16589921712875366,-0.2959302067756653,-0.016867910720577584,-0.057564496994018555,-0.17707020044326782,-0.018018595151772843,-0.0936051607131958,-0.23073044419288635,-0.026935964100232468,-0.11931347846984863,-0.2573569416999817,-0.031740284733643875,-0.14160937070846558,-0.2820487916469574,-0.035341120533814774,Hello
0.0,0.0,0.0,-0.04626542329788208,-0.0014655590057373047,0.014883575847747466,-0.07887053489685059,-0.04489791393280029,0.02744459070116534,-0.09785908460617065,-0.07588416337966919,0.033335047660770556,-0.11942994594573975,-0.08347564935684204,0.037914770542087695,-0.09691733121871948,-0.14482706785202026,0.039677279888095995,-0.12893909215927124,-0.18689888715744019,0.043046231268348834,-0.1536095142364502,-0.21876198053359985,0.04055747657865538,-0.1742180585861206,-0.24573564529418945,0.03560540348142638,-0.08806926012039185,-0.1646955907344818,0.023390459714832446,-0.1272716522216797,-0.2134811282157898,0.02162042528242125,-0.15705561637878418,-0.242244690656662,0.014666804930570265,-0.1829570233821869,-0.2660311460494995,0.008850187881293436,-0.075092613697052,-0.17364034056663513,0.005030542033168217,-0.11430412530899048,-0.2246178388595581,-0.0028531331304435525,-0.14526057243347168,-0.24893954396247864,-0.010582357758281091,-0.1721658706665039,-0.27076131105422974,-0.015320411065218309,-0.05851525068283081,-0.17275071144104004,-0.0131674912959312,-0.09606891870498657,-0.22239714860916138,-0.022477659510073522,-0.12296664714813232,-0.24372991919517517,-0.02755874127298341,-0.1457774043083191,-0.26274362206459045,-0.03113930776864038,Hello
0.0,0.0,0.0,-0.048438191413879395,-0.0014628171920776367,0.015208477323668035,-0.08103412389755249,-0.0419958233833313,0.027061038819866212,-0.10161209106445312,-0.07210785150527954,0.032016140578107866,-0.12429070472717285,-0.07983541488647461,0.03541966265233043,-0.09629619121551514,-0.13951414823532104,0.040097658691720994,-0.12860429286956787,-0.18402314186096191,0.04304859152229312,-0.152560293674469,-0.21328404545783997,0.0395788524130154,-0.17361599206924438,-0.23824810981750488,0.0342465091327,-0.0880429744720459,-0.16032105684280396,0.02378258591683391,-0.12803149223327637,-0.2105557918548584,0.023530875501947435,-0.158119797706604,-0.23793303966522217,0.016121839342432054,-0.18416959047317505,-0.25974398851394653,0.009644594212787183,-0.07589340209960938,-0.17108052968978882,0.005423494318293365,-0.11632084846496582,-0.22507628798484802,-0.000117490386273289,-0.14766311645507812,-0.24907556176185608,-0.008323630148751704,-0.17427992820739746,-0.2690717577934265,-0.01423172076998469,-0.05938720703125,-0.1742103099822998,-0.012810931371731726,-0.09731334447860718,-0.22274988889694214,-0.0204889539798927,-0.12340795993804932,-0.24267536401748657,-0.025277972983403174,-0.14523530006408691,-0.26121488213539124,-0.02905957477001664,Hello
0.0,0.0,0.0,-0.04826366901397705,-0.0001881122589111328,0.01337560772924462,-0.08188450336456299,-0.04151344299316406,0.024929256588507087,-0.10284280776977539,-0.0706261396408081,0.030156107098150642,-0.12471902370452881,-0.07452577352523804,0.03404402680723706,-0.0960121750831604,-0.13887470960617065,0.03838625870673695,-0.12850964069366455,-0.1832328736782074,0.041684474274802596,-0.15316450595855713,-0.21331778168678284,0.038639090434003265,-0.17424258589744568,-0.23908409476280212,0.033499180749345214,-0.08812624216079712,-0.16020217537879944,0.023410334661889465,-0.12762117385864258,-0.21177756786346436,0.023784243911791236,-0.1574440598487854,-0.2402229607105255,0.016829333678174407,-0.18260151147842407,-0.26284700632095337,0.010455456972408683,-0.07630890607833862,-0.17173859477043152,0.006337416302699239,-0.11620771884918213,-0.22598621249198914,0.0014233869177360248,-0.14720195531845093,-0.2507689595222473,-0.00668574921758136,-0.17266923189163208,-0.27044928073883057,-0.012681757621180623,-0.059707462787628174,-0.17590183019638062,-0.010810816250454991,-0.09687590599060059,-0.22510230541229248,-0.017977851032924264,-0.12348711490631104,-0.24609965085983276,-0.022908114418100922,-0.1452135443687439,-0.26392731070518494,-0.026933426558684914,Hello
0.0,0.0,0.0,-0.04625046253204346,0.012499690055847168,0.0023044608813336254,-0.08249002695083618,-0.029354751110076904,0.008330213166829026,-0.10312533378601074,-0.07075196504592896,0.011345835663433945,-0.12475556135177612,-0.09009027481079102,0.014668009504731572,-0.08963680267333984,-0.1294310986995697,0.02116323474800197,-0.11821097135543823,-0.18146425485610962,0.016225479804035103,-0.14031273126602173,-0.20643097162246704,0.007728818133529103,-0.16014528274536133,-0.2240350842475891,0.001077295658234334,-0.0790109634399414,-0.15615880489349365,0.013235016986783421,-0.11441504955291748,-0.2181415557861328,0.009526429027374661,-0.1416482925415039,-0.25335076451301575,0.0013092620345389605,-0.16463282704353333,-0.2806242108345032,-0.00530728438863548,-0.06477773189544678,-0.17195701599121094,0.0026862058137169242,-0.09666669368743896,-0.23786234855651855,-0.0027932058739850163,-0.12223845720291138,-0.2729575037956238,-0.01095975257450732,-0.1431087851524353,-0.2992111146450043,-0.016751097254399383,-0.044494569301605225,-0.18074652552604675,-0.008643877431694591,-0.07160484790802002,-0.23667660355567932,-0.014329740516785705,-0.09454381465911865,-0.2655531167984009,-0.018881018944028938,-0.11505162715911865,-0.28862160444259644,-0.02224838707590493,Hello
0.0,0.0,0.0,-0.058454275131225586,0.007360577583312988,-0.018098825103535887,-0.11025476455688477,-0.027515411376953125,-0.025580089054002997,-0.14528852701187134,-0.06834733486175537,-0.03263555046071076,-0.1750551462173462,-0.08667773008346558,-0.03976522710074448,-0.10498863458633423,-0.16115397214889526,-0.005963504760458704,-0.1354486346244812,-0.22811153531074524,-0.014824144056930777,-0.15228134393692017,-0.27112630009651184,-0.025233108065023657,-0.16695713996887207,-0.31001561880111694,-0.03413774397124314,-0.07647830247879028,-0.1995471715927124,-0.007558300605907675,-0.10050451755523682,-0.2859532833099365,-0.013821334092810389,-0.11593979597091675,-0.3395388424396515,-0.023333366475000616,-0.12919127941131592,-0.38115864992141724,-0.03205516513337159,-0.04536080360412598,-0.21535459160804749,-0.01273336958040261,-0.061271727085113525,-0.2983589470386505,-0.021065039074912306,-0.07474589347839355,-0.3511120676994324,-0.03304581668128037,-0.0877605676651001,-0.39307713508605957,-0.04239771839131379,-0.01271146535873413,-0.21591177582740784,-0.02004007387806439,-0.018147051334381104,-0.29138094186782837,-0.02769264716555142,-0.02379584312438965,-0.33975857496261597,-0.03472658943285012,-0.031191527843475342,-0.382680207490921,-0.04079640980710053,Hello
0.0,0.0,0.0,-0.05923342704772949,0.0037680864334106445,-0.021869534334456375,-0.11334383487701416,-0.032911837100982666,-0.032015343835865906,-0.15143001079559326,-0.0758751630783081,-0.041124866983210495,-0.18348002433776855,-0.09405755996704102,-0.04994697653344815,-0.10778701305389404,-0.1770848035812378,-0.010497131092762402,-0.1387547254562378,-0.2480667233467102,-0.020592251500403336,-0.1547764539718628,-0.2929364740848541,-0.03153593622735684,-0.168035626411438,-0.33393537998199463,-0.040789948484217575,-0.07604146003723145,-0.2144738733768463,-0.011445343202268532,-0.10071343183517456,-0.3074459433555603,-0.018058499029194763,-0.1140184998512268,-0.3639099597930908,-0.026288944935714653,-0.12483948469161987,-0.407400518655777,-0.03396174468687718,-0.04207199811935425,-0.2261214256286621,-0.016380293002640656,-0.05774968862533569,-0.31458598375320435,-0.02527441241434758,-0.06794071197509766,-0.3685848116874695,-0.03517573856404965,-0.07721877098083496,-0.4131895750761032,-0.04296731360844319,-0.007630586624145508,-0.2209143340587616,-0.02392008685163205,-0.011210322380065918,-0.29870814085006714,-0.031972912779366425,-0.013960838317871094,-0.34906089305877686,-0.03776107513002103,-0.017413556575775146,-0.3958325982093811,-0.04278920747927373,Hello
0.0,0.0,0.0,-0.0586400032043457,0.0005552768707275391,-0.02215174137109699,-0.1112816333770752,-0.037640273571014404,-0.03320818318480434,-0.1490141749382019,-0.08161598443984985,-0.04348604305142345,-0.1815463900566101,-0.10091191530227661,-0.053567296997250935,-0.10460054874420166,-0.18495556712150574,-0.01071262563073816,-0.13494908809661865,-0.2567141056060791,-0.021893271416963955,-0.15109258890151978,-0.30220210552215576,-0.034009355292262455,-0.16497480869293213,-0.3431682884693146,-0.044055643663348576,-0.07271367311477661,-0.22208213806152344,-0.011533820242227932,-0.09467428922653198,-0.3168618083000183,-0.018327833325209042,-0.10719937086105347,-0.3736405372619629,-0.02681257127279224,-0.11844933032989502,-0.417400598526001,-0.03495352266782703,-0.038505733013153076,-0.23286688327789307,-0.016442935154380223,-0.052797675132751465,-0.3214637041091919,-0.025242067114056965,-0.06332635879516602,-0.37722915410995483,-0.03562123252505245,-0.07396697998046875,-0.4234932065010071,-0.044064465150775334,-0.0036415457725524902,-0.22632479667663574,-0.024017176762761494,-0.004781663417816162,-0.3039056956768036,-0.031756698325814625,-0.006186246871948242,-0.3536590337753296,-0.03772575332278194,-0.00972813367843628,-0.39940375089645386,-0.04317540226930561,Hello
0.0,0.0,0.0,-0.059211790561676025,-0.0009723901748657227,-0.02282883730426022,-0.11199730634689331,-0.039940714836120605,-0.034887043206836665,-0.15045809745788574,-0.08236169815063477,-0.0460435612191219,-0.18420779705047607,-0.09868061542510986,-0.05704815071716496,-0.10524147748947144,-0.18859660625457764,-0.012290226674522842,-0.13558506965637207,-0.26071786880493164,-0.024223377375747646,-0.15180832147598267,-0.30720508098602295,-0.0368623746623058,-0.1655867099761963,-0.34870004653930664,-0.04730259758129307,-0.07263153791427612,-0.22531449794769287,-0.013284205837990726,-0.09499281644821167,-0.3195323348045349,-0.02078887765004822,-0.10756313800811768,-0.37690654397010803,-0.029752395494725192,-0.11868089437484741,-0.4213845431804657,-0.03812974077358433,-0.037355005741119385,-0.2352416217327118,-0.01830295976891705,-0.05135691165924072,-0.3240451514720917,-0.02745370139076897,-0.06099236011505127,-0.38055866956710815,-0.03790776562586018,-0.0705796480178833,-0.4276485741138458,-0.04634641241922566,-0.0020766854286193848,-0.22729608416557312,-0.02603577580943295,-0.003284931182861328,-0.30477792024612427,-0.03407482188835331,-0.004675149917602539,-0.3553715646266937,-0.03993226346268841,-0.007529854774475098,-0.4020695686340332,-0.045193267433788264,Hello
0.0,0.0,0.0,-0.05879867076873779,0.0005667209625244141,-0.023427885372967694,-0.11116254329681396,-0.03551042079925537,-0.036476446662874196,-0.1488235592842102,-0.07717341184616089,-0.04852589068266866,-0.18119370937347412,-0.0954674482345581,-0.0605010337874603,-0.10394495725631714,-0.18744713068008423,-0.014965622101755116,-0.13371169567108154,-0.2605956494808197,-0.02797249366793153,-0.14986610412597656,-0.30738693475723267,-0.04108940658423421,-0.16372573375701904,-0.34850963950157166,-0.05170848814103124,-0.07117104530334473,-0.22425326704978943,-0.01589136232885835,-0.09249550104141235,-0.31923675537109375,-0.024685550828309033,-0.10493814945220947,-0.3773755729198456,-0.03445922804328916,-0.11599576473236084,-0.4225412607192993,-0.04330750030729291,-0.035787999629974365,-0.23429319262504578,-0.0207263421014261,-0.04877513647079468,-0.3240854740142822,-0.03097317029985902,-0.058092355728149414,-0.38127365708351135,-0.04220362228605268,-0.06753760576248169,-0.42894479632377625,-0.05111023632142064,-0.00018584728240966797,-0.22634252905845642,-0.0281788058325958,-0.00018310546875,-0.30397236347198486,-0.03718808141800878,-0.001020967960357666,-0.35484349727630615,-0.04361275804492948,-0.003738880157470703,-0.40201058983802795,-0.04914496687504766,Hello
0.0,0.0,0.0,-0.05941742658615112,0.00023788213729858398,-0.022917289494102988,-0.11149102449417114,-0.03594708442687988,-0.035387071056788955,-0.14878666400909424,-0.07756763696670532,-0.046943543686097655,-0.18129414319992065,-0.09628057479858398,-0.05838101936740259,-0.10333240032196045,-0.18765181303024292,-0.013034776991730723,-0.13313525915145874,-0.26025354862213135,-0.02528426071864942,-0.14939379692077637,-0.3072061836719513,-0.03811614794892648,-0.16326802968978882,-0.3488718271255493,-0.04865353761476854,-0.0706363320350647,-0.22443482279777527,-0.014016356526440177,-0.09219563007354736,-0.318947434425354,-0.022141879631703887,-0.10470694303512573,-0.37714457511901855,-0.03189664168519357,-0.1156798005104065,-0.4225281774997711,-0.04085656089944223,-0.03551393747329712,-0.23453089594841003,-0.01894544830781797,-0.048700809478759766,-0.32398363947868347,-0.02875992117685655,-0.05829060077667236,-0.3810731768608093,-0.040060086383050475,-0.0678597092628479,-0.42862987518310547,-0.04909461571139673,0.0002384185791015625,-0.22672373056411743,-0.02647309212250093,0.00046765804290771484,-0.3039499819278717,-0.035138251467174086,-0.00021630525588989258,-0.35472726821899414,-0.041557578577226195,-0.0029109716415405273,-0.40205371379852295,-0.04715737534922937,Hello
0.0,0.0,0.0,-0.05832111835479736,0.000696718692779541,-0.022729764465438507,-0.10967987775802612,-0.03478199243545532,-0.035174569819318435,-0.1459646224975586,-0.07700788974761963,-0.04685264709983983,-0.17782992124557495,-0.09732896089553833,-0.05848975363765874,-0.10082107782363892,-0.1848057210445404,-0.013144226517724178,-0.13048505783081055,-0.25705915689468384,-0.025751958374129913,-0.1470544934272766,-0.30326807498931885,-0.03874468687568822,-0.16115611791610718,-0.34432339668273926,-0.049295033101188324,-0.06874674558639526,-0.22104036808013916,-0.01431277744119086,-0.08988291025161743,-0.31527549028396606,-0.022907283861385963,-0.10267680883407593,-0.37338265776634216,-0.03304491821323552,-0.11374741792678833,-0.4188186526298523,-0.04228516179715314,-0.034268319606781006,-0.2312668263912201,-0.019425411481606147,-0.04677426815032959,-0.32034966349601746,-0.029552819911586425,-0.0570865273475647,-0.3777047097682953,-0.041286076192008636,-0.06731909513473511,-0.42530791461467743,-0.05065137032066502,0.0008667707443237305,-0.22395750880241394,-0.027105073217498443,0.001160264015197754,-0.30137011408805847,-0.03594972822462239,0.0005733370780944824,-0.3523768186569214,-0.04271940398608365,-0.002256035804748535,-0.39969539642333984,-0.04865957308207669,Hello
0.0,0.0,0.0,-0.0587497353553772,-0.0009480714797973633,-0.01598735717637223,-0.10828226804733276,-0.04267621040344238,-0.024055009759494483,-0.13900882005691528,-0.0886726975440979,-0.03272258309228104,-0.16722387075424194,-0.11528915166854858,-0.04171862272126359,-0.09785151481628418,-0.1853269338607788,-0.004698453057089269,-0.12630772590637207,-0.2578744888305664,-0.015130589767822444,-0.14252769947052002,-0.29928621649742126,-0.027070749602743804,-0.15703755617141724,-0.3383904695510864,-0.03705785614950341,-0.06878805160522461,-0.21752747893333435,-0.008371296390423,-0.09323287010192871,-0.3102608919143677,-0.01635974650783223,-0.10913616418838501,-0.3665320575237274,-0.027244173042008102,-0.12363624572753906,-0.4124797582626343,-0.03690744755370301,-0.03767973184585571,-0.2278047800064087,-0.01542087928903979,-0.05568993091583252,-0.3159554898738861,-0.02452830789191407,-0.06920486688613892,-0.37039005756378174,-0.036039764113256156,-0.08263009786605835,-0.4151255786418915,-0.04509484586817902,-0.005106210708618164,-0.2223401963710785,-0.02458299329085034,-0.016153156757354736,-0.29851585626602173,-0.03244039235217255,-0.025106489658355713,-0.3472469747066498,-0.038608817435332954,-0.03458273410797119,-0.3904678523540497,-0.044045740790197074,Hello
0.0,0.0,0.0,-0.055510640144348145,-0.002278566360473633,-0.006223775505262097,-0.09602957963943481,-0.05281639099121094,-0.006056885293858727,-0.11670804023742676,-0.10472583770751953,-0.00830938253848501,-0.1317915916442871,-0.13427519798278809,-0.010844955745326956,-0.09160006046295166,-0.1709250807762146,0.013773384910834352,-0.11825132369995117,-0.23860099911689758,0.0071195260964458384,-0.13504916429519653,-0.27809303998947144,-0.003924835532146176,-0.15000563859939575,-0.31528204679489136,-0.013558763603853663,-0.07087016105651855,-0.19884762167930603,0.006916686368001024,-0.10086929798126221,-0.2791005074977875,0.001331193895836691,-0.12104976177215576,-0.3306993842124939,-0.011103225465106448,-0.13842618465423584,-0.37650978565216064,-0.021623042005288085,-0.047779738903045654,-0.20989933609962463,-0.003131202946590861,-0.07243382930755615,-0.28786420822143555,-0.010227107967423876,-0.09157079458236694,-0.3369569182395935,-0.022332037392246207,-0.10778266191482544,-0.3769035041332245,-0.03165458567737289,-0.020190715789794922,-0.20817619562149048,-0.014757083322095355,-0.04079329967498779,-0.2765760123729706,-0.021596184524881323,-0.057839274406433105,-0.3170355558395386,-0.027897475811826666,-0.0731579065322876,-0.3526290953159332,-0.03317240678070732,Hello
0.0,0.0,0.0,-0.0530659556388855,-0.005324959754943848,-0.0014529224952894992,-0.08936113119125366,-0.059002041816711426,0.0011734188066583329,-0.10681271553039551,-0.11019235849380493,0.0005792809298981183,-0.12180441617965698,-0.1367727518081665,-0.00045902642325756915,-0.08983123302459717,-0.16786795854568481,0.016544767166280394,-0.11628937721252441,-0.23226967453956604,0.010588175128006583,-0.13386255502700806,-0.26912087202072144,0.0005543943608898871,-0.14986222982406616,-0.3036874532699585,-0.008404841204381341,-0.07331347465515137,-0.19265639781951904,0.007627977966123467,-0.1049620509147644,-0.2707706093788147,0.0019881035897668653,-0.12645524740219116,-0.32011398673057556,-0.009026799840128774,-0.14447808265686035,-0.3648374080657959,-0.018403842603063936,-0.05354052782058716,-0.20242267847061157,-0.004123063315844888,-0.08153718709945679,-0.27981290221214294,-0.01147929534802472,-0.10207635164260864,-0.32693928480148315,-0.022308207606172914,-0.11846113204956055,-0.3661685287952423,-0.030619360064363832,-0.028189361095428467,-0.20133891701698303,-0.017090951581693048,-0.051688313484191895,-0.26703453063964844,-0.024642673810220117,-0.07083415985107422,-0.306197851896286,-0.030897879530883188,-0.08755314350128174,-0.3410077691078186,-0.036107310583091135,Hello
0.0,0.0,0.0,-0.045697808265686035,0.004218757152557373,0.004359424872660611,-0.08059674501419067,-0.036156535148620605,0.010989830190652583,-0.09979945421218872,-0.07603096961975098,0.013538296627217505,-0.11978888511657715,-0.0959465503692627,0.016052586319261763,-0.09195905923843384,-0.13536912202835083,0.025607592719012473,-0.1206541657447815,-0.18758496642112732,0.021391368763858054,-0.14286112785339355,-0.21625274419784546,0.013044292399996493,-0.1627160906791687,-0.23741188645362854,0.006131580392235492,-0.08293664455413818,-0.15917503833770752,0.016084409611636374,-0.11790019273757935,-0.22334200143814087,0.012128596486860488,-0.14304429292678833,-0.2586362659931183,0.003801132379436467,-0.16417789459228516,-0.2893145680427551,-0.002844023225492265,-0.06897932291030884,-0.17477193474769592,0.0038979079708099107,-0.10331141948699951,-0.23932170867919922,-0.0020363188214957972,-0.12735754251480103,-0.2735283672809601,-0.008969937158411767,-0.14699232578277588,-0.3028423488140106,-0.013746928130871083,-0.04807555675506592,-0.18370547890663147,-0.009076289539819982,-0.07977509498596191,-0.2379176914691925,-0.01382774550992849,-0.10172522068023682,-0.2665154039859772,-0.01617457222718599,-0.12015241384506226,-0.29284822940826416,-0.018208506224340226,Hello
0.0,0.0,0.0,-0.04675459861755371,0.0026406049728393555,0.009333674293259264,-0.08167141675949097,-0.03970867395401001,0.019221920948723437,-0.10223698616027832,-0.07853811979293823,0.02426477005730021,-0.12332141399383545,-0.09528785943984985,0.02917178390572417,-0.09196436405181885,-0.13712018728256226,0.03342471873412478,-0.12142187356948853,-0.18867596983909607,0.03219002341876376,-0.1439422369003296,-0.21661198139190674,0.025455471556881548,-0.16350966691970825,-0.23742863535881042,0.01949736705074656,-0.08316576480865479,-0.16051709651947021,0.02216649657140124,-0.11887955665588379,-0.2238326072692871,0.021247934978703142,-0.14447766542434692,-0.2597556710243225,0.013938418086866022,-0.16551226377487183,-0.2917234003543854,0.007829325702289225,-0.06942439079284668,-0.17569667100906372,0.008398546334603907,-0.10343611240386963,-0.2407762110233307,0.004786792174229504,-0.12732428312301636,-0.27555370330810547,-0.0018568700549508321,-0.14642298221588135,-0.30574846267700195,-0.006778200659653066,-0.04924726486206055,-0.18542584776878357,-0.005801079831769584,-0.08076339960098267,-0.23944991827011108,-0.009460438545545458,-0.10263383388519287,-0.2672972083091736,-0.011849867682656168,-0.12095743417739868,-0.2939069867134094,-0.014045014548798918,Hello
0.0,0.0,0.0,0.030514299869537354,-0.0947028398513794,0.002912969416327016,0.03262221813201904,-0.18832236528396606,0.004488812614551918,0.012738943099975586,-0.2643406391143799,0.006121987331978218,0.004581749439239502,-0.3175235986709595,0.0062053514126159115,-0.015596926212310791,-0.23305869102478027,-0.004410961322166784,-0.05863034725189209,-0.3206750154495239,-0.008365357439645393,-0.0828436017036438,-0.3648051619529724,-0.011904401849635704,-0.1005350649356842,-0.4005436897277832,-0.0145593212504469,-0.047841548919677734,-0.1974853277206421,-0.008810034166701897,-0.09077653288841248,-0.2954801321029663,-0.013792565237411125,-0.11505335569381714,-0.3505939841270447,-0.018586268793471916,-0.1316419243812561,-0.3915953040122986,-0.022825725521572693,-0.07255613803863525,-0.1554524302482605,-0.012245212826558216,-0.10862657427787781,-0.24555426836013794,-0.01768267355454789,-0.12821930646896362,-0.2991032600402832,-0.020674590166338547,-0.14128795266151428,-0.3401486873626709,-0.02271843902362214,-0.09105497598648071,-0.11085444688796997,-0.014700785424240692,-0.11815530061721802,-0.19205063581466675,-0.018414352234133347,-0.13206294178962708,-0.23342370986938477,-0.01742542922092305,-0.1413290798664093,-0.26826250553131104,-0.016091829310783012,Thanks
0.0,0.0,0.0,0.03142184019088745,-0.09330934286117554,0.0030726603173940603,0.03491026163101196,-0.1841602921485901,0.0042575659637629215,0.015558004379272461,-0.2605210542678833,0.005414553586143178,0.005773961544036865,-0.3141157031059265,0.00515760820706479,-0.014006197452545166,-0.23252898454666138,-0.0037813574134082373,-0.05673706531524658,-0.3221217393875122,-0.008623747952532845,-0.08074164390563965,-0.36591535806655884,-0.0124974715116144,-0.09819090366363525,-0.399618923664093,-0.01492576380844124,-0.04654973745346069,-0.19667857885360718,-0.008368435181927758,-0.08945661783218384,-0.2979934811592102,-0.014800395682704526,-0.11359617114067078,-0.3535497188568115,-0.019726516545069295,-0.13025972247123718,-0.3951953649520874,-0.023531021416437703,-0.07114118337631226,-0.15523266792297363,-0.012041893653822022,-0.10605591535568237,-0.24847066402435303,-0.01845500791097887,-0.12518900632858276,-0.3018970489501953,-0.020343284920108395,-0.13799497485160828,-0.3425549268722534,-0.021019983902824002,-0.08942177891731262,-0.11099076271057129,-0.014737594738853055,-0.11721515655517578,-0.1947166919708252,-0.017933918029320317,-0.13067594170570374,-0.23497897386550903,-0.015137555875134545,-0.13951614499092102,-0.2674638628959656,-0.012215923384082394,Thanks
0.0,0.0,0.0,0.029578089714050293,-0.09689909219741821,0.0032122803894818475,0.03197449445724487,-0.18795245885849,0.004224372147211497,0.01289379596710205,-0.2650456428527832,0.005064316144773429,0.003249943256378174,-0.3194819688796997,0.004485448407569592,-0.016193628311157227,-0.23409372568130493,-0.0023110412949680637,-0.05868721008300781,-0.3223217725753784,-0.006066814479789073,-0.08176100254058838,-0.3659989833831787,-0.00949735468756252,-0.09799301624298096,-0.40106213092803955,-0.011822022446802194,-0.04810076951980591,-0.19835615158081055,-0.00685021602120095,-0.09149792790412903,-0.2981368899345398,-0.011583937281182344,-0.1150241494178772,-0.3537958860397339,-0.01606214320789867,-0.13061785697937012,-0.39607298374176025,-0.0198940867049604,-0.0725327730178833,-0.15667355060577393,-0.010514424131622846,-0.1079663634300232,-0.2498852014541626,-0.015689144791474874,-0.12634789943695068,-0.3028411269187927,-0.017449819432011182,-0.13800808787345886,-0.34302836656570435,-0.018387745083680684,-0.090545654296875,-0.11243283748626709,-0.013249644027462537,-0.11761865019798279,-0.19704002141952515,-0.01613832353185707,-0.12996774911880493,-0.23840880393981934,-0.013586475463023717,-0.1376299262046814,-0.2725479006767273,-0.01096600195895725,Thanks
0.0,0.0,0.0,0.030596613883972168,-0.09479391574859619,0.0025577679749203552,0.03388768434524536,-0.18660062551498413,0.004144591466299974,0.014067530632019043,-0.26327306032180786,0.005601328984610521,0.004090607166290283,-0.31707555055618286,0.005637047533653461,-0.015474557876586914,-0.2346400022506714,-0.001252196309380449,-0.05792611837387085,-0.32282596826553345,-0.0050604537122326265,-0.0812833309173584,-0.3661121726036072,-0.008900369796194352,-0.09817394614219666,-0.4009755849838257,-0.011646413522996224,-0.04755336046218872,-0.19890493154525757,-0.005676063056327618,-0.09041914343833923,-0.29775452613830566,-0.010393271501399792,-0.11426204442977905,-0.3528261184692383,-0.01554033188078574,-0.13070541620254517,-0.3952447772026062,-0.02001801347289256,-0.07170230150222778,-0.1570141315460205,-0.00946641554985217,-0.10669803619384766,-0.2476329803466797,-0.014892014022208966,-0.12553298473358154,-0.29980409145355225,-0.017598903085328854,-0.1381325125694275,-0.340080201625824,-0.01925683980736903,-0.08970710635185242,-0.11256468296051025,-0.012442211899198807,-0.11754223704338074,-0.19471561908721924,-0.015553710329570092,-0.13102024793624878,-0.23370784521102905,-0.013585754948891915,-0.13990789651870728,-0.2660215497016907,-0.01149252923134736,Thanks
0.0,0.0,0.0,0.03201150894165039,-0.09889817237854004,0.0038203994332572933,0.035357117652893066,-0.19332808256149292,0.006130886874975872,0.01440417766571045,-0.2722775340080261,0.00803076210978837,0.005350470542907715,-0.3270193934440613,0.008245492499204587,-0.014743387699127197,-0.2392045259475708,0.00030586583272018686,-0.05703902244567871,-0.32881927490234375,-0.003292948560906339,-0.08073365688323975,-0.37272292375564575,-0.007211446616915751,-0.098102867603302,-0.40751737356185913,-0.010019473586348582,-0.04749363660812378,-0.20370227098464966,-0.0045896231607773785,-0.09107059240341187,-0.30505597591400146,-0.00846126288559823,-0.1151311993598938,-0.3604804277420044,-0.0136704583131948,-0.13163742423057556,-0.4025784730911255,-0.018366587203113127,-0.0720476508140564,-0.16182959079742432,-0.008787844184903193,-0.10929840803146362,-0.2564540505409241,-0.013565290574101496,-0.1292705237865448,-0.3095991611480713,-0.01666561406489997,-0.1426788568496704,-0.35064560174942017,-0.018869579624501753,-0.09047502279281616,-0.11698108911514282,-0.012041158829001475,-0.12002980709075928,-0.20278149843215942,-0.015735390450922537,-0.13459455966949463,-0.24606668949127197,-0.01479965526994853,-0.14424660801887512,-0.28332602977752686,-0.013424982171622801,Thanks
0.0,0.0,0.0,0.03159981966018677,-0.10287094116210938,0.005376786692977253,0.03363490104675293,-0.19903188943862915,0.007586467313558165,0.012218892574310303,-0.27921175956726074,0.009313083021879498,0.0041893720626831055,-0.33656007051467896,0.00933769694620401,-0.013885021209716797,-0.2395126223564148,-0.001217252573951777,-0.05800074338912964,-0.33282995223999023,-0.005080287576675113,-0.08206212520599365,-0.3773735761642456,-0.008753049419283565,-0.09962913393974304,-0.41269469261169434,-0.011152744525134262,-0.046463191509246826,-0.203424870967865,-0.006527923279463943,-0.09118479490280151,-0.30684882402420044,-0.010470337466358837,-0.11575064063072205,-0.3626834750175476,-0.014899102271556552,-0.1322818100452423,-0.4026830196380615,-0.018812851280927356,-0.07220488786697388,-0.16177892684936523,-0.01080717355853289,-0.10988479852676392,-0.2586299777030945,-0.01476317108517855,-0.1297113299369812,-0.31330806016921997,-0.016784011618256267,-0.14240679144859314,-0.354464054107666,-0.018241637618302997,-0.0924394428730011,-0.11739641427993774,-0.01394522772079676,-0.12137964367866516,-0.2060512900352478,-0.016270664752483066,-0.1348954141139984,-0.25043731927871704,-0.014036357634722885,-0.14344722032546997,-0.28737568855285645,-0.011718147666215595,Thanks
0.0,0.0,0.0,0.030147671699523926,-0.10722047090530396,-0.0010080398007978886,0.029457509517669678,-0.2151603102684021,-0.0035579723719258993,0.00790637731552124,-0.3015846014022827,-0.005610962858771273,-0.0019552111625671387,-0.3659856915473938,-0.009511390230034777,-0.015559852123260498,-0.2437070608139038,-0.015721537633215377,-0.06257390975952148,-0.34442275762557983,-0.02578692929295201,-0.09043639898300171,-0.3955448865890503,-0.03301903278974194,-0.1123095452785492,-0.4364975094795227,-0.03775866003183026,-0.04782259464263916,-0.2020159363746643,-0.020897657139574477,-0.09718146920204163,-0.31272560358047485,-0.029669482721363494,-0.12650269269943237,-0.376838743686676,-0.037109159393583724,-0.14757588505744934,-0.42335015535354614,-0.04353614942577977,-0.07423961162567139,-0.15696275234222412,-0.02512280502763886,-0.11837399005889893,-0.26076072454452515,-0.03238255204108853,-0.143059641122818,-0.32124584913253784,-0.036083739711319396,-0.15970170497894287,-0.3673856258392334,-0.03919712872651715,-0.09541884064674377,-0.11128628253936768,-0.028750703199182936,-0.1300901174545288,-0.2018718719482422,-0.035047062201773116,-0.1476973295211792,-0.25243276357650757,-0.03538261772540707,-0.1594187617301941,-0.2956269383430481,-0.0349785541131844,Thanks
0.0,0.0,0.0,0.030742883682250977,-0.10423552989959717,-0.005939691402712555,0.027967751026153564,-0.21675360202789307,-0.011144920327463836,0.001806020736694336,-0.30151450634002686,-0.014906242565015049,-0.009684562683105469,-0.36966216564178467,-0.02058895498583624,-0.015151262283325195,-0.23634517192840576,-0.026959659606912822,-0.06732863187789917,-0.33634936809539795,-0.04049842439661333,-0.09759935736656189,-0.3893994092941284,-0.04867580168018648,-0.12186861038208008,-0.4305236339569092,-0.053594254032471866,-0.04821842908859253,-0.18909507989883423,-0.030963508487442226,-0.10277354717254639,-0.299802303314209,-0.04230909057030985,-0.13518351316452026,-0.3665526509284973,-0.05009450770984003,-0.15951496362686157,-0.41460609436035156,-0.056770410463908405,-0.07577288150787354,-0.14214223623275757,-0.03420745216379473,-0.12437000870704651,-0.24615776538848877,-0.04354891933570215,-0.1515491008758545,-0.3091506361961365,-0.04849889509449312,-0.17085647583007812,-0.3570869565010071,-0.05232049159775087,-0.0987570583820343,-0.09780913591384888,-0.03714434810052225,-0.13666462898254395,-0.18938899040222168,-0.04583190761576006,-0.1566598117351532,-0.24273526668548584,-0.04816650234232256,-0.17097371816635132,-0.287528932094574,-0.04904756330023119,Thanks
0.0,0.0,0.0,0.029913604259490967,-0.09286880493164062,-0.014675785113922757,0.031157732009887695,-0.2003048062324524,-0.025856781077436608,0.007626652717590332,-0.27970564365386963,-0.03400547176306645,-0.004830896854400635,-0.35146695375442505,-0.0440877799660484,-0.013354122638702393,-0.20853787660598755,-0.041757707741908234,-0.06294351816177368,-0.3083137273788452,-0.06111346676652829,-0.09379658102989197,-0.3635427951812744,-0.07177705064123074,-0.11923950910568237,-0.40609508752822876,-0.07801186784809033,-0.044250667095184326,-0.15727639198303223,-0.04426519319122235,-0.09876826405525208,-0.271567702293396,-0.062427406457118195,-0.13247662782669067,-0.3422262668609619,-0.07301261767452161,-0.15744566917419434,-0.39396780729293823,-0.08096736415927808,-0.07142430543899536,-0.10810273885726929,-0.04649521156852643,-0.12021845579147339,-0.21691882610321045,-0.06299349412029187,-0.15067636966705322,-0.2850918769836426,-0.07092730447357098,-0.1731320321559906,-0.3383703827857971,-0.07567990317647855,-0.09566256403923035,-0.06456303596496582,-0.04871158793275754,-0.13359633088111877,-0.15668338537216187,-0.06392141923015515,-0.15466627478599548,-0.21299207210540771,-0.06954560175245206,-0.17046141624450684,-0.2618051767349243,-0.07209884866779248,Thanks
0.0,0.0,0.0,0.029279470443725586,-0.10236668586730957,0.0024807840718850116,0.031654953956604004,-0.2054772973060608,0.0019370590935423593,0.009410262107849121,-0.2873420715332031,0.0012728732445239643,-0.0031892061233520508,-0.346923828125,-0.0018508300517723342,-0.008734524250030518,-0.23909753561019897,-0.012996774060376026,-0.05754530429840088,-0.3350844383239746,-0.02266355500156436,-0.08630365133285522,-0.38180679082870483,-0.029656068315453865,-0.10796093940734863,-0.41854995489120483,-0.034170295005388596,-0.04029989242553711,-0.19986915588378906,-0.01969504625136409,-0.09120643138885498,-0.3060958981513977,-0.02755160712236915,-0.12047123908996582,-0.3661736845970154,-0.03414397955472026,-0.1415855884552002,-0.4098612070083618,-0.04036264017755542,-0.0669754147529602,-0.15511798858642578,-0.0253910318815187,-0.11218169331550598,-0.2526310682296753,-0.032975531076736786,-0.13730961084365845,-0.3103049397468567,-0.037345363652057983,-0.15515989065170288,-0.35450589656829834,-0.04086516693765674,-0.08932000398635864,-0.10817462205886841,-0.030025566821642258,-0.12353453040122986,-0.19680684804916382,-0.036440173988886215,-0.14113503694534302,-0.24363166093826294,-0.03703838483030353,-0.1541491150856018,-0.28333842754364014,-0.0369715978258327,Thanks
0.0,0.0,0.0,0.02366805076599121,-0.09997862577438354,0.010480820757528875,0.021075904369354248,-0.192918062210083,0.014777069536229703,0.0015916228294372559,-0.2655637264251709,0.01778005584814224,-0.008248388767242432,-0.31325215101242065,0.01847750283517513,-0.01252049207687378,-0.23311471939086914,-0.0024020857203694845,-0.05920666456222534,-0.3212006092071533,-0.00727376193068352,-0.08411067724227905,-0.36344295740127563,-0.010401651638368037,-0.10128968954086304,-0.39505577087402344,-0.012348601969698336,-0.04290115833282471,-0.20095562934875488,-0.010427558238426116,-0.09103137254714966,-0.2971523404121399,-0.015330929684260752,-0.11545133590698242,-0.34847772121429443,-0.018500440197804835,-0.13190627098083496,-0.38643115758895874,-0.02141117900870171,-0.06868791580200195,-0.15941989421844482,-0.016916038843611148,-0.1097535490989685,-0.24616825580596924,-0.022110166403273013,-0.13072293996810913,-0.2971588969230652,-0.02441987246535149,-0.14525175094604492,-0.33876311779022217,-0.026138196143129733,-0.08985739946365356,-0.11071962118148804,-0.021643283220747378,-0.11873352527618408,-0.1860966682434082,-0.026202762874582675,-0.13307347893714905,-0.22589868307113647,-0.02587860673926201,-0.1436222791671753,-0.2622253894805908,-0.02499651015065041,Thanks
0.0,0.0,0.0,0.022565841674804688,-0.09927386045455933,0.010914026879689231,0.02093273401260376,-0.19072669744491577,0.015639159017226234,0.0017638206481933594,-0.2649618983268738,0.018798596345803276,-0.010628223419189453,-0.31553709506988525,0.01974218257608129,-0.013020753860473633,-0.23774147033691406,0.0017171219261200577,-0.058419764041900635,-0.3262370824813843,-0.0024046733705489487,-0.08352512121200562,-0.36769384145736694,-0.005776926289328799,-0.10100114345550537,-0.3989352583885193,-0.007907487331905827,-0.042628705501556396,-0.205879807472229,-0.0063345845518796295,-0.09091228246688843,-0.3034399151802063,-0.009705322674491867,-0.1153392493724823,-0.355118989944458,-0.01274243357686089,-0.13195234537124634,-0.39391016960144043,-0.015946459836342797,-0.06807267665863037,-0.16423481702804565,-0.013109364426711068,-0.11018329858779907,-0.25131040811538696,-0.01695191196260737,-0.13101404905319214,-0.30223262310028076,-0.01892470277009295,-0.14521130919456482,-0.344107985496521,-0.020793448082187638,-0.08928757905960083,-0.11628472805023193,-0.01828780106363581,-0.11929166316986084,-0.19083070755004883,-0.02147725305614756,-0.13371220231056213,-0.23019105195999146,-0.020582030407169327,-0.14394348859786987,-0.26669830083847046,-0.019579340583661065,Thanks
0.0,0.0,0.0,0.022402048110961914,-0.10050278902053833,0.01090889239463877,0.017224788665771484,-0.1941061019897461,0.014590225198901408,-0.0021837949752807617,-0.26667851209640503,0.01657120885107588,-0.010477542877197266,-0.3169674873352051,0.015926281006670706,-0.01082158088684082,-0.23503714799880981,-0.003174338007681854,-0.05919599533081055,-0.323186993598938,-0.009226857668124921,-0.08489418029785156,-0.36720430850982666,-0.01320951430346895,-0.10283118486404419,-0.4013661742210388,-0.015844929946922548,-0.03960585594177246,-0.20174330472946167,-0.012408481894397028,-0.08999001979827881,-0.2984941005706787,-0.018327392621301897,-0.11573335528373718,-0.3514307737350464,-0.02217875419404436,-0.1330057978630066,-0.39173179864883423,-0.02576195074465204,-0.06552410125732422,-0.1587708592414856,-0.02008485978689123,-0.10918796062469482,-0.24751883745193481,-0.026597086323761232,-0.13145628571510315,-0.2995738983154297,-0.029094828276299722,-0.1464809775352478,-0.34255844354629517,-0.030923724158071764,-0.08833193778991699,-0.10941147804260254,-0.025959767384790666,-0.11902010440826416,-0.18776345252990723,-0.03199026918258596,-0.13381686806678772,-0.22900724411010742,-0.03198402932133604,-0.14449149370193481,-0.26694178581237793,-0.03125615230050016,Thanks
0.0,0.0,0.0,0.029139280319213867,-0.1107284426689148,0.01006286518658328,0.02768319845199585,-0.21287333965301514,0.011000777799736738,0.009054183959960938,-0.2968764305114746,0.009930427391182661,-0.001678764820098877,-0.3580564856529236,0.005304950028758526,0.004442095756530762,-0.244401216506958,-0.010365660097349405,-0.047582030296325684,-0.34513306617736816,-0.02021429946636033,-0.07835227251052856,-0.3947286605834961,-0.027467488106239557,-0.10107928514480591,-0.4363865852355957,-0.0326466586253531,-0.02611607313156128,-0.20245999097824097,-0.021657696720112085,-0.0835980772972107,-0.31395649909973145,-0.029667331632126093,-0.11539816856384277,-0.3778443932533264,-0.03648128991936517,-0.13820579648017883,-0.4262605905532837,-0.043754025157440424,-0.05575019121170044,-0.15463203191757202,-0.031184975784171343,-0.110725998878479,-0.2595708966255188,-0.039737081881511926,-0.1400209665298462,-0.32112014293670654,-0.045237152632225275,-0.16127222776412964,-0.37285315990448,-0.05041696762656045,-0.0831344723701477,-0.10406595468521118,-0.03877128174518418,-0.12694326043128967,-0.1935131549835205,-0.04712266733859849,-0.1507745385169983,-0.24005436897277832,-0.049083187039840936,-0.16905757784843445,-0.2844594717025757,-0.05049728861068559,Thanks
0.0,0.0,0.0,0.030631065368652344,-0.09334403276443481,-0.010592915164977512,0.028281748294830322,-0.21122068166732788,-0.02274075527742525,0.004321575164794922,-0.2991849184036255,-0.03187682670608183,-0.004694521427154541,-0.3761231303215027,-0.044061729731708965,-0.0001188516616821289,-0.22105717658996582,-0.05233244788900038,-0.05474156141281128,-0.3295965790748596,-0.07509807688251158,-0.08959239721298218,-0.39094483852386475,-0.0868044142152371,-0.11716139316558838,-0.43596577644348145,-0.0938895736362042,-0.032672882080078125,-0.16885358095169067,-0.05840558749690672,-0.09443318843841553,-0.29556965827941895,-0.07941088271394392,-0.13256165385246277,-0.3717469573020935,-0.09032621425643583,-0.1597631871700287,-0.42590826749801636,-0.09918985706821104,-0.06373065710067749,-0.11570024490356445,-0.06288333428159376,-0.12107253074645996,-0.23594266176223755,-0.08265611720338484,-0.15855729579925537,-0.30788707733154297,-0.09096288126960417,-0.1862591803073883,-0.3637532591819763,-0.09645527047172209,-0.09280604124069214,-0.06522643566131592,-0.0663455371285977,-0.1392109990119934,-0.1632351279258728,-0.08545809430137297,-0.16690674424171448,-0.2218477725982666,-0.09211773616328855,-0.18894708156585693,-0.2745506763458252,-0.09550332469001432,Thanks
0.0,0.0,0.0,0.034189820289611816,-0.08170056343078613,-0.030412607025766647,0.033843159675598145,-0.1819777488708496,-0.05492403371300725,0.013205468654632568,-0.2643173933029175,-0.07177003858652142,0.004246234893798828,-0.34353727102279663,-0.0905248412307742,0.0025211572647094727,-0.16623103618621826,-0.08367793647613553,-0.05038583278656006,-0.2809593081474304,-0.11266836164560345,-0.08580732345581055,-0.3465249538421631,-0.12573554007377652,-0.11419308185577393,-0.39929312467575073,-0.13317467657890347,-0.02999556064605713,-0.11114579439163208,-0.08008923767175702,-0.09160178899765015,-0.24308770895004272,-0.11147336302366284,-0.13136625289916992,-0.32742518186569214,-0.1264583357986453,-0.16097262501716614,-0.3888557553291321,-0.13676007477607754,-0.06088149547576904,-0.06934362649917603,-0.07484282938804654,-0.12267529964447021,-0.18145298957824707,-0.10065897194709805,-0.1607615053653717,-0.2555582523345947,-0.10997005937662152,-0.187930166721344,-0.3112844228744507,-0.11477631716098813,-0.0893545150756836,-0.04102802276611328,-0.06989284990396527,-0.1361076831817627,-0.13405007123947144,-0.0895940550979617,-0.1624317765235901,-0.1921500563621521,-0.09556182859506634,-0.18452918529510498,-0.23989760875701904,-0.09848346201744107,Thanks
0.0,0.0,0.0,0.02549612522125244,-0.08911067247390747,-0.03136584549793042,0.02098560333251953,-0.19220119714736938,-0.0591247940028552,0.0010082721710205078,-0.2767986059188843,-0.07984503000625409,-0.010017871856689453,-0.35723191499710083,-0.10250400393852033,-0.010164320468902588,-0.1673293113708496,-0.09558075308450498,-0.06483781337738037,-0.2794252038002014,-0.13270400851615705,-0.10080724954605103,-0.3469052314758301,-0.14934456735500135,-0.129863440990448,-0.4016973376274109,-0.15884445994743146,-0.04278886318206787,-0.11797773838043213,-0.09488768517621793,-0.1029171347618103,-0.2369568943977356,-0.13394305497058667,-0.1456640362739563,-0.3209311366081238,-0.15148637085803784,-0.17699676752090454,-0.3868420720100403,-0.16335307448753156,-0.07256674766540527,-0.07622456550598145,-0.09300957262166776,-0.1307336688041687,-0.18216395378112793,-0.12550162166007794,-0.17252463102340698,-0.2597762942314148,-0.1411276647413615,-0.20296287536621094,-0.3220674991607666,-0.15040201335796155,-0.0985000729560852,-0.04271268844604492,-0.09132696330198087,-0.14744466543197632,-0.12273812294006348,-0.1192528867686633,-0.17828142642974854,-0.18465620279312134,-0.1340044924581889,-0.2033083438873291,-0.24005287885665894,-0.14302571504958905,Thanks
0.0,0.0,0.0,0.03027409315109253,-0.0919196605682373,-0.04016742282345831,0.027683794498443604,-0.19172567129135132,-0.07099417769148886,0.008348584175109863,-0.2765066623687744,-0.0925811322851473,-0.005308091640472412,-0.356228768825531,-0.11616868697836935,-0.01052170991897583,-0.16171956062316895,-0.11073433034852087,-0.061744093894958496,-0.26988184452056885,-0.1520175429506594,-0.09810477495193481,-0.3398227095603943,-0.17230536960795462,-0.1284199357032776,-0.3964783549308777,-0.1847943606300646,-0.04578197002410889,-0.11635774374008179,-0.10606593065693914,-0.1009562611579895,-0.23075813055038452,-0.15186681770518362,-0.14177793264389038,-0.3133819103240967,-0.17543695294097006,-0.17386013269424438,-0.37857139110565186,-0.191688442461043,-0.07598167657852173,-0.07835602760314941,-0.09966875784829199,-0.13186520338058472,-0.1762029528617859,-0.1380947174949938,-0.17274856567382812,-0.2514137029647827,-0.158718773953467,-0.2044830620288849,-0.3122168183326721,-0.17156786643698752,-0.10052382946014404,-0.04867899417877197,-0.09371893279984533,-0.14847010374069214,-0.11591941118240356,-0.12609098278716147,-0.1796461045742035,-0.16498512029647827,-0.14361099325850546,-0.20549049973487854,-0.210771381855011,-0.15482770823672354,Thanks
0.0,0.0,0.0,0.02915036678314209,-0.08582520484924316,-0.03161752407976337,0.026909708976745605,-0.18390363454818726,-0.05778896992632099,0.0062323808670043945,-0.2613855004310608,-0.07681735789009281,-0.005082130432128906,-0.33544957637786865,-0.0977446827811832,-0.008818209171295166,-0.15809470415115356,-0.08675671552845188,-0.06196630001068115,-0.26703763008117676,-0.11919579838939853,-0.09755223989486694,-0.3313369154930115,-0.1345881018561954,-0.1260930299758911,-0.3827362060546875,-0.1435750815791721,-0.03964966535568237,-0.10867118835449219,-0.08448900466390796,-0.10009407997131348,-0.23096346855163574,-0.11812531387039371,-0.14139282703399658,-0.31022340059280396,-0.1346585694474811,-0.17255482077598572,-0.370275616645813,-0.14582549964615055,-0.06772106885910034,-0.06821876764297485,-0.08100196158119388,-0.1274186372756958,-0.1752077341079712,-0.10960769092270084,-0.16840344667434692,-0.24587440490722656,-0.12327041660972782,-0.19916856288909912,-0.3024834990501404,-0.1313341054839725,-0.09246820211410522,-0.037790536880493164,-0.07779585754104801,-0.13881927728652954,-0.11633157730102539,-0.10161719655224033,-0.16732275485992432,-0.1705300211906433,-0.11246808802314945,-0.19143140316009521,-0.21762317419052124,-0.11889472787805744,Thanks
0.0,0.0,0.0,0.030489861965179443,-0.08411026000976562,-0.01893115715918725,0.032020628452301025,-0.1918642520904541,-0.0357993927025575,0.009575724601745605,-0.27268028259277344,-0.047950846346594744,-0.0038442611694335938,-0.34864866733551025,-0.06283531823990529,-0.0003609657287597656,-0.1874867081642151,-0.06506859252093022,-0.053650081157684326,-0.29932308197021484,-0.09056250491974538,-0.08924627304077148,-0.36384183168411255,-0.10206644723055547,-0.11679726839065552,-0.4126807451248169,-0.10862967112896627,-0.03166383504867554,-0.13379478454589844,-0.06819190570948308,-0.09309685230255127,-0.26229149103164673,-0.09288649001953786,-0.13144725561141968,-0.3413028120994568,-0.104881023260333,-0.15802106261253357,-0.40124785900115967,-0.11358836779234593,-0.06185990571975708,-0.08418625593185425,-0.070176233741023,-0.11956387758255005,-0.20563381910324097,-0.09306404480574315,-0.1564960479736328,-0.28218525648117065,-0.10390744099257176,-0.1825263500213623,-0.34420526027679443,-0.11049954334137624,-0.0904034972190857,-0.04279172420501709,-0.07162867972490972,-0.13631433248519897,-0.13580191135406494,-0.09392855057356542,-0.1638689637184143,-0.19647353887557983,-0.10327511766789144,-0.18585234880447388,-0.2522042393684387,-0.10818525889752095,Thanks
0.0,0.0,0.0,0.03174912929534912,-0.10253876447677612,-0.0001122542701281759,0.031392693519592285,-0.2196088433265686,-0.00465717223712403,0.007466614246368408,-0.3091579079627991,-0.00876904056647021,-0.003238677978515625,-0.3802989721298218,-0.016098050039794032,0.000225067138671875,-0.24522000551223755,-0.02816644647398192,-0.055368900299072266,-0.3513033986091614,-0.04314000309684474,-0.08796966075897217,-0.40446531772613525,-0.052231801312949244,-0.11384209990501404,-0.4458395838737488,-0.05819012002327639,-0.03233301639556885,-0.19964927434921265,-0.036192828428532664,-0.08929234743118286,-0.31535792350769043,-0.048863941442753855,-0.124114990234375,-0.38288599252700806,-0.05644444526412684,-0.15005451440811157,-0.4309632182121277,-0.06390619428136546,-0.0621950626373291,-0.1512659788131714,-0.04292296023347575,-0.11286377906799316,-0.26240092515945435,-0.05437279270270068,-0.14337244629859924,-0.3286018967628479,-0.06017310695030886,-0.16651034355163574,-0.3815739154815674,-0.06530340911128718,-0.08898359537124634,-0.10314607620239258,-0.04840399475076396,-0.12947529554367065,-0.1993708610534668,-0.059737475228097026,-0.15303337574005127,-0.25297611951828003,-0.06349986196735102,-0.17185711860656738,-0.30236637592315674,-0.06592603178003031,Thanks
0.0,0.0,0.0,0.024277806282043457,-0.10239177942276001,0.009532236538447592,0.023117661476135254,-0.1960207223892212,0.01489167106113598,0.0009869933128356934,-0.2718520760536194,0.019085817083336565,-0.015442848205566406,-0.32207435369491577,0.021231258332349512,-0.020071804523468018,-0.23917382955551147,0.0033901327267216175,-0.06783980131149292,-0.3255447745323181,0.0004773960251753806,-0.09384316205978394,-0.3648936152458191,-0.0023963250707907946,-0.11185950040817261,-0.3952850103378296,-0.00429913769700363,-0.049748778343200684,-0.20303219556808472,-0.004238775886975077,-0.09965401887893677,-0.29980766773223877,-0.007638547990850952,-0.12605828046798706,-0.35004305839538574,-0.011349651918195036,-0.14390206336975098,-0.3888198733329773,-0.014820455529175547,-0.07427781820297241,-0.15863347053527832,-0.010813344225667265,-0.11788412928581238,-0.24619793891906738,-0.01566814626791313,-0.14024049043655396,-0.29665881395339966,-0.018242418721698073,-0.1552884578704834,-0.3380555510520935,-0.019966043487571028,-0.09449982643127441,-0.10867458581924438,-0.015843361571810988,-0.12815317511558533,-0.187747061252594,-0.018634557679675368,-0.143752783536911,-0.22655236721038818,-0.01667791600563362,-0.15454214811325073,-0.26062846183776855,-0.014786834784231928,Thanks
0.0,0.0,0.0,0.021725714206695557,-0.09964317083358765,0.008924134269193473,0.01955246925354004,-0.18927377462387085,0.012612972602084938,-0.0016515851020812988,-0.2641483545303345,0.014846483439043823,-0.015975534915924072,-0.31502026319503784,0.014957580908969703,-0.019146621227264404,-0.23796474933624268,0.0024518030302829175,-0.06676071882247925,-0.3181244134902954,-0.001757034023455617,-0.09258437156677246,-0.3542969822883606,-0.0059539701716744275,-0.11055469512939453,-0.3834855556488037,-0.008866560451849637,-0.04827922582626343,-0.2030102014541626,-0.005421283926978049,-0.09846770763397217,-0.2932741045951843,-0.008933711603447136,-0.1241350769996643,-0.3393341898918152,-0.012613724723621544,-0.14172661304473877,-0.3757708668708801,-0.01649064458177918,-0.07252448797225952,-0.15875780582427979,-0.012376022331579861,-0.11671769618988037,-0.23967128992080688,-0.017186193533405003,-0.13834542036056519,-0.2860473394393921,-0.019227192543610272,-0.1529361605644226,-0.32482099533081055,-0.02099869101510876,-0.09242802858352661,-0.10923230648040771,-0.017969348274334607,-0.12569957971572876,-0.1829710602760315,-0.021457996957167325,-0.14122384786605835,-0.22104430198669434,-0.020049371563061413,-0.15226882696151733,-0.2566322684288025,-0.0186918534265601,Thanks
0.0,0.0,0.0,0.026435554027557373,-0.10719704627990723,0.013472520678107003,0.02337735891342163,-0.19960451126098633,0.019806235960487584,0.0016617774963378906,-0.277383029460907,0.024176036870841244,-0.011096060276031494,-0.3295932412147522,0.026160215890769223,-0.012893140316009521,-0.24464809894561768,0.0077315582211952005,-0.06470412015914917,-0.33393609523773193,0.005723987172160605,-0.09275364875793457,-0.3734346628189087,0.0032132304523031507,-0.11135613918304443,-0.4020256996154785,0.0017743818944211398,-0.04282426834106445,-0.20711469650268555,-0.0008508917626102175,-0.09608781337738037,-0.30767565965652466,-0.0027206484910209383,-0.12330156564712524,-0.3564499616622925,-0.0052073482174535,-0.1412622630596161,-0.39237284660339355,-0.007944153689976474,-0.06832772493362427,-0.16277021169662476,-0.008111002923186561,-0.11554986238479614,-0.25483083724975586,-0.011365559020276805,-0.1387806534767151,-0.3045581579208374,-0.012173213132854244,-0.15420472621917725,-0.34271037578582764,-0.012737426043685218,-0.08917593955993652,-0.11455506086349487,-0.013491745175059577,-0.12590819597244263,-0.19900697469711304,-0.01478361345195367,-0.1417437195777893,-0.24088311195373535,-0.011475757763918182,-0.15220290422439575,-0.2767643928527832,-0.008586715975042125,Thanks
0.0,0.0,0.0,0.027637958526611328,-0.10339570045471191,-0.0013234157079153874,0.025690674781799316,-0.21355408430099487,-0.005590774976766966,-0.000510871410369873,-0.2966054677963257,-0.009085992277718447,-0.012402176856994629,-0.36032629013061523,-0.015316140764511488,-0.014062881469726562,-0.23666447401046753,-0.02692928623513069,-0.06897097826004028,-0.336342453956604,-0.04111015137389984,-0.10137701034545898,-0.3863365054130554,-0.04947874780849304,-0.12720289826393127,-0.4242478609085083,-0.05453294601396408,-0.045663654804229736,-0.18983805179595947,-0.03355532597855415,-0.10079848766326904,-0.3001553416252136,-0.04566610690311279,-0.13488289713859558,-0.36537885665893555,-0.053073027097738645,-0.16053169965744019,-0.4108307957649231,-0.05965030651644554,-0.07274377346038818,-0.14080852270126343,-0.03887600164965477,-0.12168806791305542,-0.2464929223060608,-0.04938514243916359,-0.15116927027702332,-0.3081235885620117,-0.05397828009084549,-0.17292985320091248,-0.35427868366241455,-0.05759053390578117,-0.09700065851211548,-0.09168756008148193,-0.043235127740658186,-0.13531997799873352,-0.18571865558624268,-0.05280535008863296,-0.15566471219062805,-0.23690545558929443,-0.05481680568412628,-0.17108583450317383,-0.28071820735931396,-0.05553618904308166,Thanks
0.0,0.0,0.0,0.03299355506896973,-0.08361726999282837,-0.035871722976935416,0.032728493213653564,-0.18384939432144165,-0.06152502937175086,0.014610111713409424,-0.2653880715370178,-0.07980048028684905,-0.00032716989517211914,-0.3454410433769226,-0.09953934071518233,-0.008969247341156006,-0.16796308755874634,-0.08312248555876067,-0.059905052185058594,-0.28201496601104736,-0.11464092997766784,-0.09570670127868652,-0.34598952531814575,-0.12920764205910018,-0.12520787119865417,-0.39712953567504883,-0.1377118539617186,-0.042969346046447754,-0.11835306882858276,-0.07852453110672286,-0.09852588176727295,-0.24345386028289795,-0.11220142362572005,-0.1366260051727295,-0.32375431060791016,-0.12908710656620315,-0.16514253616333008,-0.3890071511268616,-0.14024974523044875,-0.07264977693557739,-0.07502782344818115,-0.07382888464189818,-0.12389487028121948,-0.18925362825393677,-0.10249619303203872,-0.15872421860694885,-0.26497137546539307,-0.1173239138529425,-0.1844421625137329,-0.32962924242019653,-0.12574210880256942,-0.09730327129364014,-0.044003844261169434,-0.06997728465057662,-0.14036500453948975,-0.12838423252105713,-0.0953466605947142,-0.1661585569381714,-0.1849731206893921,-0.10843162355877212,-0.18657830357551575,-0.23666226863861084,-0.11585763959146789,Thanks
0.0,0.0,0.0,0.034150004386901855,-0.08904194831848145,-0.05778822150426777,0.03461766242980957,-0.18402069807052612,-0.1007581077178088,0.016144871711730957,-0.26719892024993896,-0.13041288625794323,0.0012072920799255371,-0.35637104511260986,-0.16175482642250927,-0.013385534286499023,-0.1569439172744751,-0.14392080378132732,-0.06127196550369263,-0.2622084617614746,-0.19389934312897594,-0.09903079271316528,-0.3330526351928711,-0.21753400039273174,-0.13120853900909424,-0.39148902893066406,-0.2319059319456187,-0.052273690700531006,-0.11288797855377197,-0.1301937795837489,-0.10400307178497314,-0.22690075635910034,-0.18466259014206798,-0.14420640468597412,-0.3118011951446533,-0.20998717319565685,-0.17754510045051575,-0.3814646005630493,-0.2273631937463847,-0.08266383409500122,-0.0807657241821289,-0.11475140821534069,-0.13308453559875488,-0.18249541521072388,-0.15778178941803844,-0.17116057872772217,-0.2600178122520447,-0.1789679027755824,-0.199989914894104,-0.32523924112319946,-0.1924176461656657,-0.1048169732093811,-0.056868553161621094,-0.10101571154194744,-0.15105295181274414,-0.1265639066696167,-0.1354716218669978,-0.18068760633468628,-0.180611252784729,-0.1556231327016917,-0.20456242561340332,-0.22837311029434204,-0.16938188147145183,Thanks
0.0,0.0,0.0,0.03072214126586914,-0.09329211711883545,-0.027592964369148376,0.030850529670715332,-0.20356035232543945,-0.049814391779989364,0.0126570463180542,-0.2870195508003235,-0.06695000072130597,-0.008373558521270752,-0.35385096073150635,-0.08661203076252377,-0.008865594863891602,-0.18189620971679688,-0.07869356115469373,-0.06028109788894653,-0.3063160181045532,-0.11240815361151135,-0.09752941131591797,-0.3802366256713867,-0.1296969576657716,-0.13010871410369873,-0.43522846698760986,-0.13997476537832654,-0.04368579387664795,-0.1324663758277893,-0.08062457283148206,-0.10040146112442017,-0.26747816801071167,-0.11529467989811337,-0.14341166615486145,-0.35435640811920166,-0.13489746292242444,-0.17832905054092407,-0.41970914602279663,-0.14775726934084332,-0.07379865646362305,-0.08628761768341064,-0.08159408708223737,-0.12848657369613647,-0.21037495136260986,-0.11224634190210736,-0.1737268567085266,-0.2921731472015381,-0.13039871295103467,-0.20984816551208496,-0.35359442234039307,-0.14070916910776532,-0.09862124919891357,-0.04739964008331299,-0.0825654863298837,-0.1461525559425354,-0.13952243328094482,-0.11035673310169614,-0.18049556016921997,-0.20031249523162842,-0.12473768730768597,-0.2093191146850586,-0.2502794861793518,-0.13252038498529828,Thanks
0.0,0.0,0.0,0.034372568130493164,-0.10943728685379028,-0.005198792046719802,0.04027056694030762,-0.22663873434066772,-0.013005869886690391,0.015444695949554443,-0.3162371516227722,-0.01937880130004288,-0.01043403148651123,-0.3786435127258301,-0.02842266061794163,-4.0531158447265625e-05,-0.24871456623077393,-0.03648790107559563,-0.05328559875488281,-0.36399853229522705,-0.055073962970489276,-0.08661428093910217,-0.42617881298065186,-0.06641135872792603,-0.11445531249046326,-0.4742201566696167,-0.0736106759447992,-0.037552058696746826,-0.20470786094665527,-0.04319678009938599,-0.09142562747001648,-0.32767951488494873,-0.05974365906309487,-0.12702709436416626,-0.40380364656448364,-0.07003815235089661,-0.15520206093788147,-0.45826369524002075,-0.07898461581658722,-0.07009303569793701,-0.1574527621269226,-0.04839405180405976,-0.11926993727684021,-0.270996630191803,-0.062269379808419956,-0.15122637152671814,-0.3443741798400879,-0.06905539096783997,-0.17550092935562134,-0.39977145195007324,-0.07456775517653824,-0.09824734926223755,-0.11041504144668579,-0.052882195873969806,-0.13630250096321106,-0.20739060640335083,-0.06549859554957749,-0.15865010023117065,-0.266682505607605,-0.0695937475700319,-0.17575481534004211,-0.3173364996910095,-0.07199269296121003,Thanks
0.0,0.0,0.0,0.024492263793945312,-0.0907355546951294,0.009110168087772763,0.028064727783203125,-0.17501503229141235,0.012363172601453698,0.012155771255493164,-0.24896526336669922,0.014550704042903817,-0.0042991042137146,-0.2982310652732849,0.014536941889218724,-0.012058675289154053,-0.227563738822937,-0.0018627453832777974,-0.04985451698303223,-0.32258689403533936,-0.006418777630187833,-0.07137340307235718,-0.3693641424179077,-0.009554748889513576,-0.08713066577911377,-0.4063131809234619,-0.011660513934202754,-0.040158867835998535,-0.2011527419090271,-0.009699500631995761,-0.08102884888648987,-0.304149866104126,-0.015498273540742957,-0.10297489166259766,-0.3594629764556885,-0.01908725174189385,-0.11831969022750854,-0.4012453556060791,-0.02216221997559842,-0.06504195928573608,-0.1631460189819336,-0.016090477351554,-0.1013854444026947,-0.2576069235801697,-0.022349033970840537,-0.1200222373008728,-0.31298762559890747,-0.024274774361856544,-0.13310500979423523,-0.35565346479415894,-0.02548252465248879,-0.08713293075561523,-0.11847555637359619,-0.020930404309638106,-0.11491960287094116,-0.20035332441329956,-0.025895402301557624,-0.1276668906211853,-0.24339359998703003,-0.02511871466458615,-0.1368963122367859,-0.28137511014938354,-0.02382457489193257,Thanks
0.0,0.0,0.0,0.024225592613220215,-0.08551353216171265,0.006497943812750151,0.02715355157852173,-0.1650274395942688,0.009229340629421046,0.014709293842315674,-0.23552584648132324,0.010902694465361407,0.0003522038459777832,-0.28217077255249023,0.010844512881480028,-0.009393513202667236,-0.2197573184967041,-0.00016774284199172484,-0.04520159959793091,-0.3063637614250183,-0.004405072385676334,-0.06419438123703003,-0.3471505641937256,-0.007978219500042627,-0.0768289566040039,-0.3785770535469055,-0.010390426924683283,-0.037158966064453125,-0.1976032853126526,-0.0064346943593101,-0.07636857032775879,-0.2917410135269165,-0.010687122082568834,-0.09567785263061523,-0.34014892578125,-0.013703410474814604,-0.10800495743751526,-0.3769077956676483,-0.016422556674339006,-0.061567485332489014,-0.16344070434570312,-0.011885161472715566,-0.09604209661483765,-0.24983471632003784,-0.017114628067471216,-0.11275085806846619,-0.29970067739486694,-0.019206173679091165,-0.1234826147556305,-0.3399001359939575,-0.02075769375846548,-0.0827389657497406,-0.12124478816986084,-0.016248200049854944,-0.10777616500854492,-0.19337695837020874,-0.02119339253590269,-0.11953827738761902,-0.2327120304107666,-0.02107146564707918,-0.1276789903640747,-0.26838362216949463,-0.020316386556483934,Thanks
0.0,0.0,0.0,0.018174588680267334,-0.08896440267562866,0.009283375350888579,0.015051662921905518,-0.16186773777008057,0.012597094645853846,-0.00407177209854126,-0.21229779720306396,0.013762754744048922,-0.02115786075592041,-0.24295496940612793,0.013010771369691698,-0.018998265266418457,-0.2054356336593628,0.006199165603276102,-0.05703997611999512,-0.2717840075492859,0.004585822003092377,-0.07726043462753296,-0.302704393863678,0.0016143252208267733,-0.09094411134719849,-0.3305979371070862,-0.0008884279456550792,-0.045343101024627686,-0.17958498001098633,-0.0015324877974207118,-0.08480256795883179,-0.25520312786102295,-0.0020811544897595957,-0.10506001114845276,-0.2973066568374634,-0.0054324465970138625,-0.1182774007320404,-0.33236730098724365,-0.0090185651721994,-0.06780111789703369,-0.14317339658737183,-0.008380657637361677,-0.10169315338134766,-0.21229416131973267,-0.01081888248944679,-0.11852172017097473,-0.25351500511169434,-0.014079250039402635,-0.12942659854888916,-0.28891491889953613,-0.016947613673154505,-0.08621728420257568,-0.10030287504196167,-0.013985813239459188,-0.11033332347869873,-0.15940409898757935,-0.016382725553456934,-0.12154921889305115,-0.19112145900726318,-0.01551992317462364,-0.12930512428283691,-0.22190576791763306,-0.014654773862902315,Thanks
0.0,0.0,0.0,0.01810067892074585,-0.0905609130859375,0.009574562989381974,0.010233163833618164,-0.16879254579544067,0.014077027075199311,-0.006034970283508301,-0.22839820384979248,0.016637453556267445,-0.013668656349182129,-0.2684793472290039,0.01757174332460565,-0.020823001861572266,-0.2086719274520874,0.005247522358057921,-0.05868440866470337,-0.27832770347595215,0.0028307968547771623,-0.07863062620162964,-0.31280720233917236,0.0003418978391884764,-0.09272187948226929,-0.34088921546936035,-0.0015164971321617315,-0.04641968011856079,-0.1841025948524475,-0.0021256713865120958,-0.08649379014968872,-0.2639259696006775,-0.004743923220576818,-0.10733723640441895,-0.307561457157135,-0.007571344982626016,-0.12122559547424316,-0.34222280979156494,-0.009889522820504482,-0.06874686479568481,-0.1478954553604126,-0.00857575914988118,-0.10400742292404175,-0.21872657537460327,-0.012541821479590709,-0.12146705389022827,-0.26119858026504517,-0.01501294250765639,-0.13282880187034607,-0.2966799736022949,-0.016557345419915492,-0.0870559811592102,-0.10259342193603516,-0.013673615895005042,-0.11268383264541626,-0.16400718688964844,-0.017358985051306064,-0.12477704882621765,-0.1969251036643982,-0.016884317874701793,-0.13332241773605347,-0.22761482000350952,-0.01571109171191054,Thanks
0.0,0.0,0.0,0.017493069171905518,-0.09448975324630737,0.01608523438189735,0.014004647731781006,-0.17277514934539795,0.025281279259068867,-0.010737061500549316,-0.2228330373764038,0.03267873349104633,-0.036484718322753906,-0.23981702327728271,0.03804754363809337,-0.021778106689453125,-0.21516883373260498,0.013910317704720399,-0.06732714176177979,-0.27706629037857056,0.017653119661552807,-0.09072542190551758,-0.3020002841949463,0.019314910196406743,-0.10454902052879333,-0.323552668094635,0.02024393240426292,-0.05008566379547119,-0.18437904119491577,0.0065018184526692835,-0.09490221738815308,-0.2548483610153198,0.009129524142188927,-0.11744123697280884,-0.2886229157447815,0.009648410514635941,-0.1315208077430725,-0.31578224897384644,0.00944453934643974,-0.07211387157440186,-0.14462929964065552,0.0006905431204344836,-0.10979500412940979,-0.2120547890663147,0.000572238145103654,-0.12858718633651733,-0.2488783597946167,-0.00022821891034396913,-0.14062082767486572,-0.2784841060638428,-0.0005716852334458622,-0.08944970369338989,-0.10058784484863281,-0.0030139487658757957,-0.11688226461410522,-0.16352379322052002,-0.003470054916398624,-0.13053679466247559,-0.1953364610671997,-0.0017050663896966967,-0.13990187644958496,-0.22477465867996216,0.000353124456886178,Thanks
0.0,0.0,0.0,0.018583238124847412,-0.09234273433685303,0.014713960580735375,0.017200887203216553,-0.1681690216064453,0.023885608531742264,-0.000809788703918457,-0.22034096717834473,0.0314587213771631,-0.021133601665496826,-0.24463266134262085,0.03736176050475137,-0.023484468460083008,-0.2154618501663208,0.012976145252793003,-0.06806832551956177,-0.2767108082771301,0.017055555127768685,-0.09021174907684326,-0.300456702709198,0.019228578426151444,-0.10348659753799438,-0.3214317560195923,0.020492491193323303,-0.050785958766937256,-0.18416094779968262,0.006244135901539494,-0.09544682502746582,-0.2528342604637146,0.008827527865975071,-0.11753988265991211,-0.28544384241104126,0.009920292414932419,-0.1313839554786682,-0.3117789626121521,0.010200732268600632,-0.07221651077270508,-0.1438925862312317,0.0009212263950360011,-0.10949099063873291,-0.20921021699905396,0.0009367493304637264,-0.12767821550369263,-0.24467027187347412,0.0007623542307158004,-0.13943412899971008,-0.2733992338180542,0.000780020139387716,-0.08879846334457397,-0.09969615936279297,-0.0025663602890233506,-0.11560514569282532,-0.15874189138412476,-0.0029887974986593235,-0.12898746132850647,-0.18909484148025513,-0.0011772005844647992,-0.13841289281845093,-0.21684813499450684,0.0008910637672272514,Thanks
0.0,0.0,0.0,0.019133925437927246,-0.09292548894882202,0.01595513905822088,0.018116414546966553,-0.16941159963607788,0.025827366965401666,-0.0007114410400390625,-0.22134464979171753,0.034036452057350175,-0.02148115634918213,-0.24483996629714966,0.04054961177943994,-0.02213233709335327,-0.21502435207366943,0.013559205564249055,-0.06653887033462524,-0.27618521451950073,0.01667634594677736,-0.08950471878051758,-0.3011234402656555,0.018071252959359185,-0.10350233316421509,-0.32191306352615356,0.019002525242555635,-0.04961109161376953,-0.18401485681533813,0.006325338608164088,-0.09442323446273804,-0.2543709874153137,0.007894530999053018,-0.11703416705131531,-0.28772133588790894,0.008503078589725988,-0.1313876509666443,-0.31375277042388916,0.00871000077067663,-0.07119643688201904,-0.1440611481666565,0.0006032670401481255,-0.10905086994171143,-0.21059590578079224,-0.00034200738691936294,-0.12761539220809937,-0.24663668870925903,-0.0006337834735887782,-0.13929295539855957,-0.27514421939849854,-0.00031780630042987923,-0.08781427145004272,-0.09987407922744751,-0.003075934374194844,-0.115409255027771,-0.1598188877105713,-0.004195000869643195,-0.1288568377494812,-0.19081807136535645,-0.0024682491882259683,-0.13776040077209473,-0.21863996982574463,-0.00020050075063693384,Thanks
0.0,0.0,0.0,0.01775050163269043,-0.09602463245391846,0.014222018199355091,0.014423489570617676,-0.17516958713531494,0.021409595163852657,-0.005187392234802246,-0.22870320081710815,0.026906443538457836,-0.026310205459594727,-0.25435054302215576,0.030357351305276836,-0.020611941814422607,-0.21517974138259888,0.00881568506577679,-0.0676310658454895,-0.2791813015937805,0.011236364731878723,-0.09147143363952637,-0.3058726191520691,0.012328078748971905,-0.10584425926208496,-0.32907307147979736,0.012770749407202686,-0.0491560697555542,-0.18533164262771606,0.0012341584193862332,-0.09613615274429321,-0.257519006729126,0.0033010528537786854,-0.1189504861831665,-0.29181867837905884,0.003682096500263299,-0.1329880654811859,-0.3189379572868347,0.003036166087106551,-0.07274621725082397,-0.14566636085510254,-0.004715618433117186,-0.11211559176445007,-0.21346670389175415,-0.00459936236745051,-0.13100272417068481,-0.2506364583969116,-0.00508698982900313,-0.1428622603416443,-0.28083062171936035,-0.0058607051499777185,-0.09135526418685913,-0.10030919313430786,-0.008812481758802448,-0.11842501163482666,-0.1628110408782959,-0.009137707983761345,-0.13175031542778015,-0.19506675004959106,-0.006983588670998131,-0.14104503393173218,-0.22493749856948853,-0.0050264198683791506,Thanks
0.0,0.0,0.0,0.021832942962646484,-0.10598665475845337,0.012441652788183433,0.016121268272399902,-0.20065808296203613,0.015362959316334468,-0.009601891040802002,-0.2621769905090332,0.01663811966623996,-0.03633296489715576,-0.28724509477615356,0.01443062998201583,-0.0120619535446167,-0.2293471097946167,-0.006464937274941462,-0.062235116958618164,-0.3115469813346863,-0.012703404800632256,-0.0894898772239685,-0.351192831993103,-0.017411998511889237,-0.1093783974647522,-0.3825669288635254,-0.020662979261615533,-0.04221534729003906,-0.19470417499542236,-0.016929849089720506,-0.09211522340774536,-0.28857487440109253,-0.021965826900341767,-0.11907368898391724,-0.340548038482666,-0.026417740659454125,-0.13868305087089539,-0.3785359859466553,-0.03103099487874772,-0.0684809684753418,-0.1518610715866089,-0.025217681230643052,-0.110118567943573,-0.2383386492729187,-0.030773156361320275,-0.13264283537864685,-0.2905462384223938,-0.034973857031801,-0.14829328656196594,-0.3309256434440613,-0.03849256880734231,-0.0907670259475708,-0.10390442609786987,-0.03138453982923295,-0.11927226185798645,-0.185224711894989,-0.036799193398692864,-0.134535014629364,-0.22699105739593506,-0.03690139673803117,-0.14621880650520325,-0.2630552053451538,-0.03671810873005654,Thanks
0.0,0.0,0.0,0.03350311517715454,-0.10562843084335327,0.0010014277398155969,0.041402459144592285,-0.21139657497406006,-0.003992227629801448,0.022340595722198486,-0.2889673709869385,-0.008021643177649196,-0.01157379150390625,-0.32268840074539185,-0.015579047405203994,0.007396221160888672,-0.2240447998046875,-0.03233703950144928,-0.04578530788421631,-0.3329857587814331,-0.04919994974233788,-0.07764643430709839,-0.3894711136817932,-0.05975924038984459,-0.10424497723579407,-0.43112242221832275,-0.0659305413971154,-0.02584826946258545,-0.18023467063903809,-0.04040989258982819,-0.07903510332107544,-0.29994910955429077,-0.05387313270666283,-0.1114310622215271,-0.3731430172920227,-0.06156044432618302,-0.13638514280319214,-0.42277681827545166,-0.0690123548517434,-0.05654102563858032,-0.1395551562309265,-0.04653212779857796,-0.10416409373283386,-0.2533864378929138,-0.05909516641595047,-0.1312398910522461,-0.3249512314796448,-0.06555729711153191,-0.15117686986923218,-0.37738561630249023,-0.07079383337595146,-0.08306092023849487,-0.10335719585418701,-0.05124542841412705,-0.11935821175575256,-0.20527327060699463,-0.0631965508470742,-0.13974595069885254,-0.26307356357574463,-0.06636964881517571,-0.15640366077423096,-0.31026118993759155,-0.06839026862480324,Thanks
0.0,0.0,0.0,0.03580796718597412,-0.09713387489318848,0.0005605904905934267,0.04628485441207886,-0.20507538318634033,-0.00450575739994008,0.031266987323760986,-0.29054325819015503,-0.008578650810861177,-0.001538097858428955,-0.3294309973716736,-0.016245875665092058,0.011658966541290283,-0.23130983114242554,-0.031741034397029466,-0.042249441146850586,-0.34075021743774414,-0.047774970688962526,-0.07364457845687866,-0.39644551277160645,-0.05801249311222989,-0.0991944670677185,-0.43807876110076904,-0.06425167263402898,-0.022634267807006836,-0.18763601779937744,-0.03970028103246648,-0.07826858758926392,-0.31093186140060425,-0.05257696674122769,-0.10959631204605103,-0.3806319236755371,-0.06026360035791356,-0.13333705067634583,-0.42983174324035645,-0.06769941390409429,-0.05382603406906128,-0.1471043825149536,-0.04570924133911092,-0.10325920581817627,-0.26460176706314087,-0.05749881283297498,-0.1301601529121399,-0.3347321152687073,-0.0634189212407108,-0.15029862523078918,-0.38759922981262207,-0.06835536301984746,-0.0808720588684082,-0.11057859659194946,-0.05040866897358853,-0.11845004558563232,-0.21544766426086426,-0.06095102817668874,-0.1385679841041565,-0.27388572692871094,-0.06318255902185399,-0.15446162223815918,-0.3233102560043335,-0.06461870313539464,Thanks
0.0,0.0,0.0,0.0240786075592041,-0.10044217109680176,0.007361511384758046,0.023584425449371338,-0.19939523935317993,0.007817330455097249,0.0038524270057678223,-0.26888853311538696,0.00794104548326402,-0.022046387195587158,-0.29878610372543335,0.004346390405359557,-0.00872105360031128,-0.2295721173286438,-0.017353961559322784,-0.06032443046569824,-0.31969279050827026,-0.025938824134257743,-0.0887635350227356,-0.3668665885925293,-0.031510675641087005,-0.1110246479511261,-0.4056267738342285,-0.03543497839787335,-0.039408862590789795,-0.191667377948761,-0.026116809191492507,-0.09211546182632446,-0.2931171655654907,-0.033845993073967406,-0.12123143672943115,-0.352866530418396,-0.038788149448421905,-0.1428864598274231,-0.3955683708190918,-0.043771235587385604,-0.06733977794647217,-0.1484435796737671,-0.03265465641239018,-0.11216670274734497,-0.2443334460258484,-0.040963085683372924,-0.13667500019073486,-0.3036144971847534,-0.045982810052421996,-0.15446168184280396,-0.3475080132484436,-0.04976322347143025,-0.09138178825378418,-0.1024366021156311,-0.03732409918525548,-0.1240963339805603,-0.19394677877426147,-0.04583689415672154,-0.14345425367355347,-0.23984330892562866,-0.0472415260396275,-0.1590261161327362,-0.27780425548553467,-0.04759889686324925,Thanks
0.0,0.0,0.0,0.01932162046432495,-0.09786862134933472,0.014471941327485638,0.017606616020202637,-0.17974638938903809,0.021992310581538277,0.00029963254928588867,-0.23696047067642212,0.02788284577223976,-0.01903587579727173,-0.26590436697006226,0.03148680522832592,-0.019952774047851562,-0.22132718563079834,0.004793378690067129,-0.06781458854675293,-0.29229265451431274,0.003488749896916943,-0.09307700395584106,-0.3238319158554077,0.002284300911981063,-0.10951805114746094,-0.34924113750457764,0.0015612605985211303,-0.04840123653411865,-0.19069474935531616,-0.0037122211160180996,-0.09625816345214844,-0.2719300389289856,-0.005838267339584036,-0.12153971195220947,-0.31285035610198975,-0.007136036010649605,-0.13852563500404358,-0.34401804208755493,-0.0084985590746669,-0.07160592079162598,-0.1501447558403015,-0.010467848109271927,-0.11249774694442749,-0.22477102279663086,-0.014501434119608803,-0.13385337591171265,-0.2665139436721802,-0.01652264625039379,-0.14818069338798523,-0.29882341623306274,-0.01761716634240429,-0.0899232029914856,-0.10391455888748169,-0.015146309809949798,-0.11936056613922119,-0.1720711588859558,-0.019796930553582115,-0.13449007272720337,-0.20717406272888184,-0.01962398581412117,-0.14560362696647644,-0.23760372400283813,-0.018441798465516968,Thanks
0.0,0.0,0.0,0.01738375425338745,-0.09331685304641724,0.012333374895277416,0.016375601291656494,-0.1720394492149353,0.01873102547240535,-0.0035050511360168457,-0.22377914190292358,0.02367649735522548,-0.023259222507476807,-0.25015711784362793,0.02645143815887252,-0.023202955722808838,-0.2145366668701172,0.005545646842691099,-0.06944811344146729,-0.2786672115325928,0.005960490513714944,-0.09314775466918945,-0.3067445158958435,0.005804663483175432,-0.10785478353500366,-0.3310577869415283,0.005449670326086675,-0.05094534158706665,-0.18395429849624634,-0.0020379503666134724,-0.09750151634216309,-0.2579057216644287,-0.002376694505912269,-0.12085467576980591,-0.29418718814849854,-0.003156303236139024,-0.13562661409378052,-0.3230665922164917,-0.004468155134347285,-0.07308310270309448,-0.143754780292511,-0.008109609171626175,-0.11270099878311157,-0.21415698528289795,-0.010623282328126038,-0.132028728723526,-0.25291907787323,-0.01202228902268132,-0.14430522918701172,-0.28469812870025635,-0.013142487540719117,-0.09075909852981567,-0.09789299964904785,-0.012420064344880188,-0.11935710906982422,-0.16148966550827026,-0.01583858257519921,-0.13362929224967957,-0.19489234685897827,-0.015014365821954812,-0.14391213655471802,-0.22542643547058105,-0.01370488623517474,Thanks
0.0,0.0,0.0,0.02457273006439209,-0.09709405899047852,0.013099017265631119,0.02422642707824707,-0.18500745296478271,0.020271692137612263,0.003707587718963623,-0.2434561848640442,0.02649970510174171,-0.019364356994628906,-0.2679927349090576,0.030198685537470737,-0.014971554279327393,-0.23189020156860352,0.000520392266480485,-0.0673360824584961,-0.3054603934288025,-0.002511078546376666,-0.09479093551635742,-0.3396126627922058,-0.004230401766108116,-0.1129361093044281,-0.36667996644973755,-0.0052260852498875465,-0.045198142528533936,-0.19635915756225586,-0.007545686614321312,-0.09670311212539673,-0.2821619510650635,-0.011272590894805035,-0.12314474582672119,-0.32585328817367554,-0.012539417770312866,-0.14067348837852478,-0.3574075698852539,-0.013872030478523811,-0.06947457790374756,-0.15331369638442993,-0.013907761600421509,-0.11493086814880371,-0.23450595140457153,-0.020624285851226887,-0.13825631141662598,-0.2811392545700073,-0.023131666992412647,-0.1538878083229065,-0.3159369230270386,-0.023931935716973385,-0.08879846334457397,-0.10648477077484131,-0.018101910416589817,-0.1242152750492096,-0.18177205324172974,-0.026052974451886257,-0.14295804500579834,-0.22031348943710327,-0.027453322250948986,-0.15600895881652832,-0.25443321466445923,-0.02686679019461735,Thanks
0.0,0.0,0.0,0.031027138233184814,-0.10139083862304688,0.00830107976425154,0.03202623128890991,-0.19925987720489502,0.009534640728716681,0.013151049613952637,-0.267524778842926,0.009890225275640319,-0.009876668453216553,-0.30264341831207275,0.006488292503391335,-0.00014656782150268555,-0.23129934072494507,-0.01517500493001478,-0.05329263210296631,-0.32609379291534424,-0.025385029122944047,-0.08326435089111328,-0.3760995864868164,-0.03256202812563913,-0.10623374581336975,-0.41386878490448,-0.03725027616393106,-0.03203397989273071,-0.1898779273033142,-0.02453615281056898,-0.08784502744674683,-0.29735010862350464,-0.033057931319589784,-0.11844611167907715,-0.35977089405059814,-0.03945548410784738,-0.1409938931465149,-0.40360671281814575,-0.045802723125333955,-0.06004893779754639,-0.14567244052886963,-0.03194204296242731,-0.10925889015197754,-0.24636638164520264,-0.0409614550627424,-0.13662785291671753,-0.30745911598205566,-0.04703685592185991,-0.15671983361244202,-0.3526960611343384,-0.0517419161952688,-0.08381879329681396,-0.10123240947723389,-0.03746110151779192,-0.12121674418449402,-0.193498432636261,-0.046963504955883195,-0.1414175033569336,-0.24408775568008423,-0.04992423902523058,-0.15724971890449524,-0.28674912452697754,-0.051506846652145555,Thanks
0.0,0.0,0.0,0.040090322494506836,-0.09400409460067749,-0.010128329978208228,0.05164521932601929,-0.20605480670928955,-0.022717292890767737,0.032298266887664795,-0.286368191242218,-0.03233827045641391,-0.000359952449798584,-0.3295840620994568,-0.04601152008853404,0.02392333745956421,-0.20563048124313354,-0.054072221279959365,-0.030347466468811035,-0.3196858763694763,-0.07589227846346347,-0.06548929214477539,-0.38487017154693604,-0.08848413220129459,-0.09356069564819336,-0.4351027011871338,-0.09623853257379977,-0.013865232467651367,-0.15489733219146729,-0.05981902545772044,-0.0715588927268982,-0.2874094247817993,-0.08103367081366031,-0.1099274754524231,-0.3720054626464844,-0.09361501923284976,-0.13901224732398987,-0.43032050132751465,-0.10402233293734042,-0.050161004066467285,-0.1161569356918335,-0.06313651940308063,-0.10170698165893555,-0.24232643842697144,-0.08214765182218997,-0.13372784852981567,-0.3273056745529175,-0.09162022313557117,-0.1573994755744934,-0.38883328437805176,-0.098027864009957,-0.08353108167648315,-0.08898508548736572,-0.06531299045763461,-0.12022605538368225,-0.197778582572937,-0.08031833311996905,-0.1414768099784851,-0.26529020071029663,-0.08370065084181277,-0.15824627876281738,-0.32000887393951416,-0.0855628787585303,Thanks
0.0,0.0,0.0,0.023895204067230225,-0.07900083065032959,-0.03253857967789031,0.023886919021606445,-0.15883976221084595,-0.05883358967835761,0.00542527437210083,-0.21965867280960083,-0.07697925893003799,-0.020667612552642822,-0.25310343503952026,-0.09657056060964919,-0.010214388370513916,-0.12145793437957764,-0.09580865678722716,-0.05762791633605957,-0.2217370867729187,-0.12999393222267486,-0.09016627073287964,-0.28577756881713867,-0.1465629207843051,-0.11691594123840332,-0.3357353210449219,-0.15572396097118713,-0.04051131010055542,-0.07947152853012085,-0.09080265638763763,-0.09235274791717529,-0.18579202890396118,-0.12666034874851562,-0.12986689805984497,-0.2636287808418274,-0.14458006796772338,-0.15882188081741333,-0.32470160722732544,-0.15623212037021972,-0.0671352744102478,-0.05233776569366455,-0.08356858221227981,-0.1154625415802002,-0.15285879373550415,-0.11224512932236053,-0.15232127904891968,-0.22730183601379395,-0.12917019603187896,-0.17979198694229126,-0.2825254201889038,-0.139137687062572,-0.08840781450271606,-0.03842437267303467,-0.07651441720659591,-0.12939602136611938,-0.11305993795394897,-0.09944892851049758,-0.15768766403198242,-0.1677781343460083,-0.112438226019691,-0.17939144372940063,-0.21171557903289795,-0.12036659744913436,Thanks
0.0,0.0,0.0,0.03942757844924927,-0.09707605838775635,-0.005865402002758202,0.047451913356781006,-0.21343159675598145,-0.014105388377732453,0.027910172939300537,-0.29773569107055664,-0.020490348753458676,-0.006042063236236572,-0.34121209383010864,-0.03088346723926705,0.014915823936462402,-0.22617381811141968,-0.03835188266349476,-0.03902381658554077,-0.3329227566719055,-0.05591793027234715,-0.07317960262298584,-0.39332056045532227,-0.06827489328098935,-0.10114139318466187,-0.44077879190444946,-0.07639478933525723,-0.020633935928344727,-0.17565631866455078,-0.04447366338682812,-0.07888871431350708,-0.29457294940948486,-0.06007681828451794,-0.11527779698371887,-0.3724539279937744,-0.07253440510941189,-0.14428311586380005,-0.42670077085494995,-0.0835170824499194,-0.05309253931045532,-0.13305896520614624,-0.04851141613436383,-0.10512048006057739,-0.2507760524749756,-0.06242228340817135,-0.13555356860160828,-0.3304809331893921,-0.07226633321953457,-0.15953701734542847,-0.3893275856971741,-0.07987681072664898,-0.08251911401748657,-0.09978640079498291,-0.051432319399840054,-0.12107312679290771,-0.20278441905975342,-0.06327579211903256,-0.1436903476715088,-0.2654429078102112,-0.06674285274458569,-0.16171565651893616,-0.3176487684249878,-0.0689357374281947,Thanks
0.0,0.0,0.0,0.02044355869293213,-0.10234087705612183,0.014683677563354536,0.01899629831314087,-0.19087570905685425,0.022011935459360643,0.00017207860946655273,-0.24949312210083008,0.028396187098607584,-0.02245396375656128,-0.2747558355331421,0.032308414326891466,-0.016761958599090576,-0.22777676582336426,-0.000675265812404291,-0.06887656450271606,-0.30557119846343994,-0.003639820981859998,-0.09593302011489868,-0.34038567543029785,-0.005252466322943405,-0.11384743452072144,-0.36758953332901,-0.006065716287210421,-0.04639333486557007,-0.18849492073059082,-0.00947462885649486,-0.09876751899719238,-0.28170186281204224,-0.012552844612017111,-0.12477299571037292,-0.3291085362434387,-0.013790062880232767,-0.14224377274513245,-0.36379653215408325,-0.015415279446258978,-0.07073706388473511,-0.14399105310440063,-0.01626357088805719,-0.11509394645690918,-0.2289409637451172,-0.021717481566682295,-0.13742762804031372,-0.27587777376174927,-0.024235135195866064,-0.1523214876651764,-0.3121154308319092,-0.025559596968903975,-0.08960163593292236,-0.09806102514266968,-0.020692607639446692,-0.12253856658935547,-0.1747613549232483,-0.027327019972815947,-0.13915157318115234,-0.21151816844940186,-0.028106287373319105,-0.1512635052204132,-0.24309808015823364,-0.02749369318605943,Thanks
0.0,0.0,0.0,0.018566489219665527,-0.09459298849105835,0.016929421761076924,0.01819092035293579,-0.16939836740493774,0.027388172411363598,-0.00018543004989624023,-0.22152572870254517,0.03640287201945114,-0.02097034454345703,-0.244490385055542,0.043922821247022625,-0.025384247303009033,-0.2157418131828308,0.012462200784128186,-0.07106584310531616,-0.27877330780029297,0.015709808283489224,-0.09441113471984863,-0.30317622423171997,0.017805271037858006,-0.10893416404724121,-0.3232003450393677,0.019393125736158368,-0.05266141891479492,-0.18347346782684326,0.005513403751891133,-0.10066497325897217,-0.2555590271949768,0.007314893604259964,-0.12334343791007996,-0.2891985774040222,0.008633410745304104,-0.1376023292541504,-0.3159809112548828,0.00928929373715448,-0.07434487342834473,-0.14248961210250854,0.0003675272290166731,-0.11544087529182434,-0.20872265100479126,-3.359150120729737e-05,-0.13376373052597046,-0.2453932762145996,0.000155583749645416,-0.1449410617351532,-0.27541083097457886,0.0006115296399258341,-0.09071117639541626,-0.09667700529098511,-0.0025809412347115313,-0.11948862671852112,-0.15591400861740112,-0.0030496851997412477,-0.13328105211257935,-0.18588519096374512,-0.0006756822569258247,-0.14291006326675415,-0.2129889726638794,0.0019513477580659355,Thanks
0.0,0.0,0.0,0.017933785915374756,-0.09334081411361694,0.016413454315568288,0.018663883209228516,-0.1676982045173645,0.0262033886974109,0.000996232032775879,-0.21957170963287354,0.03453451988747247,-0.019585251808166504,-0.24302399158477783,0.041388513869549115,-0.02510368824005127,-0.21522319316864014,0.011854506446923097,-0.07070434093475342,-0.27840185165405273,0.014411392039562543,-0.09417998790740967,-0.3030078411102295,0.015884293592478116,-0.10868746042251587,-0.323158860206604,0.017080024233962376,-0.052392423152923584,-0.18253451585769653,0.00469219766085871,-0.09982740879058838,-0.25477826595306396,0.005378586589301904,-0.12259790301322937,-0.2890564203262329,0.0060463779372526005,-0.13670426607131958,-0.31644177436828613,0.006431671674306472,-0.07389229536056519,-0.14163744449615479,-0.0007311374066034659,-0.1148180365562439,-0.20837616920471191,-0.0020544725703643962,-0.13328319787979126,-0.24562585353851318,-0.0020647878992008373,-0.14453420042991638,-0.27600985765457153,-0.0014917727094712063,-0.09012079238891602,-0.09616661071777344,-0.004015450947974841,-0.11859288811683655,-0.15623849630355835,-0.004709425964449565,-0.13236546516418457,-0.18641161918640137,-0.0022257558303522273,-0.14177197217941284,-0.2137712836265564,0.0005757797625278727,Thanks
0.0,0.0,0.0,0.01902937889099121,-0.09586137533187866,0.015457776078818597,0.017521202564239502,-0.17340904474258423,0.023351396137712754,-0.0040201544761657715,-0.2285623550415039,0.02966401789510087,-0.02678316831588745,-0.25374865531921387,0.03391733642840222,-0.02396327257156372,-0.22021174430847168,0.007655717136202611,-0.07299613952636719,-0.2860831022262573,0.008909337857602395,-0.09721750020980835,-0.3121773600578308,0.009994340764222898,-0.11135789752006531,-0.3344529867172241,0.010999382177232064,-0.05202460289001465,-0.18811547756195068,0.00024864472854346786,-0.1023644208908081,-0.2632753252983093,0.0006447398284024075,-0.12528282403945923,-0.3002544641494751,0.001639488206109263,-0.13856062293052673,-0.32947391271591187,0.00196849315599934,-0.07441246509552002,-0.14800477027893066,-0.005261385178329192,-0.11739903688430786,-0.21873873472213745,-0.006520813161642991,-0.13526830077171326,-0.2574803829193115,-0.0057121667248623,-0.14550575613975525,-0.2885550856590271,-0.004891900641979419,-0.09217655658721924,-0.10362637042999268,-0.008720645977319919,-0.12190961837768555,-0.16846197843551636,-0.009561773685874186,-0.13503104448318481,-0.20119941234588623,-0.00644284516400262,-0.14376011490821838,-0.23053830862045288,-0.0032679557969288453,Thanks
0.0,0.0,0.0,0.019964098930358887,-0.1033867597579956,0.011933693504765586,0.016800105571746826,-0.19608134031295776,0.015349212876394347,-0.00787287950515747,-0.25740230083465576,0.01713229606939848,-0.03645592927932739,-0.27831971645355225,0.0157390933771282,-0.017636001110076904,-0.2286807894706726,-0.004460764740720435,-0.06810563802719116,-0.30790865421295166,-0.01008912098513548,-0.09487330913543701,-0.34449565410614014,-0.014037761994764253,-0.11337220668792725,-0.37235116958618164,-0.01673570570455496,-0.04807281494140625,-0.19505786895751953,-0.014746415586337491,-0.09880363941192627,-0.2854042649269104,-0.020085574285253927,-0.12636518478393555,-0.3346300721168518,-0.024386613787278577,-0.1457921266555786,-0.37038564682006836,-0.02836108689115946,-0.07386189699172974,-0.15154778957366943,-0.023095461697444364,-0.11677014827728271,-0.2358129620552063,-0.029600639985069677,-0.14055326581001282,-0.28593945503234863,-0.03386921730743353,-0.1567884087562561,-0.32451874017715454,-0.0369726448963732,-0.09517580270767212,-0.10203009843826294,-0.029385027633175298,-0.12495383620262146,-0.18041443824768066,-0.03587038737641279,-0.14094364643096924,-0.22032856941223145,-0.03632776361809675,-0.15297618508338928,-0.255767285823822,-0.036058041424617215,Thanks
0.0,0.0,0.0,0.025174379348754883,-0.10760372877120972,0.00748176488674801,0.02980947494506836,-0.2127438187599182,0.009756391287069732,0.014468550682067871,-0.2882325053215027,0.012213020004551822,-0.014695882797241211,-0.31478041410446167,0.011348790839534217,-0.007448792457580566,-0.2446102499961853,-0.017825096495229786,-0.057500481605529785,-0.3418964147567749,-0.028049317769486493,-0.0871838927268982,-0.39223724603652954,-0.034240115083534306,-0.1103217601776123,-0.43002647161483765,-0.038185532785732335,-0.03868067264556885,-0.20395755767822266,-0.026107275508124417,-0.09352892637252808,-0.311348021030426,-0.035748194552738255,-0.1263018548488617,-0.3748776316642761,-0.04134849423893172,-0.15115651488304138,-0.42122381925582886,-0.046880185253698414,-0.06735450029373169,-0.15946120023727417,-0.03229436615832526,-0.11749535799026489,-0.2576265335083008,-0.0421698536945172,-0.1456998586654663,-0.3197248578071594,-0.04854863101967055,-0.1660345196723938,-0.36756670475006104,-0.05345915967949111,-0.09279453754425049,-0.11441129446029663,-0.03657765278943259,-0.13084858655929565,-0.20321166515350342,-0.04695741052158553,-0.152064710855484,-0.25238728523254395,-0.05103006923921782,-0.16857072710990906,-0.29399096965789795,-0.05356543103583533,Thanks
0.0,0.0,0.0,0.045989930629730225,-0.1030307412147522,0.0024951971857802846,0.05966693162918091,-0.22053784132003784,-0.0018974880664615057,0.04615283012390137,-0.3088775873184204,-0.005506166650448563,0.0110207200050354,-0.3493531346321106,-0.01380566686624718,0.023976683616638184,-0.23636531829833984,-0.03301805436844063,-0.030264317989349365,-0.3442697525024414,-0.0509944278025074,-0.0659303069114685,-0.4044298529624939,-0.06464566841954422,-0.09579944610595703,-0.4506666660308838,-0.07360859021777344,-0.00990438461303711,-0.1844860315322876,-0.04283628419274521,-0.07058054208755493,-0.3067665100097656,-0.05851939127082062,-0.10876387357711792,-0.3832154870033264,-0.07132109806174469,-0.1393924355506897,-0.43610358238220215,-0.08278173014754486,-0.04215472936630249,-0.13841897249221802,-0.049737652691547396,-0.09728604555130005,-0.25444352626800537,-0.06265450820559693,-0.12856525182724,-0.32970452308654785,-0.07121241644257736,-0.15203985571861267,-0.386871874332428,-0.07839699641102982,-0.0733417272567749,-0.09866046905517578,-0.05488245368236733,-0.11615568399429321,-0.19636482000350952,-0.06352685198420716,-0.13982272148132324,-0.25265181064605713,-0.06419715091819,-0.15687298774719238,-0.30094534158706665,-0.06506486788624954,Thanks
0.0,0.0,0.0,0.04142862558364868,-0.10519719123840332,0.002640789638633123,0.05138975381851196,-0.22118258476257324,-0.0015426675943785995,0.03572887182235718,-0.30988526344299316,-0.0054775059377902835,6.961822509765625e-05,-0.3466545343399048,-0.013647139274155506,0.015486717224121094,-0.2407677173614502,-0.030705998853420624,-0.04182171821594238,-0.35110926628112793,-0.04859425427076758,-0.07792103290557861,-0.4077220559120178,-0.061708393708443054,-0.10868585109710693,-0.4509451389312744,-0.07022784577367247,-0.019761979579925537,-0.19156402349472046,-0.0409531772291416,-0.07983922958374023,-0.3133898377418518,-0.05627598168013037,-0.11813753843307495,-0.3882903456687927,-0.06797444002387465,-0.1496766209602356,-0.4428146481513977,-0.0787114121174568,-0.052539706230163574,-0.145979642868042,-0.04890938402769507,-0.10699361562728882,-0.260850191116333,-0.062391764686083206,-0.14003247022628784,-0.33524930477142334,-0.07113850043771208,-0.16641724109649658,-0.39385998249053955,-0.07835061775205077,-0.08197152614593506,-0.1049073338508606,-0.05524088369367064,-0.12583857774734497,-0.2050963044166565,-0.0655530013298744,-0.15150099992752075,-0.2639746069908142,-0.06794322954175414,-0.17231491208076477,-0.3155839443206787,-0.06994060353991927,Thanks
0.0,0.0,0.0,0.017747223377227783,-0.10260552167892456,0.008433645804679202,0.012498199939727783,-0.19728922843933105,0.012267925990080641,-0.011786401271820068,-0.2621275782585144,0.015693874311899947,-0.04272341728210449,-0.2773885726928711,0.01681243370220642,-0.0333670973777771,-0.22939515113830566,-0.0031062027166726125,-0.08902543783187866,-0.29925572872161865,-0.006381718228304578,-0.11830192804336548,-0.32997065782546997,-0.009423873173737718,-0.13936054706573486,-0.35484182834625244,-0.011538450392627908,-0.06273585557937622,-0.19072341918945312,-0.00951597725107689,-0.11888030171394348,-0.2712942957878113,-0.011805427978480054,-0.14618921279907227,-0.31416207551956177,-0.014143368015730573,-0.16582077741622925,-0.34530824422836304,-0.01702858206882496,-0.08525460958480835,-0.1458442211151123,-0.014285442205810739,-0.13515251874923706,-0.22076547145843506,-0.01793284413471241,-0.15932989120483398,-0.2645367383956909,-0.020348903509521676,-0.17681476473808289,-0.2962183952331543,-0.02237761464967747,-0.10177761316299438,-0.09903264045715332,-0.01760000993564148,-0.14033883810043335,-0.16751444339752197,-0.02216529731705208,-0.15999704599380493,-0.20443964004516602,-0.022203336256289674,-0.17470937967300415,-0.23750072717666626,-0.021549173417234613,Thanks
0.0,0.0,0.0,0.016705870628356934,-0.09073305130004883,0.008152977605739409,0.014090955257415771,-0.16692620515823364,0.013966226992586428,-0.005414783954620361,-0.21667039394378662,0.018879782450774485,-0.02688920497894287,-0.23569220304489136,0.022738436279276186,-0.04143357276916504,-0.2091546654701233,0.009518181016126448,-0.08445745706558228,-0.2633863687515259,0.009112423328140551,-0.1094048023223877,-0.28754299879074097,0.006236169995197827,-0.1279277801513672,-0.3060310482978821,0.004442242482134873,-0.06612551212310791,-0.1713416576385498,0.005118617364594513,-0.11164572834968567,-0.23312747478485107,0.005606738427111679,-0.13630050420761108,-0.265561044216156,0.0035756805868984998,-0.1531849205493927,-0.2904418110847473,0.0014300920725034416,-0.08370184898376465,-0.12915587425231934,0.0013601138912306965,-0.122719407081604,-0.18789547681808472,0.0005159330744461954,-0.14079546928405762,-0.22135978937149048,-0.0003743680876979738,-0.15254056453704834,-0.2451367974281311,-0.000929851741140908,-0.09633225202560425,-0.08621561527252197,-0.0014605545015839994,-0.12487137317657471,-0.13944637775421143,-0.0015482822941450536,-0.1378173828125,-0.16781222820281982,0.0008101649423295498,-0.14608359336853027,-0.1915873885154724,0.003194150091538006,Thanks
0.0,0.0,0.0,0.017934679985046387,-0.09079211950302124,0.006838119773211915,0.01603180170059204,-0.16905874013900757,0.013085427878442246,-0.0029019713401794434,-0.22010254859924316,0.018735858796182114,-0.02402782440185547,-0.24212169647216797,0.0235433831792502,-0.03967547416687012,-0.21456432342529297,0.011763980796578366,-0.0827140212059021,-0.27016037702560425,0.013526727629843194,-0.10688906908035278,-0.2940550446510315,0.011911746298912007,-0.1244221031665802,-0.31340980529785156,0.010792619733157593,-0.06507742404937744,-0.1783483624458313,0.008534749222937066,-0.11015760898590088,-0.24054807424545288,0.011052990516665417,-0.1338059902191162,-0.27368903160095215,0.009499008951726395,-0.15007054805755615,-0.2998751997947693,0.00763040147537275,-0.08323746919631958,-0.1364116072654724,0.005707786137255866,-0.121297687292099,-0.1949215531349182,0.005922340972366769,-0.1387692391872406,-0.22896307706832886,0.004789222216251332,-0.15033289790153503,-0.2539212107658386,0.004217839052918393,-0.09615403413772583,-0.093197762966156,0.0036882790252743547,-0.12393796443939209,-0.14773160219192505,0.004387202391418654,-0.13666141033172607,-0.1761264204978943,0.006736301070096928,-0.14494797587394714,-0.20024937391281128,0.009190241059306103,Thanks
0.0,0.0,0.0,0.01865309476852417,-0.09216797351837158,0.007230770828236643,0.01579916477203369,-0.1714162826538086,0.014977286623825137,-0.0024530887603759766,-0.22336018085479736,0.02240940095673949,-0.023964405059814453,-0.24384337663650513,0.02917352044772059,-0.039505839347839355,-0.2167884111404419,0.013049569034983222,-0.08200979232788086,-0.2724011540412903,0.01658117310892493,-0.10673314332962036,-0.29635685682296753,0.016121477874030177,-0.1250830888748169,-0.316741406917572,0.01553628133427054,-0.06459552049636841,-0.18071770668029785,0.010516039149869982,-0.10916203260421753,-0.2419419288635254,0.01412061979811341,-0.13287782669067383,-0.27416718006134033,0.013003594296087329,-0.14951646327972412,-0.2998727560043335,0.011411497423459593,-0.08268052339553833,-0.13875484466552734,0.008544860461761061,-0.12099763751029968,-0.19658631086349487,0.009432405287434165,-0.13917696475982666,-0.2298903465270996,0.008072913678397242,-0.15181446075439453,-0.2540767788887024,0.007396589087356631,-0.09540706872940063,-0.09573328495025635,0.007477900533039872,-0.12386402487754822,-0.14940792322158813,0.008457605781067912,-0.13784950971603394,-0.17639374732971191,0.010555465759743754,-0.1473538875579834,-0.19894516468048096,0.012905179576982562,Thanks
0.0,0.0,0.0,0.017773866653442383,-0.08828902244567871,0.00691205882344903,0.014282763004302979,-0.16844534873962402,0.01369633399758996,-0.00454258918762207,-0.2217566967010498,0.0200218508473462,-0.026386559009552002,-0.2433505654335022,0.025718507029754534,-0.041505515575408936,-0.21735668182373047,0.01210910701070489,-0.08344602584838867,-0.2755499482154846,0.014134676799816503,-0.10786515474319458,-0.30031126737594604,0.012809851810974493,-0.12623676657676697,-0.3201531171798706,0.011971331805629148,-0.06646424531936646,-0.18158423900604248,0.009309193723542109,-0.11078453063964844,-0.24578320980072021,0.012439376347405329,-0.13390570878982544,-0.27813708782196045,0.011751986712855711,-0.1500304639339447,-0.30315250158309937,0.010523055352908983,-0.08429354429244995,-0.14023739099502563,0.006888265394312754,-0.12329608201980591,-0.2000179886817932,0.007724780262154951,-0.14109933376312256,-0.23397308588027954,0.007213617813480511,-0.15341323614120483,-0.2573177218437195,0.006989671055865898,-0.09734439849853516,-0.09824156761169434,0.005211183939767494,-0.1272585690021515,-0.15313446521759033,0.006196908325595274,-0.1412195861339569,-0.18215465545654297,0.008552422419828787,-0.15048062801361084,-0.20616227388381958,0.010974095807117834,Thanks
0.0,0.0,0.0,0.024259328842163086,-0.09835374355316162,0.0034393431116548356,0.018870890140533447,-0.19326382875442505,0.007697855165293532,-0.009988903999328613,-0.2523438334465027,0.012126318221977073,-0.040287137031555176,-0.25619155168533325,0.015307532666316348,-0.03608649969100952,-0.22038918733596802,0.0028302870188561258,-0.08217692375183105,-0.2866593599319458,-0.00018664222518438578,-0.10772353410720825,-0.31267398595809937,-0.004324069669404906,-0.12724757194519043,-0.3296929597854614,-0.006641275206515473,-0.06450581550598145,-0.18000364303588867,8.394500689590245e-05,-0.11204934120178223,-0.2510465383529663,-0.0017128546758833352,-0.1367798149585724,-0.2886468172073364,-0.005172761579910201,-0.15544918179512024,-0.3137493133544922,-0.008076091254064721,-0.08415347337722778,-0.13579589128494263,-0.0021835516243520203,-0.12468716502189636,-0.2030678391456604,-0.005051190456310195,-0.14566802978515625,-0.24330240488052368,-0.008018499197373075,-0.16122326254844666,-0.26949000358581543,-0.00963652129651038,-0.09758076071739197,-0.0920911431312561,-0.003647763937646431,-0.12975060939788818,-0.15315866470336914,-0.00590866706700055,-0.14514899253845215,-0.18699002265930176,-0.005354006266156119,-0.15567892789840698,-0.21489381790161133,-0.004051838492909354,Thanks
0.0,0.0,0.0,0.03512275218963623,-0.07780879735946655,-0.018205802007301486,0.03386819362640381,-0.16894155740737915,-0.031001393734200633,0.004412293434143066,-0.23194247484207153,-0.039342838390453494,-0.03131133317947388,-0.2492450475692749,-0.05065435083089653,-0.023597538471221924,-0.1666501760482788,-0.04792298661051575,-0.07658788561820984,-0.24969840049743652,-0.06715810210882012,-0.11329647898674011,-0.2950579524040222,-0.07987102778135124,-0.14572232961654663,-0.32655078172683716,-0.08801147998748604,-0.0509987473487854,-0.11679089069366455,-0.04728376404820267,-0.11465519666671753,-0.2122032642364502,-0.06412967206416909,-0.15570631623268127,-0.2703479528427124,-0.07758947373805825,-0.1883159875869751,-0.3070838451385498,-0.08826451660571877,-0.07211971282958984,-0.07494533061981201,-0.04541785554467026,-0.1279480755329132,-0.16563963890075684,-0.05970283882199112,-0.16351401805877686,-0.22434955835342407,-0.06977001489578072,-0.19085931777954102,-0.2639251947402954,-0.07665265263496224,-0.08805587887763977,-0.04150354862213135,-0.043685562028272784,-0.1305060088634491,-0.11919903755187988,-0.05561657161889855,-0.15480834245681763,-0.16446805000305176,-0.0595016135412294,-0.17337721586227417,-0.20254415273666382,-0.06168104247628037,Thanks
0.0,0.0,0.0,0.0339963436126709,-0.10031551122665405,-0.0023758258922086384,0.037677109241485596,-0.20922040939331055,-0.006433101722045365,0.011583924293518066,-0.2875187397003174,-0.008342341405345621,-0.0264207124710083,-0.30595409870147705,-0.013731464629067602,-0.010838627815246582,-0.21841555833816528,-0.03434261761326951,-0.06585830450057983,-0.31744492053985596,-0.049098850113345804,-0.09816354513168335,-0.3682903051376343,-0.05787593953032655,-0.12421149015426636,-0.4050644040107727,-0.06359584338684243,-0.0415835976600647,-0.17281359434127808,-0.04037550918479127,-0.09877726435661316,-0.28488457202911377,-0.05343519232888383,-0.13267546892166138,-0.3492458462715149,-0.0614873030008809,-0.1583145260810852,-0.3923454284667969,-0.0690808490635888,-0.06737732887268066,-0.12847471237182617,-0.04447673715372247,-0.11770492792129517,-0.23346573114395142,-0.056483694237662974,-0.14811623096466064,-0.29910731315612793,-0.06404055364151162,-0.17177850008010864,-0.34643644094467163,-0.07008933730144662,-0.08870932459831238,-0.08535128831863403,-0.04740401439089936,-0.12963396310806274,-0.17713654041290283,-0.05822402693052453,-0.1522148847579956,-0.2283998727798462,-0.061940402609302225,-0.17101168632507324,-0.270843505859375,-0.06475650973339242,Thanks
0.0,0.0,0.0,0.032803237438201904,-0.09973758459091187,-0.0022918254396060433,0.03728163242340088,-0.2051066756248474,-0.0066894649786988225,0.012144982814788818,-0.2798917293548584,-0.009488032504741284,-0.023383259773254395,-0.30000221729278564,-0.015740883841935727,-0.01073753833770752,-0.22220134735107422,-0.02935888741892967,-0.06389331817626953,-0.31287163496017456,-0.043168536692682835,-0.09390482306480408,-0.36198174953460693,-0.052293683707539174,-0.1176687479019165,-0.3994024991989136,-0.05837574911100063,-0.04199850559234619,-0.17730510234832764,-0.034755955755535695,-0.097174733877182,-0.28083574771881104,-0.04686211732012424,-0.12791484594345093,-0.3419950008392334,-0.054860621064726445,-0.15126514434814453,-0.3854222297668457,-0.062297365933481785,-0.06690508127212524,-0.1331682801246643,-0.03846253764611873,-0.11672979593276978,-0.23211568593978882,-0.04970187631231937,-0.14468979835510254,-0.2943868637084961,-0.05668181118351612,-0.16588610410690308,-0.34091758728027344,-0.06215046656114254,-0.08656075596809387,-0.09131592512130737,-0.041162736087862584,-0.12621262669563293,-0.1804787516593933,-0.051248575866047474,-0.14718809723854065,-0.2306252121925354,-0.0544712723491827,-0.16370618343353271,-0.2727838158607483,-0.05673668098432216,Thanks
0.0,0.0,0.0,0.02363044023513794,-0.10617697238922119,0.010245778779612635,0.022665441036224365,-0.20131999254226685,0.01615408919297323,-0.0011771321296691895,-0.26433253288269043,0.021893969918714618,-0.029535233974456787,-0.28423571586608887,0.025256072352753733,-0.02067512273788452,-0.23208987712860107,-0.0015468650310097587,-0.07188194990158081,-0.3106991648674011,-0.004087187633736278,-0.09907561540603638,-0.3487551212310791,-0.0062768294521404755,-0.11792722344398499,-0.3797215223312378,-0.00798412487365141,-0.05087840557098389,-0.1927478313446045,-0.008294042949451352,-0.10279345512390137,-0.2839759588241577,-0.010611776080800439,-0.12882360816001892,-0.33277058601379395,-0.013083229591025258,-0.147207111120224,-0.36860454082489014,-0.015993566070569898,-0.0747174620628357,-0.14892148971557617,-0.013366645020319368,-0.11946877837181091,-0.2337019443511963,-0.018326005716694738,-0.14195367693901062,-0.282213032245636,-0.022292840112818624,-0.15831869840621948,-0.31728243827819824,-0.024861984704507734,-0.09292292594909668,-0.10441863536834717,-0.01649395637668505,-0.12833952903747559,-0.18052387237548828,-0.022617866103423978,-0.14628377556800842,-0.2187896966934204,-0.024013059963358785,-0.1597697138786316,-0.25040966272354126,-0.024074078355802442,Thanks
0.0,0.0,0.0,0.0172082781791687,-0.09748131036758423,0.01056640242740059,0.016053318977355957,-0.18068856000900269,0.01832277254715109,-0.004963517189025879,-0.23662787675857544,0.02577150353744173,-0.028707802295684814,-0.25670284032821655,0.031908336296226025,-0.037381529808044434,-0.2177327275276184,0.007840534872855187,-0.08396369218826294,-0.2789018154144287,0.009725477747167588,-0.10948240756988525,-0.304365336894989,0.009744936801041604,-0.12830239534378052,-0.3245530128479004,0.009686839967514516,-0.06335359811782837,-0.17675960063934326,0.002787775095100642,-0.11156037449836731,-0.24801087379455566,0.0037031399230613715,-0.1360662579536438,-0.2836880087852478,0.00291183657526517,-0.15427523851394653,-0.31102967262268066,0.001762680910076142,-0.08165258169174194,-0.13155019283294678,-0.0009537772596672767,-0.12380039691925049,-0.19873428344726562,-0.0029387537245497697,-0.14392372965812683,-0.23773223161697388,-0.0041471741017744534,-0.15851563215255737,-0.26585572957992554,-0.0044219170552537435,-0.09477531909942627,-0.08616441488265991,-0.003069300702293276,-0.12989014387130737,-0.14901626110076904,-0.006133473743204831,-0.14739379286766052,-0.18234914541244507,-0.005279632550184488,-0.16001015901565552,-0.21127629280090332,-0.0033712967154428952,Thanks
0.0,0.0,0.0,0.021077454090118408,-0.08954012393951416,0.003188254598182283,0.014825224876403809,-0.1672613024711609,0.005488511228588067,-0.011208057403564453,-0.22288870811462402,0.007356879820701323,-0.030676841735839844,-0.25284039974212646,0.008247626533385954,-0.032697200775146484,-0.20190852880477905,0.0004632030277313959,-0.07067680358886719,-0.2749287486076355,-0.0042190188005299945,-0.0930635929107666,-0.3117796778678894,-0.00812087621760682,-0.11045598983764648,-0.3404330611228943,-0.010163791889670648,-0.05858677625656128,-0.17060798406600952,-0.0032149683147402186,-0.09901648759841919,-0.250066339969635,-0.006283410771164455,-0.12182155251502991,-0.294524610042572,-0.008766222225847997,-0.1386062502861023,-0.32815051078796387,-0.010608248824599542,-0.07740139961242676,-0.13147389888763428,-0.0064446487858624835,-0.11272329092025757,-0.20261579751968384,-0.009479926379743375,-0.13048797845840454,-0.2427353858947754,-0.00967939332348422,-0.14290326833724976,-0.2722833752632141,-0.009178069832149305,-0.09033715724945068,-0.08666437864303589,-0.009201422745707788,-0.11788290739059448,-0.146664559841156,-0.01086371712607459,-0.13076651096343994,-0.18051362037658691,-0.008451466860595502,-0.13998007774353027,-0.20898044109344482,-0.005620921908292331,Thanks
0.0,0.0,0.0,0.020460426807403564,-0.08872097730636597,0.0033757630786883652,0.015268385410308838,-0.16628438234329224,0.005686629335864168,-0.01148843765258789,-0.2235742211341858,0.00756341335876165,-0.032257914543151855,-0.25288355350494385,0.008308026246263367,-0.03337585926055908,-0.20129895210266113,6.658147834492922e-05,-0.07129788398742676,-0.27412712574005127,-0.005337254371957201,-0.09390729665756226,-0.3112093210220337,-0.009899123333857673,-0.11172217130661011,-0.34037017822265625,-0.012365889497564453,-0.05895400047302246,-0.16961008310317993,-0.0036997599475991905,-0.0995517373085022,-0.2491699457168579,-0.007871605217919964,-0.12296926975250244,-0.2948247194290161,-0.010985488765404838,-0.14062023162841797,-0.3302050828933716,-0.013164930738971847,-0.07722431421279907,-0.1302344799041748,-0.006925508141980785,-0.11324191093444824,-0.20157766342163086,-0.01088414596812548,-0.13170906901359558,-0.24182093143463135,-0.011336783640549797,-0.14489832520484924,-0.271845281124115,-0.010802398197816032,-0.08978509902954102,-0.08525329828262329,-0.009629088215993065,-0.11802974343299866,-0.14652788639068604,-0.011567025207446235,-0.13146978616714478,-0.17945939302444458,-0.008932735532985348,-0.1410999596118927,-0.20629161596298218,-0.005897136632816213,Thanks
0.0,0.0,0.0,0.01989459991455078,-0.09114712476730347,0.006074799675037212,0.013537287712097168,-0.16774368286132812,0.009954247142662354,-0.012325882911682129,-0.22406452894210815,0.012845854725231476,-0.03243178129196167,-0.25423020124435425,0.014555141780068226,-0.032894134521484375,-0.20337486267089844,0.004246938492645569,-0.07104742527008057,-0.27540844678878784,-2.414351446233809e-05,-0.09353697299957275,-0.3126401901245117,-0.003978983048806839,-0.11103740334510803,-0.3420231342315674,-0.006088038456152134,-0.05804765224456787,-0.17231547832489014,-0.0004890000717630016,-0.09923052787780762,-0.25123870372772217,-0.00389785460800951,-0.1232222318649292,-0.2964180111885071,-0.006839970142106466,-0.14108404517173767,-0.3315454125404358,-0.008834156688759975,-0.0767357349395752,-0.1328790783882141,-0.004672289841334276,-0.11295989155769348,-0.20367074012756348,-0.008647529889355354,-0.13209429383277893,-0.2435300350189209,-0.009633627269874268,-0.1458936631679535,-0.27337563037872314,-0.009253019948015861,-0.09009653329849243,-0.08717799186706543,-0.008011302460442238,-0.11815586686134338,-0.14825618267059326,-0.00999824657709425,-0.13240596652030945,-0.18061202764511108,-0.007674166948060446,-0.1428947150707245,-0.2071579098701477,-0.0047532236357135105,Thanks
0.0,0.0,0.0,0.02162247896194458,-0.1011120080947876,0.0013826506720704401,0.01671445369720459,-0.19485682249069214,-0.0001355525354540532,-0.00910031795501709,-0.2641906142234802,-0.0017280008368345534,-0.03228515386581421,-0.3051993250846863,-0.005556407985665146,-0.027259528636932373,-0.2212114930152893,-0.0106645488603192,-0.0738402009010315,-0.30501341819763184,-0.01963430563492352,-0.10093525052070618,-0.3465704321861267,-0.02697829077524716,-0.1215599775314331,-0.3795121908187866,-0.03195037799460465,-0.057247936725616455,-0.18354690074920654,-0.016624639877505842,-0.10561266541481018,-0.27587568759918213,-0.02462996649128968,-0.13329002261161804,-0.3289010524749756,-0.03185686948282296,-0.15334337949752808,-0.3680957555770874,-0.03814813973886544,-0.0797150731086731,-0.14007240533828735,-0.021677198955245558,-0.12225061655044556,-0.2262202501296997,-0.029320915365047995,-0.14577201008796692,-0.278096079826355,-0.03392537417394692,-0.162836492061615,-0.31657665967941284,-0.037373998337812964,-0.09557923674583435,-0.09437525272369385,-0.02588602820915753,-0.12757623195648193,-0.1720777153968811,-0.03226631613952691,-0.14387837052345276,-0.21436810493469238,-0.03291003140193993,-0.1555713415145874,-0.2512667775154114,-0.032831915789671484,Thanks
0.0,0.0,0.0,0.02345508337020874,-0.09936946630477905,0.0011037226418544321,0.019683480262756348,-0.19396072626113892,-0.00042592838275723466,-0.00655364990234375,-0.26478177309036255,-0.0018305143689225645,-0.031199753284454346,-0.3021466135978699,-0.005523525841855559,-0.024826109409332275,-0.22070133686065674,-0.012698885251158032,-0.07000118494033813,-0.30458253622055054,-0.022069378953748497,-0.096761554479599,-0.3461601138114929,-0.029283517238074097,-0.1177939772605896,-0.3783226013183594,-0.03411442340570048,-0.05420839786529541,-0.18288111686706543,-0.018509752314859185,-0.10194841027259827,-0.2769510746002197,-0.0274729199822481,-0.12923663854599,-0.3323189616203308,-0.03470905796843127,-0.14983204007148743,-0.37269049882888794,-0.04092927948790148,-0.0758485198020935,-0.1392207145690918,-0.02327743099289492,-0.1188109815120697,-0.22408419847488403,-0.03190829531508044,-0.14228996634483337,-0.27768826484680176,-0.037029925000243935,-0.15956002473831177,-0.31801509857177734,-0.04073881657081202,-0.091178297996521,-0.09363418817520142,-0.027156467747264657,-0.12398797273635864,-0.16866356134414673,-0.034020307671600136,-0.14121854305267334,-0.21017104387283325,-0.03521852866964892,-0.1539483666419983,-0.24630075693130493,-0.03567723111467913,Thanks
0.0,0.0,0.0,0.029449522495269775,-0.1027643084526062,0.002363124682837281,0.024380922317504883,-0.20085477828979492,0.00251642619938508,-0.003136754035949707,-0.2753075361251831,0.0023035985019888017,-0.028758108615875244,-0.31390297412872314,-0.0005789122127097812,-0.02138388156890869,-0.22273212671279907,-0.010145492099887576,-0.06899160146713257,-0.3062281608581543,-0.019672217027014938,-0.09778690338134766,-0.3474152088165283,-0.027841387496060577,-0.12228432297706604,-0.3795245289802551,-0.03347400966352865,-0.05292379856109619,-0.18071532249450684,-0.016314981684750762,-0.10334956645965576,-0.27430111169815063,-0.025221849039859023,-0.13451793789863586,-0.3288068175315857,-0.033638935715622154,-0.15963071584701538,-0.36992400884628296,-0.04103378596968099,-0.07628375291824341,-0.13397610187530518,-0.02140308934516355,-0.1211477518081665,-0.2214314341545105,-0.029622087434596267,-0.1473962962627411,-0.27448999881744385,-0.035043735236591544,-0.16808244585990906,-0.3162562847137451,-0.039379164756006446,-0.09273684024810791,-0.08618694543838501,-0.025528587580389228,-0.12813866138458252,-0.16329842805862427,-0.03246555122799322,-0.14644137024879456,-0.20724159479141235,-0.033737629831499305,-0.1603703498840332,-0.2459447979927063,-0.03444351273841306,Thanks
0.0,0.0,0.0,0.03553640842437744,-0.09920990467071533,-0.008613413332571485,0.033098042011260986,-0.20359790325164795,-0.015885394199361302,0.00336456298828125,-0.2767285108566284,-0.021644497423042752,-0.020648837089538574,-0.32521510124206543,-0.02999779595302532,-0.016181766986846924,-0.21284615993499756,-0.03153046233819912,-0.06954807043075562,-0.2976127862930298,-0.048782564832438924,-0.10314762592315674,-0.3409038186073303,-0.06076259551810215,-0.13189378380775452,-0.3747556209564209,-0.06861623017357776,-0.04808121919631958,-0.1622733473777771,-0.035967696590890386,-0.1053972840309143,-0.25860434770584106,-0.0523166099028487,-0.141953706741333,-0.3193039298057556,-0.06523026166724155,-0.17114466428756714,-0.3658372163772583,-0.07571185766028354,-0.07166558504104614,-0.11419111490249634,-0.039598565681447484,-0.12118163704872131,-0.20518988370895386,-0.05386812998222301,-0.1523430347442627,-0.2655477523803711,-0.06356832025813053,-0.17743819952011108,-0.31383275985717773,-0.07054313658045719,-0.08906340599060059,-0.07057982683181763,-0.042865518613328435,-0.1289936900138855,-0.14782583713531494,-0.05509372813867519,-0.1512465476989746,-0.19508153200149536,-0.059890717400779225,-0.16898834705352783,-0.2368079423904419,-0.06282353786992023,Thanks
0.0,0.0,0.0,0.030422687530517578,-0.09442025423049927,-0.013541587332539962,0.027058005332946777,-0.1939784288406372,-0.024536990264707015,-0.0017206668853759766,-0.2658500671386719,-0.03302837040489237,-0.024762630462646484,-0.31965112686157227,-0.04358849551742594,-0.02261960506439209,-0.20293420553207397,-0.037011327857428,-0.07543867826461792,-0.2859400510787964,-0.05611552547877352,-0.11017155647277832,-0.32772451639175415,-0.06857923668091814,-0.14045578241348267,-0.36007314920425415,-0.07638002436821978,-0.05388474464416504,-0.15058869123458862,-0.03980276610916178,-0.11344325542449951,-0.25111812353134155,-0.05829771857922594,-0.150829017162323,-0.31156933307647705,-0.07135799031918566,-0.1798173487186432,-0.3567483425140381,-0.08131708454554598,-0.07821166515350342,-0.10349416732788086,-0.04226047795479815,-0.12975731492042542,-0.1998569369316101,-0.0585635217673115,-0.16389107704162598,-0.2610820531845093,-0.06823729973500292,-0.19166430830955505,-0.3066674470901489,-0.0743420819587044,-0.09574711322784424,-0.06353497505187988,-0.04468187194531481,-0.13827717304229736,-0.14480268955230713,-0.058650145942621634,-0.16315293312072754,-0.19481009244918823,-0.06413798283999483,-0.18291664123535156,-0.23711013793945312,-0.06684793781703036,Thanks
0.0,0.0,0.0,0.0324515700340271,-0.10146629810333252,-0.0019842030515917486,0.03331947326660156,-0.20489835739135742,-0.004888908289188976,0.0056868791580200195,-0.28089284896850586,-0.00695628840830409,-0.02338486909866333,-0.316262423992157,-0.011756419021452302,-0.016790449619293213,-0.22131729125976562,-0.022744107808733816,-0.06429404020309448,-0.3075299859046936,-0.03583865035679423,-0.09382674098014832,-0.3521157503128052,-0.0450228171458491,-0.11862632632255554,-0.3871185779571533,-0.05121127311494433,-0.05035221576690674,-0.17746645212173462,-0.02851053681578719,-0.10100990533828735,-0.27597999572753906,-0.04104635287430369,-0.13247627019882202,-0.33499979972839355,-0.0505358444562205,-0.15718519687652588,-0.378020703792572,-0.058579036783243055,-0.07477796077728271,-0.13120883703231812,-0.032996704619193906,-0.1192794144153595,-0.22260355949401855,-0.044314706515336866,-0.14611002802848816,-0.27890563011169434,-0.050926001559759015,-0.16686388850212097,-0.3217153549194336,-0.05573028494026744,-0.09170079231262207,-0.08448565006256104,-0.03668389637377345,-0.12744617462158203,-0.1656503677368164,-0.04600730706360423,-0.14672619104385376,-0.21121203899383545,-0.048508407365346784,-0.16200241446495056,-0.24983102083206177,-0.04987223986890399,Thanks
0.0,0.0,0.0,0.025639772415161133,-0.0990680456161499,0.0036607683521907575,0.022351205348968506,-0.19275188446044922,0.0035503365450750834,-0.001301586627960205,-0.26399296522140503,0.0032282295522492177,-0.02453070878982544,-0.30323469638824463,0.0005978308852974124,-0.021777093410491943,-0.22350674867630005,-0.010485567536463236,-0.06855243444442749,-0.30848532915115356,-0.019671561580409502,-0.09606605768203735,-0.35029494762420654,-0.026745768647899126,-0.11728465557098389,-0.38098806142807007,-0.03124901876996944,-0.05243951082229614,-0.18593472242355347,-0.016913319390525317,-0.10166233777999878,-0.2807239890098572,-0.02537086830686519,-0.12949520349502563,-0.3340536952018738,-0.03178302795838306,-0.14974051713943481,-0.3737064599990845,-0.037290590267886614,-0.07580089569091797,-0.142719566822052,-0.022193763789047694,-0.11899244785308838,-0.23045051097869873,-0.029880509164442515,-0.1432967483997345,-0.28387123346328735,-0.034018738579263186,-0.16097992658615112,-0.32585054636001587,-0.03721610308836887,-0.09234875440597534,-0.09674346446990967,-0.026385158684362864,-0.12617617845535278,-0.17207545042037964,-0.03272068352650592,-0.14340448379516602,-0.21509301662445068,-0.03337934092830608,-0.15565073490142822,-0.2532259225845337,-0.03341840804766605,Thanks
0.0,0.0,0.0,0.018876969814300537,-0.09423917531967163,0.0063856229742143,0.013987243175506592,-0.18067032098770142,0.00996999252560471,-0.008341431617736816,-0.24413681030273438,0.01302689775797461,-0.029576122760772705,-0.2813200354576111,0.01440694645020102,-0.030169129371643066,-0.21798479557037354,-0.0010186070951547777,-0.07441675662994385,-0.2961246967315674,-0.0053617190944876825,-0.09927207231521606,-0.33421945571899414,-0.00873418528613712,-0.11762487888336182,-0.36277472972869873,-0.01082543846246864,-0.05653256177902222,-0.1830824613571167,-0.0070662564041938936,-0.10329535603523254,-0.27097898721694946,-0.01176248587695028,-0.12819239497184753,-0.3188439607620239,-0.015074534379216686,-0.14617159962654114,-0.35422617197036743,-0.01776342563358213,-0.07699579000473022,-0.1397496461868286,-0.012221535705300823,-0.11823385953903198,-0.21881318092346191,-0.018404888958009735,-0.13919106125831604,-0.26562410593032837,-0.020920622200044647,-0.15417423844337463,-0.30084192752838135,-0.02203489564386274,-0.09278994798660278,-0.09174191951751709,-0.016120546534928337,-0.12439027428627014,-0.16174018383026123,-0.021711439863118187,-0.14011988043785095,-0.19909095764160156,-0.021721660197052017,-0.1518920361995697,-0.23081570863723755,-0.020660844669016853,Thanks
0.0,0.0,0.0,0.017762184143066406,-0.09602892398834229,0.006331459977234388,0.014015018939971924,-0.176849365234375,0.010282101467753435,-0.01018613576889038,-0.23683327436447144,0.013506738827134157,-0.03378558158874512,-0.2661104202270508,0.015373863637949015,-0.035212814807891846,-0.21537840366363525,0.005246365335340286,-0.0775262713432312,-0.28436189889907837,0.002920149485150958,-0.1011781096458435,-0.31802117824554443,-0.0002966426747956774,-0.11823156476020813,-0.34456926584243774,-0.0023867861511757127,-0.06072556972503662,-0.18208801746368408,0.00041414026942909743,-0.10430988669395447,-0.2597012519836426,-0.0009943859097187868,-0.127158522605896,-0.30173826217651367,-0.0032929110950430385,-0.1430443525314331,-0.33388328552246094,-0.00559380288744471,-0.08026927709579468,-0.14032918214797974,-0.0038864243453939906,-0.11813652515411377,-0.21163153648376465,-0.006425080462788557,-0.13667231798171997,-0.2529935836791992,-0.007912089690064406,-0.14922773838043213,-0.2829554080963135,-0.008891162104402994,-0.09523552656173706,-0.09410762786865234,-0.007307260870431875,-0.12458336353302002,-0.15688711404800415,-0.008723121709619974,-0.13885429501533508,-0.19047456979751587,-0.006979831601922726,-0.1493787169456482,-0.2180788516998291,-0.005197670418267464,Thanks
0.0,0.0,0.0,0.018707633018493652,-0.09332549571990967,0.005951612601746703,0.015320360660552979,-0.1762424111366272,0.011145793712456609,-0.00850057601928711,-0.23805385828018188,0.015751336580832387,-0.033747196197509766,-0.2640156149864197,0.019004099881966496,-0.034433841705322266,-0.21640753746032715,0.007507123398353244,-0.07709681987762451,-0.2834434509277344,0.006793948235680247,-0.10098743438720703,-0.31572186946868896,0.004485241482724334,-0.11768686771392822,-0.3426860570907593,0.0028124795022801408,-0.06006115674972534,-0.18331581354141235,0.003096654425133849,-0.10346674919128418,-0.2567582130432129,0.0026157257340297946,-0.12711378931999207,-0.2976444363594055,0.0005978147925258526,-0.14412188529968262,-0.32992708683013916,-0.001272108875456368,-0.07945847511291504,-0.1416717767715454,-0.0008522241881667725,-0.11672201752662659,-0.20988237857818604,-0.003686853339205598,-0.13522973656654358,-0.2507168650627136,-0.004896210161279058,-0.14829224348068237,-0.2804720401763916,-0.004996148989777183,-0.09429174661636353,-0.0948745608329773,-0.003944580097924089,-0.12409251928329468,-0.15636467933654785,-0.00577411067603073,-0.1386173963546753,-0.189714252948761,-0.0036913586121603004,-0.149112731218338,-0.21727204322814941,-0.001126480409185504,Thanks
0.0,0.0,0.0,0.02167642116546631,-0.09985965490341187,0.0036596791178915566,0.015688836574554443,-0.19274461269378662,0.006013162230420477,-0.009299755096435547,-0.2597358822822571,0.008122637664246923,-0.03586900234222412,-0.28878623247146606,0.008521584590244657,-0.029524147510528564,-0.2287800908088684,-0.0017477719520222479,-0.07656878232955933,-0.30559515953063965,-0.007396578526776665,-0.10318857431411743,-0.3432301878929138,-0.012416797893774145,-0.1225702166557312,-0.37212705612182617,-0.015499348024558657,-0.057903945446014404,-0.19476443529129028,-0.006472983135562771,-0.10563892126083374,-0.2805272936820984,-0.011699458787870043,-0.13168686628341675,-0.3289836049079895,-0.015500811132323378,-0.15092474222183228,-0.3646640181541443,-0.01839435772849285,-0.07992798089981079,-0.15269023180007935,-0.010568459721934431,-0.12143945693969727,-0.23047494888305664,-0.01661607364071571,-0.14243373274803162,-0.2764791250228882,-0.018682445603143805,-0.1576932668685913,-0.30959486961364746,-0.01921476723505222,-0.09619385004043579,-0.10613954067230225,-0.013830702024232977,-0.12835001945495605,-0.17584210634231567,-0.018469688686263197,-0.1443054974079132,-0.21386992931365967,-0.017533454316389196,-0.1557420790195465,-0.2453281283378601,-0.015601512248348826,Thanks
0.0,0.0,0.0,0.026080071926116943,-0.10166525840759277,0.003652722180969903,0.023595809936523438,-0.2032163143157959,0.004403722777180263,0.0007800459861755371,-0.280131995677948,0.005395149651132414,-0.02703237533569336,-0.3139437437057495,0.004098851072750875,-0.0196380615234375,-0.2311534881591797,-0.00977219843570154,-0.06972694396972656,-0.31875813007354736,-0.017106814470924547,-0.09824514389038086,-0.3604617714881897,-0.022809639734067133,-0.11904096603393555,-0.39002978801727295,-0.02643484265808027,-0.051159679889678955,-0.19348937273025513,-0.01520395201895397,-0.10331714153289795,-0.2905522584915161,-0.021179385644234827,-0.13072744011878967,-0.3440573215484619,-0.02648571149710577,-0.15016469359397888,-0.3831448554992676,-0.031604629170931986,-0.07554668188095093,-0.1514643430709839,-0.019386030894555262,-0.12203052639961243,-0.24013662338256836,-0.025583857831396273,-0.1456233263015747,-0.29408442974090576,-0.02995875493887823,-0.1628406047821045,-0.3343648314476013,-0.033493448209799936,-0.09284472465515137,-0.10828292369842529,-0.022431843143738917,-0.12779051065444946,-0.1866247057914734,-0.02778461777869623,-0.14513888955116272,-0.22953903675079346,-0.028665226113833597,-0.15733805298805237,-0.2669842839241028,-0.029054859814085177,Thanks
0.0,0.0,0.0,0.034085214138031006,-0.10551559925079346,0.0007330715558140355,0.0352175235748291,-0.21226131916046143,0.0003004607820997762,0.00580441951751709,-0.2930064797401428,0.0003013592173459756,-0.024462223052978516,-0.3271021842956543,-0.002395542953664176,-0.014754295349121094,-0.23361939191818237,-0.01503523430837106,-0.06615555286407471,-0.3215353488922119,-0.025796929291018955,-0.09633615612983704,-0.36766982078552246,-0.034227145752439014,-0.12047302722930908,-0.40387439727783203,-0.03997519045186948,-0.04860764741897583,-0.18862855434417725,-0.02112852401150178,-0.10213637351989746,-0.29067736864089966,-0.031142497351893894,-0.13406407833099365,-0.35018742084503174,-0.039628850212821476,-0.15921568870544434,-0.3940749764442444,-0.046954648485908024,-0.07325971126556396,-0.14169013500213623,-0.02600009917331647,-0.12105855345726013,-0.2369815707206726,-0.035645769825706,-0.14827585220336914,-0.29527443647384644,-0.041354866615066044,-0.16995114088058472,-0.3399186134338379,-0.04548763289166402,-0.09075707197189331,-0.0934252142906189,-0.029882162726053707,-0.12903141975402832,-0.17606723308563232,-0.037246351978311054,-0.1482464075088501,-0.22212231159210205,-0.03803599803758573,-0.16285693645477295,-0.2623257637023926,-0.038263240745791904,Thanks
0.0,0.0,0.0,0.031006336212158203,-0.09710288047790527,-0.007996376403859529,0.032502949237823486,-0.19927233457565308,-0.016005570800295743,0.004662275314331055,-0.27200353145599365,-0.022207918376913938,-0.025388360023498535,-0.3118736743927002,-0.031105565638533506,-0.016976892948150635,-0.2089247703552246,-0.03414725399135676,-0.06887674331665039,-0.2959400415420532,-0.051128680617800626,-0.10131075978279114,-0.3429712653160095,-0.06227252891778079,-0.1286969780921936,-0.3792802691459656,-0.0696059267830762,-0.0492861270904541,-0.15957939624786377,-0.03923261052488414,-0.10550364851951599,-0.2614988684654236,-0.05558176598071185,-0.14153629541397095,-0.32371723651885986,-0.06742508223771182,-0.16972771286964417,-0.3697763681411743,-0.0770762067150983,-0.07415610551834106,-0.11304473876953125,-0.04319365954517451,-0.12231922149658203,-0.20938515663146973,-0.056920456500044736,-0.15503767132759094,-0.2717331051826477,-0.06604786476611224,-0.1812955141067505,-0.31902384757995605,-0.07281839361905185,-0.0928581953048706,-0.069466233253479,-0.046658030511132154,-0.13206863403320312,-0.1484764814376831,-0.05802085510014621,-0.1547832489013672,-0.19654375314712524,-0.062351810545912656,-0.17307764291763306,-0.2379450798034668,-0.06514665743826953,Thanks
0.0,0.0,0.0,0.032668113708496094,-0.10399699211120605,-0.00562686295304804,0.03377807140350342,-0.21700453758239746,-0.011216281997602273,0.00451052188873291,-0.3009323477745056,-0.015267299572568227,-0.028612971305847168,-0.3375488519668579,-0.02247624666486292,-0.016457021236419678,-0.2271120548248291,-0.031031187708120633,-0.06977206468582153,-0.3182187080383301,-0.04632943877075224,-0.10189074277877808,-0.3658818006515503,-0.0570739061484149,-0.12905186414718628,-0.40385526418685913,-0.06452012815568953,-0.0500984787940979,-0.1798415184020996,-0.0365653634915164,-0.10646915435791016,-0.28420311212539673,-0.051152125085335065,-0.14156422019004822,-0.3481212854385376,-0.062382519329529096,-0.16953471302986145,-0.3954695463180542,-0.07208436735961943,-0.07552218437194824,-0.13233238458633423,-0.04074841001127272,-0.12414926290512085,-0.23141050338745117,-0.05364290260766058,-0.15498203039169312,-0.2953816056251526,-0.06237515070531874,-0.1800386905670166,-0.3438381552696228,-0.06904855378959684,-0.09504714608192444,-0.08610892295837402,-0.044277120465975095,-0.1336793601512909,-0.17513877153396606,-0.05498132490609198,-0.155872642993927,-0.22552180290222168,-0.05871671819184332,-0.17374321818351746,-0.2683197259902954,-0.061386074955206205,Thanks
0.0,0.0,0.0,0.03608030080795288,-0.09790992736816406,-0.0015048737800498202,0.04157286882400513,-0.1997012495994568,-0.0034845568402488425,0.014706254005432129,-0.2793155312538147,-0.0040594850829620555,-0.017046809196472168,-0.30907678604125977,-0.007413913884647627,-0.008951127529144287,-0.21991068124771118,-0.022061234263219376,-0.05621284246444702,-0.30629146099090576,-0.034070797187723656,-0.08528083562850952,-0.3526161313056946,-0.042883671743311425,-0.10926705598831177,-0.38946235179901123,-0.04888864598933651,-0.042658090591430664,-0.1770486831665039,-0.02738666154209568,-0.09300145506858826,-0.2786900997161865,-0.03816720835629894,-0.12346190214157104,-0.33989840745925903,-0.046949434948601265,-0.14716565608978271,-0.38464558124542236,-0.05489952109519436,-0.06743776798248291,-0.13273394107818604,-0.031220965010561486,-0.11143043637275696,-0.22711557149887085,-0.041434958500303765,-0.1378098428249359,-0.2869367003440857,-0.048324081969894905,-0.15832674503326416,-0.33274179697036743,-0.05351114637915089,-0.08552974462509155,-0.08789241313934326,-0.03414703152839138,-0.12081477046012878,-0.171716570854187,-0.04217252127591564,-0.13945439457893372,-0.2190840244293213,-0.04413321234051182,-0.15396720170974731,-0.2589392066001892,-0.04540874801341488,Thanks
0.0,0.0,0.0,0.0252455472946167,-0.10105079412460327,0.006227607201026331,0.021818697452545166,-0.19734489917755127,0.008704730137424121,-0.0024350881576538086,-0.26820456981658936,0.011005014009015213,-0.02930217981338501,-0.29715102910995483,0.010874143629507671,-0.022010505199432373,-0.22560334205627441,-0.007245687474323859,-0.06985980272293091,-0.3092901110649109,-0.014355200514955868,-0.09754502773284912,-0.351265549659729,-0.019579241224391808,-0.11787772178649902,-0.3811843991279602,-0.022935869344337334,-0.051652729511260986,-0.18810391426086426,-0.01387383060978209,-0.1013028621673584,-0.2829001545906067,-0.020582115449769844,-0.12848526239395142,-0.33593326807022095,-0.025269752540452828,-0.14836496114730835,-0.37418144941329956,-0.029459001668556084,-0.07471394538879395,-0.14482766389846802,-0.01918357441650187,-0.11905750632286072,-0.2318008542060852,-0.026530789383514275,-0.14235499501228333,-0.28328853845596313,-0.030171528630717148,-0.15897226333618164,-0.32204699516296387,-0.03255863132403647,-0.09181496500968933,-0.09904861450195312,-0.023095108740790238,-0.1266171932220459,-0.17734581232070923,-0.029971724548204293,-0.1436852216720581,-0.22018051147460938,-0.031031282790763726,-0.1557832956314087,-0.25669312477111816,-0.031049397014839997,Thanks
0.0,0.0,0.0,0.018652260303497314,-0.09696012735366821,0.008488902340250348,0.013560175895690918,-0.1830843687057495,0.013334673347490167,-0.00901097059249878,-0.24632489681243896,0.01723633751513276,-0.03491103649139404,-0.27127838134765625,0.019201638626473283,-0.031678974628448486,-0.22110474109649658,0.0028760025581142656,-0.0772051215171814,-0.2935701608657837,0.0005008408171853773,-0.10224887728691101,-0.32784825563430786,-0.0019368385127016552,-0.11980807781219482,-0.3548303246498108,-0.0035026192361691244,-0.05839806795120239,-0.1881101131439209,-0.003088707586211825,-0.10547330975532532,-0.2682715058326721,-0.005456658562106753,-0.13037577271461487,-0.31129539012908936,-0.0072731329290398605,-0.1486043632030487,-0.3432961702346802,-0.008892248866541053,-0.07954126596450806,-0.14588797092437744,-0.007932228518111373,-0.12003782391548157,-0.21949762105941772,-0.01185986075310197,-0.14044594764709473,-0.26222968101501465,-0.012880202864689494,-0.1553163230419159,-0.29332679510116577,-0.013029490148110057,-0.09560084342956543,-0.09875810146331787,-0.011471651045066977,-0.1265222430229187,-0.1648184061050415,-0.015073249598426486,-0.14200961589813232,-0.20003288984298706,-0.013643319269103671,-0.15355068445205688,-0.22940635681152344,-0.011472985630316401,Thanks
0.0,0.0,0.0,0.018464326858520508,-0.0945327877998352,0.01091891953173274,0.016057193279266357,-0.17316371202468872,0.01858749387237424,-0.0083199143409729,-0.22739118337631226,0.025284923216432276,-0.03149765729904175,-0.25065773725509644,0.030514448484510126,-0.03075253963470459,-0.21811538934707642,0.010250735631316843,-0.07651567459106445,-0.2834073305130005,0.012060462100535574,-0.10058814287185669,-0.31302410364151,0.012938966577976885,-0.11605653166770935,-0.33760201930999756,0.013795952847331705,-0.057433485984802246,-0.1844780445098877,0.005177129594713392,-0.1033320426940918,-0.2563322186470032,0.006395343760132732,-0.12598055601119995,-0.29317063093185425,0.007634566234528961,-0.14071238040924072,-0.3209960460662842,0.008637311471730413,-0.07749855518341064,-0.14216852188110352,0.0010944938511698865,-0.11712479591369629,-0.21096384525299072,-0.0008287529818602479,-0.1353147327899933,-0.24933850765228271,0.00013863057746732466,-0.14704099297523499,-0.27697473764419556,0.0020969084688573503,-0.09322184324264526,-0.09626960754394531,-0.0015139170464948393,-0.1229659914970398,-0.1594671607017517,-0.0035005623250157214,-0.1372201144695282,-0.19174456596374512,-0.0008765056737587429,-0.14718225598335266,-0.21918076276779175,0.0027325272784679555,Thanks
0.0,0.0,0.0,-0.04818016290664673,-0.00830039381980896,-0.037293880848608296,-0.09306973218917847,-0.03970414400100708,-0.06168331917973546,-0.12081807851791382,-0.06724447011947632,-0.08136501130314855,-0.11262601613998413,-0.10633793473243713,-0.0956342813059905,-0.07213681936264038,-0.22056227922439575,-0.041798155425510686,-0.09192097187042236,-0.16152828931808472,-0.07387698408814458,-0.08079898357391357,-0.09325841069221497,-0.08906222101899175,-0.06913632154464722,-0.07721203565597534,-0.09730046209546117,-0.03401142358779907,-0.23606440424919128,-0.03806977313610105,-0.05441635847091675,-0.16484194993972778,-0.0697245967075446,-0.05132323503494263,-0.08381402492523193,-0.07527867671700506,-0.04295623302459717,-0.0778900682926178,-0.07486373153182058,0.003229796886444092,-0.21949392557144165,-0.03903015670033483,-0.012701690196990967,-0.14632835984230042,-0.07205067542048482,-0.018006980419158936,-0.07557356357574463,-0.06604359266015081,-0.01440340280532837,-0.07390862703323364,-0.056319024084530156,0.03703153133392334,-0.1856539249420166,-0.04348244112583188,0.028779566287994385,-0.13709759712219238,-0.06529950317593602,0.015453755855560303,-0.08204692602157593,-0.06131020900460271,0.010388553142547607,-0.07237175107002258,-0.05375297707172422,Yes
0.0,0.0,0.0,-0.04966551065444946,-0.023417562246322632,-0.029401947579003718,-0.09680116176605225,-0.08261355757713318,-0.04789177591226235,-0.1181333065032959,-0.14650419354438782,-0.06384293625376358,-0.10412716865539551,-0.2035631239414215,-0.07407845447085037,-0.06661057472229004,-0.2163718044757843,-0.022438746711827662,-0.08599835634231567,-0.23553651571273804,-0.05599870795629158,-0.07996922731399536,-0.15640270709991455,-0.07158617565653458,-0.06942230463027954,-0.1097055971622467,-0.07769453415892258,-0.03177464008331299,-0.22564798593521118,-0.02090654785058632,-0.053652405738830566,-0.24267545342445374,-0.05736626947543755,-0.05076056718826294,-0.14149326086044312,-0.06284458825609818,-0.03948146104812622,-0.1044510006904602,-0.05839635322115555,0.0026369690895080566,-0.21747341752052307,-0.024780862799502756,-0.016615331172943115,-0.2296198308467865,-0.06100267807266846,-0.019676029682159424,-0.13149690628051758,-0.04999917635939255,-0.01214224100112915,-0.09894126653671265,-0.033671728170133974,0.03711807727813721,-0.19462984800338745,-0.03129930684588089,0.01869744062423706,-0.20206621289253235,-0.053874361163593676,0.007121086120605469,-0.12960171699523926,-0.04539221415541306,0.007728993892669678,-0.10450422763824463,-0.033172353005625155,Yes
0.0,0.0,0.0,-0.05495607852935791,-0.029494285583496094,-0.012984037739670384,-0.10077953338623047,-0.091271311044693,-0.022979053077733624,-0.11943578720092773,-0.16096794605255127,-0.03539894369009744,-0.1053345799446106,-0.21802791953086853,-0.04472002607349168,-0.06854510307312012,-0.18252146244049072,0.0017613408942906972,-0.08775895833969116,-0.2407839596271515,-0.026294354689753163,-0.08825349807739258,-0.18301302194595337,-0.04273760166529428,-0.08029866218566895,-0.13469496369361877,-0.04951200854543458,-0.0413249135017395,-0.1909674108028412,-0.0017312969923750643,-0.06227487325668335,-0.2558300942182541,-0.032187322495019544,-0.061185240745544434,-0.17034956812858582,-0.04050569829109918,-0.04963892698287964,-0.1199592649936676,-0.03833863359454881,-0.010285675525665283,-0.19539201259613037,-0.009913802487290013,-0.032195866107940674,-0.25148598849773407,-0.03857971948150407,-0.03421860933303833,-0.16476520895957947,-0.0329455271041752,-0.02356177568435669,-0.1178317666053772,-0.020844832403099645,0.024832963943481445,-0.18928825855255127,-0.019535560501253713,0.0003129243850708008,-0.23691868782043457,-0.03645349514249574,-0.007512152194976807,-0.17479661107063293,-0.03065481443468343,-0.0001849532127380371,-0.13722014427185059,-0.02125535194340955,Yes
0.0,0.0,0.0,-0.05305027961730957,-0.0285150408744812,-0.0192455750272984,-0.10036695003509521,-0.08898437023162842,-0.033149708838891456,-0.11751943826675415,-0.15909883379936218,-0.0476263173238749,-0.1035502552986145,-0.2200210690498352,-0.057859525860976646,-0.06652414798736572,-0.19369018077850342,-0.00836511592729039,-0.08381897211074829,-0.24306465685367584,-0.03980837467474885,-0.08293986320495605,-0.17584478855133057,-0.056360778243970344,-0.07425069808959961,-0.12481057643890381,-0.06254054683608956,-0.03643691539764404,-0.19934436678886414,-0.009874322296809623,-0.05732995271682739,-0.2523101419210434,-0.043451950730514,-0.05554264783859253,-0.16301915049552917,-0.0505787775234694,-0.04306274652481079,-0.1155402660369873,-0.04732253107590623,-0.004805862903594971,-0.1981368362903595,-0.016442523183059166,-0.02488231658935547,-0.24301323294639587,-0.048767805875968406,-0.027202188968658447,-0.1535765528678894,-0.04082835170788712,-0.017471373081207275,-0.10999497771263123,-0.026619951085876892,0.029448390007019043,-0.18506073951721191,-0.024804896520208786,0.007275104522705078,-0.230394184589386,-0.04435248005552239,-0.0027127861976623535,-0.16325870156288147,-0.036983084710072944,0.0012247562408447266,-0.1245490312576294,-0.025882678882908294,Yes
0.0,0.0,0.0,-0.046111345291137695,-0.019264578819274902,-0.035055002247361244,-0.0915292501449585,-0.06799662113189697,-0.05728090000656039,-0.11514461040496826,-0.11788761615753174,-0.07526962277796656,-0.10330963134765625,-0.16630014777183533,-0.08670836505797297,-0.06496143341064453,-0.2275235652923584,-0.034167232041625084,-0.08934324979782104,-0.21901854872703552,-0.06596878734734446,-0.08032834529876709,-0.13861596584320068,-0.07887862441447169,-0.07014083862304688,-0.09375759959220886,-0.08402947155144602,-0.02741175889968872,-0.2418668270111084,-0.030244553511408867,-0.05312073230743408,-0.2179109752178192,-0.06471790192034632,-0.04918867349624634,-0.11774757504463196,-0.06913687852528483,-0.04119265079498291,-0.0876067578792572,-0.06543528107312113,0.008413195610046387,-0.2298448383808136,-0.03136476320531756,-0.011739671230316162,-0.19751769304275513,-0.0656487476578036,-0.015717744827270508,-0.10860952734947205,-0.0567237940182963,-0.01137453317642212,-0.0896945595741272,-0.043422820096282067,0.041644394397735596,-0.2007485032081604,-0.03573260275032908,0.026087462902069092,-0.17325425148010254,-0.05653696325924784,0.013530492782592773,-0.10947474837303162,-0.050629207914141716,0.011372923851013184,-0.09729522466659546,-0.041467370515135826,Yes
0.0,0.0,0.0,-0.047845423221588135,-0.01010236144065857,-0.0376914152678296,-0.09403020143508911,-0.044696658849716187,-0.0627398015734002,-0.12190091609954834,-0.07938238978385925,-0.08284842686617822,-0.10664564371109009,-0.1173730194568634,-0.09685887860024422,-0.06600606441497803,-0.22424250841140747,-0.040142373162154854,-0.08978992700576782,-0.1764417588710785,-0.07121749685967416,-0.0786629319190979,-0.10276725888252258,-0.08519620912039727,-0.06639969348907471,-0.08451494574546814,-0.09281787739956826,-0.02893120050430298,-0.23798775672912598,-0.03544044585788697,-0.05181527137756348,-0.17158856987953186,-0.06631261573994607,-0.04734152555465698,-0.08634230494499207,-0.07099886702263802,-0.04031890630722046,-0.0804358422756195,-0.06999653296435326,0.007049977779388428,-0.22058987617492676,-0.03544290082419366,-0.010006308555603027,-0.14618316292762756,-0.06647681908572167,-0.014021158218383789,-0.07514828443527222,-0.058950015324001015,-0.010992288589477539,-0.07669225335121155,-0.0486198449310109,0.03967583179473877,-0.18658748269081116,-0.0391170168098256,0.02882528305053711,-0.13573399186134338,-0.05790558176005334,0.016257643699645996,-0.08087500929832458,-0.052699604051952065,0.011519968509674072,-0.07547691464424133,-0.04484943391645402,Yes
0.0,0.0,0.0,-0.0485416054725647,0.026604145765304565,-0.03585414791322705,-0.09161710739135742,0.04227986931800842,-0.06373567709542272,-0.11555969715118408,0.07058271765708923,-0.08543922582484242,-0.11250513792037964,0.08766964077949524,-0.10228108445025441,-0.0974428653717041,-0.08702108263969421,-0.062047569247255296,-0.0953778624534607,0.057909995317459106,-0.09282513538218495,-0.07490450143814087,0.07711872458457947,-0.10729100385523793,-0.06725168228149414,0.0398387610912323,-0.11684238741017339,-0.05592191219329834,-0.10626998543739319,-0.05880790034152028,-0.0549999475479126,0.05167672038078308,-0.08419991114951131,-0.041705965995788574,0.06521812081336975,-0.08471231737948415,-0.041227519512176514,0.014974147081375122,-0.08521491864539144,-0.014242470264434814,-0.10194030404090881,-0.05822498926735875,-0.015508770942687988,0.04116740822792053,-0.08028935471392629,-0.00987321138381958,0.05949774384498596,-0.06701454350567815,-0.008884310722351074,0.022686868906021118,-0.05720153281308171,0.022140979766845703,-0.08505475521087646,-0.06196026706911084,0.019705116748809814,0.02271685004234314,-0.07801583239651677,0.018612980842590332,0.04295960068702698,-0.0736592469534969,0.017943143844604492,0.017594367265701294,-0.0688185823879337,Yes
0.0,0.0,0.0,-0.04703402519226074,0.02108132839202881,-0.03413491553388326,-0.08794182538986206,0.042361557483673096,-0.062009463522059605,-0.1048663854598999,0.09207448363304138,-0.08351957655273168,-0.0954633355140686,0.133649080991745,-0.10080900645576207,-0.09057950973510742,-0.06968227028846741,-0.06934672451339452,-0.08726769685745239,0.0817594826221466,-0.09779783195577352,-0.06674432754516602,0.09287890791893005,-0.10896546995959966,-0.059953272342681885,0.05368718504905701,-0.11629161095939367,-0.04685324430465698,-0.08946532011032104,-0.06710943436942785,-0.045584797859191895,0.0823948085308075,-0.09041342741571157,-0.032763123512268066,0.0785435140132904,-0.0889988825353214,-0.03328239917755127,0.02483537793159485,-0.08868864035926549,-0.004098951816558838,-0.08399632573127747,-0.06659574663959233,-0.0071566104888916016,0.07157477736473083,-0.08576550937019078,-0.0025278329849243164,0.07279148697853088,-0.0713720605405399,-0.0023072361946105957,0.031980961561203,-0.061026653710229084,0.0323261022567749,-0.0659216046333313,-0.070266901019437,0.027310311794281006,0.0487825870513916,-0.08464255786262243,0.025202155113220215,0.05885699391365051,-0.0792100191744396,0.023964643478393555,0.03357073664665222,-0.07364047175965993,Yes
0.0,0.0,0.0,-0.04905468225479126,-0.011179924011230469,-0.037904673630407615,-0.09446769952774048,-0.041487663984298706,-0.06381077077429609,-0.12265098094940186,-0.06853333115577698,-0.08455078806917982,-0.1099783182144165,-0.08882364630699158,-0.09980726000111417,-0.07117700576782227,-0.22116348147392273,-0.04549329858463125,-0.09041202068328857,-0.15144053101539612,-0.07722860332768278,-0.08180797100067139,-0.08038899302482605,-0.09153574463169889,-0.07216954231262207,-0.061253249645233154,-0.0994075438026698,-0.03152090311050415,-0.23310944437980652,-0.04207454752366857,-0.05363118648529053,-0.14803168177604675,-0.07407251503508405,-0.05351656675338745,-0.06554564833641052,-0.07922517266314344,-0.047375619411468506,-0.0547272264957428,-0.07876975592415647,0.006641387939453125,-0.213174968957901,-0.04291518908183889,-0.010958850383758545,-0.1263733208179474,-0.07491820063631849,-0.019812822341918945,-0.05415329337120056,-0.0679027562979968,-0.019726872444152832,-0.0480673611164093,-0.05817436184923963,0.04025006294250488,-0.17622599005699158,-0.04751603435914831,0.02949512004852295,-0.11400899291038513,-0.06821191068928556,0.015740036964416504,-0.05719566345214844,-0.06351995226185636,0.010304749011993408,-0.046961843967437744,-0.055914716238191886,Yes
0.0,0.0,0.0,-0.05259019136428833,-0.032162636518478394,-0.030825703262507886,-0.09836548566818237,-0.09513437747955322,-0.04987123501223323,-0.1192973256111145,-0.1628798246383667,-0.06599250328463313,-0.10146552324295044,-0.21710574626922607,-0.07545184981745479,-0.05567067861557007,-0.23268190026283264,-0.024012458368360967,-0.07997095584869385,-0.25035127997398376,-0.05610989671868083,-0.07657057046890259,-0.1656130850315094,-0.06869101416987178,-0.06674712896347046,-0.11868944764137268,-0.07293855291527507,-0.021087229251861572,-0.23911140859127045,-0.021384798779308767,-0.049709439277648926,-0.24876120686531067,-0.056542335867106885,-0.05076676607131958,-0.14451122283935547,-0.06008018818420169,-0.04008591175079346,-0.10904011130332947,-0.054911582588374586,0.011755108833312988,-0.2256084680557251,-0.024203012555062742,-0.014789342880249023,-0.2304927110671997,-0.05977786970061061,-0.021407127380371094,-0.13297781348228455,-0.04771365863007304,-0.013812839984893799,-0.100613534450531,-0.030956524281918973,0.042927324771881104,-0.19500085711479187,-0.02994017381888625,0.019875824451446533,-0.2021195888519287,-0.052479429959475965,0.004386782646179199,-0.1323588490486145,-0.04452353608530757,0.003720223903656006,-0.1060594916343689,-0.03272323948067424,Yes
0.0,0.0,0.0,-0.05286061763763428,-0.022709906101226807,-0.03634361435848632,-0.10113346576690674,-0.08344569802284241,-0.058446137953581,-0.12304675579071045,-0.14943721890449524,-0.07619400580603042,-0.1006278395652771,-0.1952497959136963,-0.08669467528540054,-0.06255537271499634,-0.22487473487854004,-0.03268336762863555,-0.08359277248382568,-0.23477381467819214,-0.0650611769147531,-0.07901358604431152,-0.15035191178321838,-0.07632204403358855,-0.07039737701416016,-0.11065125465393066,-0.08013341834026733,-0.02582472562789917,-0.23371635377407074,-0.02756874521452346,-0.05163562297821045,-0.2340146154165268,-0.0626708890982286,-0.050354599952697754,-0.129253089427948,-0.06437906135994353,-0.04068416357040405,-0.10097140073776245,-0.058430555064262535,0.008690953254699707,-0.22194936871528625,-0.02804821429032245,-0.01345139741897583,-0.21896395087242126,-0.06316022833067336,-0.017955005168914795,-0.12291479110717773,-0.050209554631294395,-0.011179506778717041,-0.0982629656791687,-0.03370386247712531,0.04130423069000244,-0.19356921315193176,-0.031970965463699486,0.02272719144821167,-0.19173642992973328,-0.05373353024202743,0.008086979389190674,-0.12300816178321838,-0.04601465423780837,0.006188392639160156,-0.10321232676506042,-0.035177732605518486,Yes
0.0,0.0,0.0,-0.04670625925064087,-0.015232622623443604,-0.04146436406074372,-0.09369736909866333,-0.05378085374832153,-0.06850211499033776,-0.11832970380783081,-0.09683632850646973,-0.09008244601784554,-0.09232205152511597,-0.12530922889709473,-0.10474557606278267,-0.06684339046478271,-0.23345640301704407,-0.04238710356651154,-0.08260476589202881,-0.19590318202972412,-0.07467729029951897,-0.07456314563751221,-0.11685255169868469,-0.08764391569195595,-0.06568604707717896,-0.09642952680587769,-0.0944954845100483,-0.02545928955078125,-0.24636919796466827,-0.03707973835764733,-0.040669262409210205,-0.1838749647140503,-0.07070491639672127,-0.041141390800476074,-0.09246775507926941,-0.07496614930926171,-0.03812837600708008,-0.08383798599243164,-0.07285382030306664,0.013204753398895264,-0.22794246673583984,-0.03717269180117455,0.002053499221801758,-0.15304085612297058,-0.07115929750500527,-0.007365286350250244,-0.07727661728858948,-0.06400082437096444,-0.00887763500213623,-0.07766026258468628,-0.05316053507624474,0.04821652173995972,-0.19207334518432617,-0.041312219479664236,0.03975117206573486,-0.13665559887886047,-0.06218518493471947,0.023898005485534668,-0.0782129168510437,-0.05813872245846596,0.015105843544006348,-0.0721161961555481,-0.05096375001369324,Yes
0.0,0.0,0.0,-0.04134666919708252,0.0017705261707305908,-0.035627945649707726,-0.08570271730422974,-0.002225160598754883,-0.06199314384468835,-0.1086587905883789,0.007619023323059082,-0.08355395807632249,-0.10091394186019897,0.015555143356323242,-0.10001076324590485,-0.07992106676101685,-0.15075257420539856,-0.05450959442862313,-0.07670742273330688,-0.0377272367477417,-0.0845922411859874,-0.06867903470993042,0.021458745002746582,-0.09578145607122224,-0.06882596015930176,0.013044893741607666,-0.1027306051433925,-0.03839290142059326,-0.1658502221107483,-0.05252912207254212,-0.03561413288116455,-0.025852978229522705,-0.08272957368501466,-0.037229716777801514,0.03499680757522583,-0.08518703593620103,-0.041302502155303955,0.009454905986785889,-0.08482541455634873,0.0031746625900268555,-0.15520185232162476,-0.053721796113336495,0.005597949028015137,-0.021880269050598145,-0.08186569376596253,-0.0049225687980651855,0.02874457836151123,-0.07329483641990464,-0.013313889503479004,0.008084774017333984,-0.06484705521472733,0.038526058197021484,-0.12933987379074097,-0.05881731896408837,0.03965401649475098,-0.0339963436126709,-0.07796453996309083,0.02687758207321167,0.007383912801742554,-0.07477799369701188,0.01741582155227661,-0.0005412697792053223,-0.06964887990363877,Yes
0.0,0.0,0.0,-0.048853158950805664,0.018732041120529175,-0.037939246768203816,-0.09147423505783081,0.03253316879272461,-0.06714376437112435,-0.1055154800415039,0.0780826210975647,-0.08872633057281121,-0.09331387281417847,0.11894786357879639,-0.10678705202981575,-0.08584237098693848,-0.08097666501998901,-0.07799947636767968,-0.07613503932952881,0.06938356161117554,-0.10572825002118691,-0.06098341941833496,0.08253556489944458,-0.11668986457034691,-0.055677592754364014,0.046961426734924316,-0.12446643787070855,-0.043032705783843994,-0.09896689653396606,-0.07284500079795464,-0.036549150943756104,0.06994026899337769,-0.09563603627130135,-0.028979778289794922,0.06627190113067627,-0.09456219899102791,-0.029220640659332275,0.020498186349868774,-0.09520521389886483,-0.0021289587020874023,-0.0946485698223114,-0.06887253003760918,-0.0005751252174377441,0.05858790874481201,-0.08935552465364083,0.0002925395965576172,0.05847775936126709,-0.07695547121211632,-0.0008709430694580078,0.020375370979309082,-0.0679961778466378,0.03317272663116455,-0.07898804545402527,-0.0691471435372506,0.031167566776275635,0.03247302770614624,-0.08511919158145531,0.02794325351715088,0.04491347074508667,-0.08096966522380455,0.027369260787963867,0.02411898970603943,-0.07633841412707909,Yes
0.0,0.0,0.0,-0.04129064083099365,0.022524356842041016,-0.038638108721485764,-0.0833250880241394,0.042062461376190186,-0.0685840112478644,-0.09395575523376465,0.08988875150680542,-0.0906557080657393,-0.07925105094909668,0.12336820363998413,-0.10867333536457124,-0.08045494556427002,-0.076296865940094,-0.08099613462995592,-0.07034844160079956,0.07337701320648193,-0.11125587051223818,-0.05572235584259033,0.0764039158821106,-0.12333161508153978,-0.051062703132629395,0.03531813621520996,-0.131311171999684,-0.0387568473815918,-0.09954345226287842,-0.07520544653247896,-0.027123689651489258,0.07754725217819214,-0.09872570013116899,-0.019424021244049072,0.06250143051147461,-0.09523963307451311,-0.01967918872833252,0.009946882724761963,-0.09338246410202089,0.002416074275970459,-0.09657660126686096,-0.07077722375701967,0.008685052394866943,0.06443601846694946,-0.09080296134065691,0.008644819259643555,0.05193847417831421,-0.0722153571755797,0.00724107027053833,0.00689929723739624,-0.05810510863970819,0.038078904151916504,-0.08045709133148193,-0.07111813252281252,0.039101362228393555,0.03729569911956787,-0.08949606989931169,0.03728562593460083,0.03714466094970703,-0.08363658314060274,0.03806662559509277,0.0032039284706115723,-0.0758764979751021,Yes
0.0,0.0,0.0,-0.04111284017562866,0.022000998258590698,-0.036517573571615,-0.08242440223693848,0.043991416692733765,-0.065604707277231,-0.09374016523361206,0.09405180811882019,-0.08747932133715608,-0.08074349164962769,0.13258126378059387,-0.10576041606705644,-0.07817959785461426,-0.06782698631286621,-0.07776221451800325,-0.06937235593795776,0.07762876152992249,-0.10647897241156556,-0.056268930435180664,0.08164021372795105,-0.11746491310637452,-0.05207639932632446,0.04215016961097717,-0.12468281207125642,-0.036965787410736084,-0.09034109115600586,-0.07295802799504258,-0.026047885417938232,0.0853910744190216,-0.09594985661547639,-0.01967853307723999,0.0701773464679718,-0.09277755585949876,-0.019860029220581055,0.018395215272903442,-0.09089683560173967,0.0034357309341430664,-0.08786594867706299,-0.06929861573021867,0.009117960929870605,0.07299795746803284,-0.08919727621119478,0.008057653903961182,0.05949392914772034,-0.07186022219698884,0.005869567394256592,0.014765650033950806,-0.05837497679036119,0.03839010000228882,-0.07361513376235962,-0.0701949354771898,0.039650022983551025,0.04591110348701477,-0.08827177999060609,0.03705573081970215,0.046373575925827026,-0.0825315621260927,0.036801695823669434,0.014121204614639282,-0.07475644168894746,Yes
0.0,0.0,0.0,-0.04757612943649292,0.022054195404052734,-0.03683998505462682,-0.09038430452346802,0.042859286069869995,-0.06717736343730962,-0.10657697916030884,0.0900852382183075,-0.09014740656007802,-0.09457671642303467,0.12928590178489685,-0.10903084347833669,-0.08971631526947021,-0.06716844439506531,-0.0798923454700855,-0.08240580558776855,0.0881984531879425,-0.1097719527303127,-0.06447869539260864,0.09492054581642151,-0.12102940748323476,-0.05920708179473877,0.054666489362716675,-0.1282089732109455,-0.046232759952545166,-0.08391064405441284,-0.07642316887964284,-0.040900588035583496,0.08966192603111267,-0.09980005095590627,-0.03122234344482422,0.07865986227989197,-0.09675415675033605,-0.03250855207443237,0.027341008186340332,-0.0952477909146694,-0.0038956403732299805,-0.07748359441757202,-0.07416387717117345,-0.004388570785522461,0.07878515124320984,-0.09422361920465505,-0.002199888229370117,0.0706353485584259,-0.07762911985506094,-0.003053903579711914,0.03005439043045044,-0.06506940792192495,0.03240102529525757,-0.0599709153175354,-0.07626545498956716,0.02864968776702881,0.05265745520591736,-0.0927940092502979,0.02633345127105713,0.05616596341133118,-0.08655554870952642,0.026496589183807373,0.02973213791847229,-0.07922586868394887,Yes
0.0,0.0,0.0,-0.049256980419158936,0.014553964138031006,-0.03401405588701323,-0.0914660096168518,0.01909741759300232,-0.05983298496320799,-0.11129456758499146,0.05264425277709961,-0.07992851958587721,-0.1026504635810852,0.08510792255401611,-0.09593432621076659,-0.09232813119888306,-0.10376745462417603,-0.05991587267234877,-0.09281402826309204,0.04438692331314087,-0.08799893633440092,-0.07506781816482544,0.06837689876556396,-0.10014759228542403,-0.0676577091217041,0.034202396869659424,-0.10784611330345228,-0.04848283529281616,-0.12133842706680298,-0.057476876685171874,-0.050646066665649414,0.04808354377746582,-0.08032956943824843,-0.0387955904006958,0.05787020921707153,-0.0796907119543846,-0.037878334522247314,0.009591519832611084,-0.07881718353345946,-0.005511105060577393,-0.11261355876922607,-0.057473699012547286,-0.012878715991973877,0.04251217842102051,-0.07669713572576597,-0.008446156978607178,0.055174291133880615,-0.06372874454572752,-0.006562650203704834,0.019959717988967896,-0.0534748867245014,0.030413687229156494,-0.0919056236743927,-0.061712080994396956,0.02109217643737793,0.023748695850372314,-0.07501200065925673,0.0184786319732666,0.042532384395599365,-0.06951809153869704,0.019800305366516113,0.02111804485321045,-0.06326699481323317,Yes
0.0,0.0,0.0,-0.05200338363647461,0.0065310001373291016,-0.03714346071461705,-0.09813380241394043,-0.004094749689102173,-0.06474233722070721,-0.1239812970161438,-0.007457703351974487,-0.08785791253427533,-0.10668903589248657,-0.0008800625801086426,-0.1060789183316615,-0.08585339784622192,-0.16577613353729248,-0.05067776819447545,-0.09668838977813721,-0.06952071189880371,-0.08427189593891171,-0.08225876092910767,-0.0013025104999542236,-0.09941787576059369,-0.07256239652633667,0.002429187297821045,-0.10813050275424985,-0.04571688175201416,-0.1760079264640808,-0.048564865493574416,-0.05897766351699829,-0.05975612998008728,-0.07867455040792493,-0.05052316188812256,0.012916117906570435,-0.08036015486101178,-0.04431295394897461,5.9932470321655273e-05,-0.0790124938426402,-0.005830645561218262,-0.1580469012260437,-0.05074107205251721,-0.017966389656066895,-0.04684102535247803,-0.07912107115367917,-0.02037334442138672,0.011465787887573242,-0.06999413972476987,-0.019180655479431152,-0.004213780164718628,-0.06063390081504849,0.028980016708374023,-0.12663602828979492,-0.05698811938742665,0.017253458499908447,-0.039719462394714355,-0.07342425292114285,0.008832275867462158,0.0024423599243164062,-0.06841308181861905,0.00616455078125,-0.006800532341003418,-0.06231231918314961,Yes
0.0,0.0,0.0,-0.04916238784790039,-0.006322026252746582,-0.03765614241342519,-0.09530508518218994,-0.03223508596420288,-0.06377802327256177,-0.12178027629852295,-0.05268716812133789,-0.08510453537087415,-0.10377007722854614,-0.0661608874797821,-0.10073307439665768,-0.07293283939361572,-0.2090625762939453,-0.04606970682721112,-0.09034615755081177,-0.13364535570144653,-0.07896195635180447,-0.08011043071746826,-0.06216007471084595,-0.09305732235293362,-0.07067757844924927,-0.05374765396118164,-0.10072514697890256,-0.03364109992980957,-0.2201896607875824,-0.04334543928484891,-0.05388611555099487,-0.1238829493522644,-0.07495907977204297,-0.05177336931228638,-0.044535934925079346,-0.07807061359267209,-0.04629594087600708,-0.046976178884506226,-0.07653197929244016,0.004089772701263428,-0.19937288761138916,-0.04529330044965718,-0.014220654964447021,-0.09783145785331726,-0.07598940566163037,-0.020796358585357666,-0.03149101138114929,-0.06803325101714108,-0.019761323928833008,-0.037952721118927,-0.0583174778519151,0.036914288997650146,-0.16410470008850098,-0.051229781508254746,0.021877706050872803,-0.08393612504005432,-0.06961026325802777,0.010605871677398682,-0.0352931022644043,-0.06544586554150555,0.0070958733558654785,-0.03680625557899475,-0.059082317203092316,Yes
0.0,0.0,0.0,-0.050427913665771484,-0.007088750600814819,-0.03665751033287279,-0.09899759292602539,-0.0332813560962677,-0.061808871112873476,-0.12563639879226685,-0.05781891942024231,-0.08232793771486513,-0.10518676042556763,-0.07236632704734802,-0.09674019926052324,-0.0766834020614624,-0.20572197437286377,-0.04303894751529924,-0.09146302938461304,-0.1359628140926361,-0.07363550179462663,-0.08286726474761963,-0.06611183285713196,-0.08536462300281755,-0.07511860132217407,-0.05746111273765564,-0.09169131331901781,-0.037378787994384766,-0.21846085786819458,-0.04008225166063539,-0.05417490005493164,-0.1252126693725586,-0.07007629983883135,-0.05352967977523804,-0.048245638608932495,-0.07215080224733583,-0.049600183963775635,-0.052660971879959106,-0.07018316351633302,0.00032633543014526367,-0.2010703980922699,-0.04178332351904146,-0.015297114849090576,-0.102501779794693,-0.07111780159931413,-0.022730767726898193,-0.038035184144973755,-0.06327938102941744,-0.02297389507293701,-0.04559361934661865,-0.054006861530353945,0.034470975399017334,-0.1685798466205597,-0.04748219811182253,0.021469414234161377,-0.09285232424736023,-0.06547638588409654,0.008009731769561768,-0.042412906885147095,-0.06182518415909044,0.0011017322540283203,-0.041507720947265625,-0.056034939371159,Yes
0.0,0.0,0.0,-0.04997032880783081,-0.009639829397201538,-0.03710592540011248,-0.09725326299667358,-0.039626747369766235,-0.062376942504499766,-0.12541109323501587,-0.06914639472961426,-0.08289397137269816,-0.10576945543289185,-0.08515864610671997,-0.09726285563812098,-0.07248961925506592,-0.21076959371566772,-0.04294358195767245,-0.09126859903335571,-0.14545553922653198,-0.07378894465074382,-0.08263981342315674,-0.07649233937263489,-0.08551642673120341,-0.07380568981170654,-0.06769794225692749,-0.09174560384855113,-0.03384745121002197,-0.22392192482948303,-0.039741668869112345,-0.05480855703353882,-0.13910600543022156,-0.0701978542099937,-0.05403214693069458,-0.06074875593185425,-0.0719981156478866,-0.04895186424255371,-0.062631756067276,-0.06939158218011698,0.0028923749923706055,-0.2061179280281067,-0.041311532277916285,-0.01621955633163452,-0.11753112077713013,-0.07170476393804393,-0.022720038890838623,-0.0510026216506958,-0.06317584591016612,-0.020591437816619873,-0.05457174777984619,-0.05278468133911929,0.03604996204376221,-0.17241233587265015,-0.046898599732969615,0.021626174449920654,-0.10547953844070435,-0.06624717639789424,0.008219540119171143,-0.054230332374572754,-0.0625827275405868,0.0027115345001220703,-0.04986265301704407,-0.056263159979437205,Yes
0.0,0.0,0.0,-0.049450695514678955,-0.014960825443267822,-0.03476127399881079,-0.09585553407669067,-0.05593907833099365,-0.057576136428906466,-0.12353408336639404,-0.09474655985832214,-0.07627700432021811,-0.10553079843521118,-0.12604230642318726,-0.08866699202735617,-0.06319820880889893,-0.2181408405303955,-0.0339242012687464,-0.09122276306152344,-0.18253827095031738,-0.06472889496762946,-0.07934093475341797,-0.10523039102554321,-0.07873591198404029,-0.06691575050354004,-0.08326631784439087,-0.08641990436990454,-0.028126418590545654,-0.23001113533973694,-0.030351135645105387,-0.05854475498199463,-0.17900916934013367,-0.06287419958789542,-0.05220997333526611,-0.08718931674957275,-0.06727077229697898,-0.04253154993057251,-0.07697957754135132,-0.06514473422248557,0.006075561046600342,-0.21322518587112427,-0.031611105192496325,-0.018252313137054443,-0.15545621514320374,-0.06222095503289893,-0.020048022270202637,-0.07909208536148071,-0.05203272565086081,-0.012239336967468262,-0.07954603433609009,-0.03950986801464751,0.03651505708694458,-0.1812048852443695,-0.03658475144584372,0.01856595277786255,-0.13751649856567383,-0.053062343735291506,0.00947803258895874,-0.0859878659248352,-0.04615926160295203,0.012027859687805176,-0.08813247084617615,-0.037564428288533236,Yes
0.0,0.0,0.0,-0.04866361618041992,-0.02011394500732422,-0.03463962865657777,-0.09503579139709473,-0.06774502992630005,-0.05641368223018617,-0.12330055236816406,-0.1115262508392334,-0.0744637717086789,-0.10689151287078857,-0.15386706590652466,-0.0860619042593953,-0.06318742036819458,-0.2223932445049286,-0.028923643805455868,-0.09216105937957764,-0.2010645866394043,-0.05931871575899095,-0.08149033784866333,-0.12219956517219543,-0.0726680849272725,-0.06937307119369507,-0.09691843390464783,-0.07953731162137956,-0.029088199138641357,-0.23508137464523315,-0.025135548837852184,-0.06170421838760376,-0.20129737257957458,-0.05869760928339929,-0.05524176359176636,-0.10646528005599976,-0.06347029847688646,-0.044030845165252686,-0.09341162443161011,-0.061056869157027904,0.0037897825241088867,-0.22177386283874512,-0.026671497203778927,-0.024146437644958496,-0.18694856762886047,-0.059587081946801845,-0.025319695472717285,-0.10303366184234619,-0.04949200344867677,-0.015897750854492188,-0.0959160327911377,-0.03615513635463685,0.03333747386932373,-0.1930166482925415,-0.031703872658681576,0.012121319770812988,-0.16848990321159363,-0.050063537486266796,0.002605736255645752,-0.11042433977127075,-0.04289152664728135,0.005811095237731934,-0.10315939784049988,-0.03368588728494615,Yes
0.0,0.0,0.0,-0.04806452989578247,-0.015841364860534668,-0.026330368439460017,-0.096579909324646,-0.06374508142471313,-0.044289095173382975,-0.12188160419464111,-0.12343913316726685,-0.060399783621335246,-0.1052888035774231,-0.1726565957069397,-0.0706373432975056,-0.06725490093231201,-0.18404579162597656,-0.02334288678576968,-0.09470659494400024,-0.2129444181919098,-0.05345228112747691,-0.0859495997428894,-0.13762158155441284,-0.0641520897250416,-0.07185804843902588,-0.10532867908477783,-0.06764450467636607,-0.03599238395690918,-0.19154086709022522,-0.021719829956794,-0.06611686944961548,-0.21615070104599,-0.05549689925720713,-0.0557018518447876,-0.12265750765800476,-0.05701568893601916,-0.04127222299575806,-0.09789904952049255,-0.050867011616730906,-0.004201114177703857,-0.19113188982009888,-0.02494571156313441,-0.032031238079071045,-0.2143721580505371,-0.05832765422275088,-0.026920557022094727,-0.12202966213226318,-0.04544545508434794,-0.014496088027954102,-0.09624230861663818,-0.028773259217643954,0.028740644454956055,-0.17981618642807007,-0.030546672488355853,0.002021491527557373,-0.20108643174171448,-0.05063172973206065,-0.004088401794433594,-0.13070082664489746,-0.04202560133745692,0.000881195068359375,-0.10471081733703613,-0.030574055234694697,Yes
0.0,0.0,0.0,-0.048152387142181396,-0.014750063419342041,-0.031566748822910995,-0.09703487157821655,-0.059322208166122437,-0.05188955223081848,-0.12587988376617432,-0.10873013734817505,-0.06907011797545692,-0.11091595888137817,-0.1530681848526001,-0.07927961876509926,-0.07112729549407959,-0.21012485027313232,-0.028189341033680648,-0.10425490140914917,-0.20719274878501892,-0.05808358868478081,-0.0892643928527832,-0.1267865002155304,-0.06856259932635567,-0.07468163967132568,-0.10377800464630127,-0.07272588690636894,-0.03798753023147583,-0.22455525398254395,-0.024995364676101417,-0.07272839546203613,-0.2002440094947815,-0.05716124033449432,-0.05910468101501465,-0.10613951086997986,-0.057563344444020004,-0.0459175705909729,-0.0967022180557251,-0.051659280861599655,-0.0052071213722229,-0.21718153357505798,-0.026997616941912383,-0.034846365451812744,-0.19033530354499817,-0.059036514217837066,-0.02885991334915161,-0.10219800472259521,-0.045467844660265655,-0.01712089776992798,-0.0940408706665039,-0.029407201762182922,0.026276707649230957,-0.19498607516288757,-0.03228060385106346,0.001560509204864502,-0.1742722988128662,-0.05058279489992401,-0.003148674964904785,-0.11160579323768616,-0.042089933956845016,0.0022159218788146973,-0.10156354308128357,-0.03133359035371086,Yes
0.0,0.0,0.0,-0.04996299743652344,-0.0031201541423797607,-0.03153402674723793,-0.09716492891311646,-0.03400567173957825,-0.0519527787320726,-0.12945443391799927,-0.06486493349075317,-0.06911659557152916,-0.11892914772033691,-0.10049402713775635,-0.07991590667296578,-0.077647864818573,-0.20748648047447205,-0.029905128663074265,-0.10787832736968994,-0.17096152901649475,-0.05972565281916786,-0.09159642457962036,-0.09851795434951782,-0.07275252360631157,-0.07813966274261475,-0.0847354531288147,-0.07958533931304146,-0.04496479034423828,-0.2254079282283783,-0.027739887496124993,-0.07580685615539551,-0.16245678067207336,-0.057737569695007096,-0.06192290782928467,-0.07750457525253296,-0.060125260984193574,-0.05035966634750366,-0.07639521360397339,-0.056791427915584336,-0.010799646377563477,-0.21548855304718018,-0.0305107938103788,-0.036167144775390625,-0.14550501108169556,-0.05968477893401314,-0.030707240104675293,-0.069832444190979,-0.049115318243991624,-0.020657241344451904,-0.07520952820777893,-0.036355163341056596,0.021372556686401367,-0.1893283724784851,-0.036905474399816285,0.0018315911293029785,-0.1336652636528015,-0.053196850603114854,-0.0032688379287719727,-0.0791531503200531,-0.046952589785348664,0.0007852315902709961,-0.07989072799682617,-0.038520965164195786,Yes
0.0,0.0,0.0,-0.047248780727386475,0.0018851757049560547,-0.030309273843045048,-0.09143972396850586,-0.0193575918674469,-0.05063658671485882,-0.12068319320678711,-0.041726887226104736,-0.0675453329275797,-0.12492752075195312,-0.08007797598838806,-0.07918401153790455,-0.08541178703308105,-0.19250768423080444,-0.03343606086480122,-0.10521584749221802,-0.14253193140029907,-0.06303028108584385,-0.08945906162261963,-0.0735693871974945,-0.07770724685894947,-0.07520091533660889,-0.05599305033683777,-0.08541667552697163,-0.05145817995071411,-0.21505412459373474,-0.03131130429017048,-0.06970936059951782,-0.1325298249721527,-0.05858857648479443,-0.0595051646232605,-0.05463019013404846,-0.06314919235217076,-0.04991632699966431,-0.04749444127082825,-0.06247768269884091,-0.01625150442123413,-0.20808753371238708,-0.03326662348615628,-0.029506146907806396,-0.11276057362556458,-0.059681043941850476,-0.02607661485671997,-0.043225497007369995,-0.052304823864574246,-0.01964592933654785,-0.04062381386756897,-0.04297702478277188,0.017194390296936035,-0.18447381258010864,-0.0386628517698,0.0068427324295043945,-0.10561355948448181,-0.0554191889058302,0.0021833181381225586,-0.05102083086967468,-0.050988332350129895,0.0033822059631347656,-0.04524409770965576,-0.04372312592374783,Yes
0.0,0.0,0.0,-0.04620140790939331,0.008636891841888428,-0.031221711835257793,-0.09010618925094604,-0.0030918121337890625,-0.05294598994254329,-0.11683768033981323,-0.02044045925140381,-0.07083789241909244,-0.11318856477737427,-0.0520893931388855,-0.08343726379274585,-0.09108173847198486,-0.1768273413181305,-0.037562455809109,-0.10349464416503906,-0.10920161008834839,-0.06554462743400791,-0.08813178539276123,-0.046375542879104614,-0.0786313487350867,-0.0770140290260315,-0.04037189483642578,-0.08606062067150333,-0.056510090827941895,-0.1984756588935852,-0.03528068197368839,-0.06741666793823242,-0.0995282530784607,-0.06067958084344127,-0.058276474475860596,-0.027893543243408203,-0.06384204310774066,-0.051723480224609375,-0.03267046809196472,-0.06338424218296268,-0.019630014896392822,-0.1917644739151001,-0.03678268176912525,-0.027482151985168457,-0.08508679270744324,-0.061623096293203616,-0.027152955532073975,-0.022179901599884033,-0.05388825369476535,-0.02514946460723877,-0.02774745225906372,-0.04537172970771053,0.015368938446044922,-0.17050442099571228,-0.041754729872934604,0.007963359355926514,-0.09098124504089355,-0.05775276181697109,0.0021950602531433105,-0.04206913709640503,-0.053115285760156894,-0.00010192394256591797,-0.040437281131744385,-0.046337835317842746,Yes
0.0,0.0,0.0,-0.04747319221496582,0.011213600635528564,-0.03213614260226905,-0.09501993656158447,0.0049231648445129395,-0.05542276834518134,-0.12200677394866943,-0.001627504825592041,-0.07451066037089049,-0.11089599132537842,-0.014932394027709961,-0.08814866503149688,-0.09660911560058594,-0.16055315732955933,-0.0425437133517903,-0.10234999656677246,-0.07283103466033936,-0.07119543512732207,-0.08633148670196533,-0.011862039566040039,-0.08428834786087691,-0.07791918516159058,-0.015183955430984497,-0.09248988737732589,-0.05980557203292847,-0.17962759733200073,-0.04091233794957816,-0.06495898962020874,-0.06363868713378906,-0.06607935984999358,-0.053917884826660156,0.0029546022415161133,-0.06746428122193038,-0.04913616180419922,-0.013059347867965698,-0.06683042307764708,-0.02067720890045166,-0.17200109362602234,-0.04296620970040976,-0.02530372142791748,-0.054205089807510376,-0.06621314247519194,-0.024677574634552002,0.0015232563018798828,-0.05688641627699553,-0.025341272354125977,-0.016299307346343994,-0.04895607044369399,0.015526950359344482,-0.15063992142677307,-0.048816863795821064,0.00867009162902832,-0.05204471945762634,-0.06350175698668181,0.004045724868774414,-0.008709818124771118,-0.059228901168410175,0.0013973116874694824,-0.020471036434173584,-0.05412546207577407,Yes
0.0,0.0,0.0,-0.055797696113586426,0.021158277988433838,-0.035891129926000076,-0.10348927974700928,0.022067368030548096,-0.06292002211526437,-0.13129299879074097,0.02569580078125,-0.08500585268453165,-0.12410241365432739,0.024240612983703613,-0.10209577839091821,-0.10375946760177612,-0.130604088306427,-0.05493709380940004,-0.11151242256164551,-0.024189531803131104,-0.08707456599191232,-0.09197181463241577,0.029260635375976562,-0.10183088044837518,-0.08129799365997314,0.018747687339782715,-0.11134566675141855,-0.0659874677658081,-0.14927959442138672,-0.05328844796136423,-0.07317441701889038,-0.01921933889389038,-0.08210117678359552,-0.057972729206085205,0.035617709159851074,-0.0841783464999537,-0.05106240510940552,0.01279360055923462,-0.08432736556247278,-0.026142001152038574,-0.139297217130661,-0.05506789992764993,-0.0328218936920166,-0.013909012079238892,-0.08200087706759973,-0.02797919511795044,0.030710548162460327,-0.07189681689456506,-0.026215970516204834,0.006066262722015381,-0.06336722086385294,0.009151875972747803,-0.11694398522377014,-0.06087414856270357,0.0030240416526794434,-0.011602610349655151,-0.07818155299142404,0.0001296401023864746,0.024512946605682373,-0.07419639389232202,-0.0018470287322998047,0.0059660375118255615,-0.069487537548099,Yes
0.0,0.0,0.0,-0.05385148525238037,0.027429044246673584,-0.03929804015140803,-0.10318541526794434,0.03726443648338318,-0.06857717531900676,-0.12418937683105469,0.05958685278892517,-0.09064020711164744,-0.10801899433135986,0.07939594984054565,-0.10794166225176127,-0.10299700498580933,-0.10309150815010071,-0.0684651856420544,-0.10427343845367432,0.03635570406913757,-0.0981049959657696,-0.08307081460952759,0.06897971034049988,-0.11049164581280024,-0.07425135374069214,0.04037085175514221,-0.1190286700723675,-0.061410367488861084,-0.1211220920085907,-0.06408086913805278,-0.06277614831924438,0.041770607233047485,-0.08926632004957469,-0.04799914360046387,0.06523686647415161,-0.08910996961574824,-0.04472392797470093,0.02395007014274597,-0.08912256854753764,-0.02005094289779663,-0.1119583249092102,-0.06218801933508189,-0.024552464485168457,0.039348870515823364,-0.08429816114883693,-0.018716156482696533,0.05769917368888855,-0.07226092118006022,-0.016341328620910645,0.021694928407669067,-0.06333964067678721,0.01460200548171997,-0.09030479192733765,-0.06473230320196421,0.005932509899139404,0.026281923055648804,-0.08067294704895289,0.008108675479888916,0.04402777552604675,-0.07644787925462992,0.011554062366485596,0.01699775457382202,-0.07170115160923274,Yes
0.0,0.0,0.0,-0.0442083477973938,0.013781905174255371,-0.03669246014027294,-0.09176021814346313,0.01744478940963745,-0.06362998213438686,-0.11026382446289062,0.05203002691268921,-0.08399403568176922,-0.09565621614456177,0.08428770303726196,-0.09973168100981411,-0.0896415114402771,-0.10881307721138,-0.06635240938334164,-0.09118425846099854,0.02867060899734497,-0.09624772246746716,-0.07434952259063721,0.06506609916687012,-0.10880855198769268,-0.06813168525695801,0.037830621004104614,-0.1173943626490086,-0.0497017502784729,-0.12827950716018677,-0.06240866806177792,-0.04981279373168945,0.0389174222946167,-0.08807224508194622,-0.039400458335876465,0.0635332465171814,-0.0871579768863171,-0.038195669651031494,0.018793582916259766,-0.0856420296040028,-0.009546041488647461,-0.11849302053451538,-0.06087106566695866,-0.012350678443908691,0.03423029184341431,-0.08299096401600536,-0.009469747543334961,0.04958119988441467,-0.06972956385283169,-0.008337199687957764,0.01182025671005249,-0.058947154393479195,0.02426379919052124,-0.09683024883270264,-0.06365879352955517,0.019847095012664795,0.01987999677658081,-0.08225521173147854,0.0203402042388916,0.0377388596534729,-0.07898857917456326,0.023018300533294678,0.012263953685760498,-0.0734183016028851,Yes
0.0,0.0,0.0,-0.044151246547698975,0.019632160663604736,-0.039134607281596345,-0.0901632308959961,0.035673558712005615,-0.06983984690538136,-0.10361731052398682,0.0803532600402832,-0.09338617008558003,-0.08636659383773804,0.11823898553848267,-0.11300514322152821,-0.08556276559829712,-0.07897555828094482,-0.07763661872974126,-0.08056640625,0.05910772085189819,-0.1097616074644634,-0.06717658042907715,0.08067810535430908,-0.1235390571915218,-0.06301635503768921,0.0493544340133667,-0.13261922132602422,-0.04397231340408325,-0.09912300109863281,-0.07285814416042058,-0.038379013538360596,0.06755185127258301,-0.09939802866807668,-0.032817542552948,0.07110226154327393,-0.0978004081212589,-0.03406590223312378,0.025213658809661865,-0.09660452288022725,-0.003145873546600342,-0.09426024556159973,-0.07008339148393361,-0.0003326535224914551,0.05969738960266113,-0.09263329636684148,-0.0018819570541381836,0.06039440631866455,-0.07721133958926885,-0.004107296466827393,0.020664334297180176,-0.06504363995424,0.031119465827941895,-0.07873645424842834,-0.07202186864248006,0.030359387397766113,0.039301007986068726,-0.0902720211111614,0.027337968349456787,0.04624420404434204,-0.08550251704087941,0.026277124881744385,0.016804903745651245,-0.07911355477205007,Yes
0.0,0.0,0.0,-0.044181227684020996,0.022405415773391724,-0.03774558944037665,-0.09105640649795532,0.042672574520111084,-0.06781348032286871,-0.10471165180206299,0.08977866172790527,-0.09080960047772635,-0.08587270975112915,0.12838733196258545,-0.10988010657361258,-0.09017288684844971,-0.0703655481338501,-0.07614291650584448,-0.08321624994277954,0.07330113649368286,-0.10906177205374945,-0.06789183616638184,0.08238375186920166,-0.12491550487807501,-0.06424647569656372,0.04277721047401428,-0.13536360306075323,-0.047331154346466064,-0.09186029434204102,-0.07173494440844763,-0.04095882177352905,0.07815727591514587,-0.09632700127890814,-0.033397674560546875,0.07042822241783142,-0.0934276748948406,-0.03419226408004761,0.0202825665473938,-0.09157093805602301,-0.005373239517211914,-0.08739480376243591,-0.0695120860390972,-0.0012479424476623535,0.06927984952926636,-0.09050971460870016,-0.0015535354614257812,0.06116938591003418,-0.07301741284659613,-0.003309965133666992,0.018155187368392944,-0.05924934340050925,0.030444324016571045,-0.07151651382446289,-0.07210156512788046,0.031210899353027344,0.047751396894454956,-0.09044864965012778,0.029631078243255615,0.049438655376434326,-0.08518121582797278,0.02865433692932129,0.01741698384284973,-0.07793891621163596,Yes
0.0,0.0,0.0,-0.04511117935180664,0.02498030662536621,-0.03772185927489602,-0.09216934442520142,0.0550612211227417,-0.06964287718990647,-0.10803163051605225,0.10199448466300964,-0.09398731401422822,-0.08925199508666992,0.1353074312210083,-0.11423717251280152,-0.09070563316345215,-0.06256681680679321,-0.08127538671949708,-0.08574438095092773,0.08846879005432129,-0.11264532616594636,-0.06834602355957031,0.08564752340316772,-0.1262669395492395,-0.06214570999145508,0.04374539852142334,-0.1349637340591272,-0.0479167103767395,-0.08002984523773193,-0.0770452450797876,-0.04327660799026489,0.09654095768928528,-0.10062780788400971,-0.03293973207473755,0.07593345642089844,-0.09727949461201035,-0.03062283992767334,0.02450212836265564,-0.09567232242086732,-0.005872845649719238,-0.07242074608802795,-0.07419423571089112,-0.005011916160583496,0.08777284622192383,-0.09329583307960831,-0.0024956464767456055,0.06629037857055664,-0.07530085554579102,-0.001722872257232666,0.021109461784362793,-0.06181835940340363,0.030748844146728516,-0.053093403577804565,-0.07609972914913499,0.02870190143585205,0.0649861991405487,-0.09317972323158585,0.02875196933746338,0.052053302526474,-0.08733658304670655,0.028847098350524902,0.012134373188018799,-0.07991242220857941,Yes
0.0,0.0,0.0,-0.04725104570388794,0.03707510232925415,-0.048388542717702876,-0.09665817022323608,0.0711871087551117,-0.0836258885622101,-0.11835217475891113,0.11080166697502136,-0.10849325928688813,-0.10857909917831421,0.14481088519096375,-0.12795647803545762,-0.09311223030090332,-0.05448421835899353,-0.09393047366143037,-0.08703958988189697,0.09710758924484253,-0.12348324630261232,-0.06620907783508301,0.09888455271720886,-0.13124847236872483,-0.05782723426818848,0.057251036167144775,-0.13520982686281968,-0.0527840256690979,-0.0710262656211853,-0.08513976458311845,-0.04557448625564575,0.09938600659370422,-0.10853938583136369,-0.03337299823760986,0.08500787615776062,-0.10232089284659196,-0.03258174657821655,0.03618001937866211,-0.0984298196792679,-0.012558221817016602,-0.06654804944992065,-0.07836519006491471,-0.010667860507965088,0.08431383967399597,-0.1003112253904419,-0.003299891948699951,0.06977173686027527,-0.0852365327239113,-0.0017181038856506348,0.027315974235534668,-0.07350457284451295,0.02561807632446289,-0.05296251177787781,-0.07663181248904039,0.024937033653259277,0.05759748816490173,-0.09215706411600877,0.02680760622024536,0.05817142128944397,-0.08565686467886735,0.027354121208190918,0.03269055485725403,-0.07878831598759461,Yes
0.0,0.0,0.0,-0.054293155670166016,0.03354990482330322,-0.03356670006465379,-0.1004515290260315,0.041349709033966064,-0.05846598907660905,-0.12275475263595581,0.06677550077438354,-0.07779545872759286,-0.12259411811828613,0.09424656629562378,-0.09319726168465081,-0.10743767023086548,-0.08793368935585022,-0.05719055026125375,-0.10917067527770996,0.04323005676269531,-0.08498874842476312,-0.08642464876174927,0.07862251996994019,-0.09787989198517266,-0.07741934061050415,0.056912779808044434,-0.1065962070162243,-0.06929761171340942,-0.10895046591758728,-0.05506221740793649,-0.0743873119354248,0.04111295938491821,-0.07758701383423272,-0.053817808628082275,0.07257673144340515,-0.07766081183504525,-0.04712754487991333,0.042637526988983154,-0.07778781443190042,-0.030250906944274902,-0.1032600998878479,-0.055326418721193704,-0.03615909814834595,0.03848174214363098,-0.07514139055561486,-0.02305305004119873,0.06328165531158447,-0.0636209154064602,-0.018442630767822266,0.03291118144989014,-0.05546016781877938,0.003172636032104492,-0.0850655734539032,-0.059553002708668146,-0.0015099048614501953,0.029695093631744385,-0.07333396165918771,0.0037734508514404297,0.055624425411224365,-0.06810316234182778,0.005766928195953369,0.03393089771270752,-0.06289653270792428,Yes
0.0,0.0,0.0,-0.05311930179595947,0.024255424737930298,-0.030586921074956308,-0.09779089689254761,0.034866899251937866,-0.054010136449306856,-0.12177973985671997,0.05619385838508606,-0.07387569027540053,-0.12381190061569214,0.07687312364578247,-0.09022310602065886,-0.10554659366607666,-0.10126397013664246,-0.04575506823655928,-0.11177009344100952,0.016242295503616333,-0.07663561629649962,-0.09177631139755249,0.06414163112640381,-0.0936603717744049,-0.08047717809677124,0.05744174122810364,-0.10393879043456877,-0.0688292384147644,-0.11933961510658264,-0.04557759168145026,-0.07644212245941162,0.020312488079071045,-0.07050144898292388,-0.05992656946182251,0.064075767993927,-0.07295245158073271,-0.0512503981590271,0.04092097282409668,-0.07359476613399352,-0.03046804666519165,-0.11066922545433044,-0.04876332955953444,-0.03801983594894409,0.019333064556121826,-0.07224043684598769,-0.030402839183807373,0.052276670932769775,-0.06316254513856734,-0.02579277753829956,0.02585238218307495,-0.054841114604442964,0.002974569797515869,-0.08948317170143127,-0.05563997703191603,-0.0036984682083129883,0.011694848537445068,-0.07044698523876036,-0.0025534629821777344,0.03951895236968994,-0.06514359491464461,-0.0005130171775817871,0.020627856254577637,-0.05897298681136931,Yes
0.0,0.0,0.0,-0.04793328046798706,0.018709003925323486,-0.033007404587124256,-0.09324777126312256,0.025653451681137085,-0.05786247812852707,-0.12242347002029419,0.026142418384552002,-0.07902727164969292,-0.12602883577346802,0.00788646936416626,-0.09561892487749901,-0.09835022687911987,-0.1371401846408844,-0.049028890958879856,-0.11518800258636475,-0.051780104637145996,-0.08225484081253853,-0.09547466039657593,0.012347936630249023,-0.09903065004095879,-0.08037614822387695,0.024404257535934448,-0.10832097270235863,-0.06339704990386963,-0.15770143270492554,-0.04816404246435013,-0.08141148090362549,-0.04591435194015503,-0.07843427248940316,-0.06558871269226074,0.027426719665527344,-0.08287456520542946,-0.053133368492126465,0.03022003173828125,-0.08295218535408821,-0.026933133602142334,-0.1477000117301941,-0.05065437667713013,-0.042561471462249756,-0.03566986322402954,-0.0797604609344944,-0.03629791736602783,0.026812732219696045,-0.07171490677342263,-0.030170083045959473,0.023363173007965088,-0.06239493080124703,0.006305336952209473,-0.12258031964302063,-0.05664742999420014,-0.006255984306335449,-0.027137011289596558,-0.07509160675749627,-0.010716915130615234,0.018026292324066162,-0.07033591606364098,-0.012337028980255127,0.013737916946411133,-0.0633919227932438,Yes
0.0,0.0,0.0,-0.05108863115310669,0.013010799884796143,-0.030359096894812865,-0.09539294242858887,0.008531659841537476,-0.053214728901934905,-0.12296545505523682,-0.00111466646194458,-0.07272985212023286,-0.12617766857147217,-0.03327813744544983,-0.08776999644453554,-0.0976341962814331,-0.16282722353935242,-0.04254563159759073,-0.11611562967300415,-0.08861026167869568,-0.07233634970600633,-0.09819656610488892,-0.025429606437683105,-0.08752725652868776,-0.08292806148529053,-0.013266235589981079,-0.09604748717958955,-0.0634157657623291,-0.18069133162498474,-0.04193148768956689,-0.08194035291671753,-0.08021119236946106,-0.06832859299595384,-0.06968677043914795,-0.00829896330833435,-0.07281046740229158,-0.058972835540771484,-0.005801945924758911,-0.07344126335794954,-0.027702152729034424,-0.1692904531955719,-0.0444874428909543,-0.04453819990158081,-0.06765994429588318,-0.06977278373653917,-0.04070824384689331,-0.004770427942276001,-0.06210581592733888,-0.034565091133117676,-0.005602210760116577,-0.05381786830241708,0.004629552364349365,-0.14208287000656128,-0.05033594376857309,-0.009959101676940918,-0.05714413523674011,-0.06673989079411058,-0.01529550552368164,-0.01112455129623413,-0.06175281114394693,-0.015262961387634277,-0.01090395450592041,-0.05484032637889413,Yes
0.0,0.0,0.0,-0.04977571964263916,0.0024051666259765625,-0.029906692063718765,-0.09373599290847778,-0.012414425611495972,-0.05139357977202508,-0.12117820978164673,-0.030350148677825928,-0.06961018600156876,-0.12270212173461914,-0.06675240397453308,-0.08289568879297349,-0.08719390630722046,-0.186151385307312,-0.03752410792401406,-0.11033719778060913,-0.12658527493476868,-0.0662408024876413,-0.09540146589279175,-0.05880993604660034,-0.08033417173317048,-0.08113336563110352,-0.04287075996398926,-0.08818984784772965,-0.05410844087600708,-0.20444396138191223,-0.036007419308930366,-0.07668006420135498,-0.11449426412582397,-0.06257787354877564,-0.06752634048461914,-0.03641960024833679,-0.06717557468107316,-0.057600200176239014,-0.031514525413513184,-0.06745383896520707,-0.02004694938659668,-0.19345006346702576,-0.0379599743395147,-0.03870028257369995,-0.09499847888946533,-0.0633588359563646,-0.036652445793151855,-0.026313841342926025,-0.05613315486004922,-0.030845940113067627,-0.025302886962890625,-0.04772483565500352,0.011134803295135498,-0.16617301106452942,-0.04321886607101533,-0.004124581813812256,-0.08482551574707031,-0.059195183297902076,-0.010406732559204102,-0.03540968894958496,-0.05461249508550736,-0.010700523853302002,-0.03332433104515076,-0.047883458515912025,Yes
0.0,0.0,0.0,-0.04702937602996826,0.000132828950881958,-0.03050051422587785,-0.09130316972732544,-0.021866530179977417,-0.05135211886636171,-0.11842364072799683,-0.046467363834381104,-0.06873784007302675,-0.11358511447906494,-0.07747280597686768,-0.08093780817262086,-0.07882535457611084,-0.19413012266159058,-0.034787425564445584,-0.10105526447296143,-0.13606169819831848,-0.0630752498077527,-0.08698391914367676,-0.06771057844161987,-0.07645312489739808,-0.0737905502319336,-0.052339643239974976,-0.08362756462565812,-0.04537010192871094,-0.21000999212265015,-0.0330045277046338,-0.06897050142288208,-0.12714120745658875,-0.059498144106783,-0.06050550937652588,-0.049487560987472534,-0.06309418173304948,-0.05075228214263916,-0.04460456967353821,-0.06212441043726358,-0.011579573154449463,-0.19696980714797974,-0.035172598229564755,-0.03164440393447876,-0.10642033815383911,-0.061339119242347806,-0.030299127101898193,-0.03848773241043091,-0.05403936074844751,-0.02427738904953003,-0.03665730357170105,-0.0448010319637433,0.019537687301635742,-0.1679195761680603,-0.04067555980554971,0.004551291465759277,-0.09741920232772827,-0.05683069469205293,-0.0016849040985107422,-0.04813382029533386,-0.05204234065286073,-0.001584768295288086,-0.04305097460746765,-0.04478688703648004,Yes
0.0,0.0,0.0,-0.046800315380096436,-0.0017123222351074219,-0.03053354912708528,-0.09106582403182983,-0.028308629989624023,-0.05094286122630365,-0.11934101581573486,-0.05392104387283325,-0.06781645187447793,-0.11147654056549072,-0.08556780219078064,-0.0793289251000715,-0.07486081123352051,-0.19896858930587769,-0.03287565403888948,-0.0977068543434143,-0.14497190713882446,-0.06183401563475854,-0.08457958698272705,-0.07655033469200134,-0.07524090328524835,-0.07196623086929321,-0.06198987364768982,-0.08222109892676599,-0.041400909423828125,-0.2150460183620453,-0.030911515218122076,-0.06591767072677612,-0.13948407769203186,-0.057979617950422835,-0.058201611042022705,-0.06011682748794556,-0.06098057770441301,-0.048911869525909424,-0.0552656352519989,-0.05907055803845651,-0.00776904821395874,-0.20224052667617798,-0.033211935994131636,-0.028377413749694824,-0.11494842171669006,-0.05949111351083047,-0.027748525142669678,-0.04670143127441406,-0.051502209839327406,-0.021748363971710205,-0.04706817865371704,-0.0415738380820585,0.023008525371551514,-0.17356526851654053,-0.03897725486467607,0.007650554180145264,-0.10366463661193848,-0.05474710905264146,0.0007004141807556152,-0.053159624338150024,-0.049892824825747084,0.0006794929504394531,-0.048661112785339355,-0.04262230986068971,Yes
0.0,0.0,0.0,-0.047216713428497314,-0.005510151386260986,-0.03338468918735771,-0.09320724010467529,-0.037775635719299316,-0.054163050895283504,-0.12179738283157349,-0.07116726040840149,-0.07087514648372917,-0.1102529764175415,-0.10811105370521545,-0.08164067665273933,-0.07376974821090698,-0.20216110348701477,-0.03240010613734512,-0.09911173582077026,-0.16169142723083496,-0.062456295883009716,-0.08572530746459961,-0.09114521741867065,-0.07613394508297233,-0.07337832450866699,-0.07600831985473633,-0.08328853646452217,-0.039764344692230225,-0.2191319465637207,-0.029065000882098957,-0.06614625453948975,-0.1587315797805786,-0.058862880861113354,-0.058322250843048096,-0.0745379626750946,-0.06228362122709541,-0.0493432879447937,-0.06897947192192078,-0.05989517742926864,-0.0060651302337646484,-0.20696765184402466,-0.03063601913089542,-0.027675747871398926,-0.13797423243522644,-0.06019958207542686,-0.027318954467773438,-0.06458070874214172,-0.051284396147082134,-0.020325779914855957,-0.06469124555587769,-0.03970465162927894,0.02472478151321411,-0.17904257774353027,-0.035831597691128536,0.008561551570892334,-0.12259602546691895,-0.05391606414849548,0.0004152059555053711,-0.06898939609527588,-0.048976031189511104,0.0006935000419616699,-0.06520155072212219,-0.04126572707826881,Yes
0.0,0.0,0.0,-0.048570215702056885,-0.011035382747650146,-0.03317820152312834,-0.09483152627944946,-0.04795539379119873,-0.05401104187637884,-0.12285268306732178,-0.08550611138343811,-0.07108952721625883,-0.10939669609069824,-0.12729620933532715,-0.08199951669246275,-0.06992208957672119,-0.20845943689346313,-0.02993666624695379,-0.09643208980560303,-0.17398151755332947,-0.05953517800242025,-0.08460688591003418,-0.0978962779045105,-0.07322418561250288,-0.07264387607574463,-0.07861369848251343,-0.08061954250604231,-0.036239445209503174,-0.22418029606342316,-0.026585603710714167,-0.06421828269958496,-0.17635217308998108,-0.05787216370970327,-0.05745178461074829,-0.08677652478218079,-0.06189366674095709,-0.048150718212127686,-0.07650959491729736,-0.059436737206283397,-0.003315865993499756,-0.21136143803596497,-0.028213427048626727,-0.02648693323135376,-0.15574008226394653,-0.058052549716535395,-0.027062952518463135,-0.08023113012313843,-0.048715865817371196,-0.01967865228652954,-0.07996588945388794,-0.036728418078723735,0.026316702365875244,-0.18309056758880615,-0.03346019482285101,0.008107781410217285,-0.13672754168510437,-0.05058447143107969,-0.0003821849822998047,-0.08442318439483643,-0.04515627643138487,0.0010399818420410156,-0.08248007297515869,-0.03752246370584089,Yes
0.0,0.0,0.0,-0.04866737127304077,-0.006903648376464844,-0.03674560023569029,-0.09712833166122437,-0.04680401086807251,-0.05846370739959639,-0.12499630451202393,-0.08916327357292175,-0.07576615346692961,-0.1095077395439148,-0.1358780860900879,-0.08624832315467756,-0.07475394010543823,-0.20278674364089966,-0.030783414674033338,-0.09854143857955933,-0.18127167224884033,-0.06299798173927229,-0.08561384677886963,-0.10179916024208069,-0.07799824310563963,-0.07303822040557861,-0.08291539549827576,-0.08619384450935286,-0.039778172969818115,-0.22143936157226562,-0.025811061096419508,-0.06477963924407959,-0.18318602442741394,-0.06001951528810423,-0.05679994821548462,-0.08901017904281616,-0.06431683136247557,-0.04762125015258789,-0.07996058464050293,-0.06125683693312567,-0.005649685859680176,-0.21218493580818176,-0.026616142896045858,-0.02518308162689209,-0.16308271884918213,-0.05944890884779852,-0.025824308395385742,-0.08164313435554504,-0.04883854819559019,-0.019053399562835693,-0.08300432562828064,-0.03515364585541647,0.0256192684173584,-0.18761494755744934,-0.0313277429165737,0.008950889110565186,-0.14497143030166626,-0.05007589219235342,0.0005753636360168457,-0.08937239646911621,-0.044047571552027875,0.0021779537200927734,-0.09037584066390991,-0.035641722214450056,Yes
0.0,0.0,0.0,-0.04850858449935913,-0.010362982749938965,-0.034045182719182776,-0.09726297855377197,-0.05386382341384888,-0.05456390659446697,-0.12511736154556274,-0.10372880101203918,-0.071201716169071,-0.10978960990905762,-0.14865750074386597,-0.08135910014743786,-0.07310646772384644,-0.2003653198480606,-0.02811051960225086,-0.09675216674804688,-0.1914268136024475,-0.05730416308279018,-0.08565962314605713,-0.11586424708366394,-0.06974410693283062,-0.07424890995025635,-0.09025287628173828,-0.07595752607221584,-0.039189696311950684,-0.21944937109947205,-0.02332650180096607,-0.06465578079223633,-0.19394132494926453,-0.05423385332460384,-0.057813048362731934,-0.10116279125213623,-0.05699561963911037,-0.049232542514801025,-0.08592811226844788,-0.05331182162399273,-0.006289660930633545,-0.21379989385604858,-0.023846930443596648,-0.027555882930755615,-0.17975574731826782,-0.05480521599884014,-0.02813577651977539,-0.09548527002334595,-0.044246752365779685,-0.021546006202697754,-0.08641761541366577,-0.030840671240639494,0.0244409441947937,-0.1923087239265442,-0.027838098435950087,0.006071627140045166,-0.1606045663356781,-0.04591665099496822,-0.002462327480316162,-0.10299807786941528,-0.03968986551399212,-0.0012229084968566895,-0.09776556491851807,-0.031238798602771567,Yes
0.0,0.0,0.0,-0.04699277877807617,-0.01633399724960327,-0.02690581615058818,-0.09355604648590088,-0.06654924154281616,-0.043952100081128265,-0.11654901504516602,-0.12914592027664185,-0.05859938646642604,-0.10105252265930176,-0.18104293942451477,-0.06740983585802951,-0.06663060188293457,-0.18257185816764832,-0.02184890965907016,-0.08666282892227173,-0.20937833189964294,-0.051896792007369186,-0.07868140935897827,-0.1374455690383911,-0.0634033382960979,-0.06752020120620728,-0.1037432849407196,-0.06744831810681262,-0.03462576866149902,-0.19504941999912262,-0.019627651301902915,-0.057948172092437744,-0.2140354961156845,-0.051861748201531555,-0.05075448751449585,-0.11990568041801453,-0.05316244075982013,-0.04043608903884888,-0.0946744978427887,-0.04700067649571338,-0.00295865535736084,-0.19438835978507996,-0.0225139000543777,-0.024592936038970947,-0.20843075215816498,-0.05488454188196101,-0.022663772106170654,-0.11684581637382507,-0.04244144271103778,-0.01446998119354248,-0.09243285655975342,-0.02621420855609813,0.028956294059753418,-0.1809370219707489,-0.027874108506125594,0.007520914077758789,-0.19018307328224182,-0.04800928394286075,0.0003713369369506836,-0.12285307049751282,-0.040307112140339996,0.0025902986526489258,-0.10174623131752014,-0.029513895613831664,Yes
0.0,0.0,0.0,-0.046868741512298584,-0.00312727689743042,-0.04121590210093018,-0.09421324729919434,-0.023689478635787964,-0.06782683534515854,-0.12315070629119873,-0.05318114161491394,-0.08848457587851044,-0.10378295183181763,-0.0757996141910553,-0.10286041898621079,-0.08392900228500366,-0.2034289538860321,-0.04531341595543381,-0.0925493836402893,-0.1379452645778656,-0.07542687458885666,-0.08078283071517944,-0.07174655795097351,-0.08713432950867173,-0.07390302419662476,-0.06790938973426819,-0.09370291782511231,-0.04460328817367554,-0.22489307820796967,-0.03924952996862885,-0.05451995134353638,-0.13687953352928162,-0.06898113144529816,-0.05131101608276367,-0.05792871117591858,-0.07146755410326477,-0.048880815505981445,-0.061790287494659424,-0.06948223514450547,-0.006229102611541748,-0.2145816832780838,-0.03810570565951821,-0.014039218425750732,-0.12000703811645508,-0.0692481826056337,-0.02038276195526123,-0.052165597677230835,-0.06236157370699402,-0.02192091941833496,-0.055621176958084106,-0.05276164589417931,0.028462350368499756,-0.18583503365516663,-0.04103422341836449,0.022422492504119873,-0.11608222126960754,-0.06181870577825066,0.008725285530090332,-0.06078597903251648,-0.05919126225603577,-0.0003466606140136719,-0.052077651023864746,-0.0532160344530439,Yes
0.0,0.0,0.0,-0.04744833707809448,-0.002030283212661743,-0.04139596462943018,-0.09448480606079102,-0.02189430594444275,-0.06800952047802866,-0.12285804748535156,-0.050825804471969604,-0.08853361249663294,-0.10316765308380127,-0.0727587342262268,-0.10273926944233835,-0.08409613370895386,-0.2013036012649536,-0.04640407354332865,-0.09118705987930298,-0.13481053709983826,-0.07564637304045618,-0.08008080720901489,-0.06835436820983887,-0.0861775675485319,-0.07454127073287964,-0.06559738516807556,-0.09208841860987604,-0.04457545280456543,-0.2228049784898758,-0.040252036012191184,-0.05269521474838257,-0.1328330636024475,-0.06964459509350718,-0.05050164461135864,-0.05312541127204895,-0.07165379316307963,-0.04992038011550903,-0.05840924382209778,-0.06939277291991175,-0.005789399147033691,-0.21264196932315826,-0.038864138133305914,-0.011426329612731934,-0.11734402179718018,-0.07001485169627131,-0.018951833248138428,-0.04838159680366516,-0.06300088257290781,-0.022417843341827393,-0.051352113485336304,-0.05333965510823191,0.029135704040527344,-0.1836584210395813,-0.04148929432727755,0.02514594793319702,-0.11491391062736511,-0.06296741456486643,0.011956453323364258,-0.058964163064956665,-0.060534207678813345,0.00239640474319458,-0.049161821603775024,-0.054549733705300696,Yes
0.0,0.0,0.0,-0.04489314556121826,0.0013402104377746582,-0.04003026219925232,-0.0901448130607605,-0.015431255102157593,-0.06624904530963249,-0.11736887693405151,-0.037944912910461426,-0.08650674926957436,-0.09819042682647705,-0.05857279896736145,-0.10070526855906792,-0.07946676015853882,-0.1931540071964264,-0.04914968344291992,-0.08729839324951172,-0.12170007824897766,-0.07892629760226555,-0.07660448551177979,-0.05654102563858032,-0.08954158681353874,-0.07078617811203003,-0.055775225162506104,-0.09548726188859291,-0.039452195167541504,-0.21359875798225403,-0.043955101397841645,-0.04811084270477295,-0.11905777454376221,-0.07356723653992958,-0.04631638526916504,-0.043183088302612305,-0.07550154882392235,-0.045107364654541016,-0.05042269825935364,-0.07356934505423851,-0.0005230903625488281,-0.20204447209835052,-0.04314824077209778,-0.007341742515563965,-0.10371848940849304,-0.07385973143300362,-0.014929771423339844,-0.038410484790802,-0.06690424936732597,-0.01793062686920166,-0.04406869411468506,-0.05783557775339432,0.034368693828582764,-0.17253530025482178,-0.04627437400540657,0.029024243354797363,-0.09927049279212952,-0.06777166831216164,0.015170097351074219,-0.044592440128326416,-0.06579806911668129,0.005449056625366211,-0.0367545485496521,-0.06048598396500893,Yes
0.0,0.0,0.0,-0.04544627666473389,0.0076760053634643555,-0.03997959325181455,-0.09163188934326172,-0.005002856254577637,-0.06692918891178579,-0.11900514364242554,-0.023746371269226074,-0.08818202966915578,-0.10341078042984009,-0.04387664794921875,-0.1033719828175208,-0.08577734231948853,-0.18187281489372253,-0.05057354400025815,-0.09187155961990356,-0.10477489233016968,-0.08170000964867086,-0.08025747537612915,-0.04106175899505615,-0.09300001466738195,-0.07340079545974731,-0.039443641901016235,-0.09936513507830114,-0.047336459159851074,-0.20345203578472137,-0.046053135191073125,-0.05216890573501587,-0.1032097339630127,-0.07741810137497396,-0.04880261421203613,-0.027454495429992676,-0.07989515865313024,-0.047035038471221924,-0.03604358434677124,-0.07816250378357381,-0.008493363857269287,-0.19473816454410553,-0.045908079837431615,-0.01081383228302002,-0.08859336376190186,-0.07718530798422307,-0.01757955551147461,-0.02434319257736206,-0.07020401710735769,-0.021536946296691895,-0.03431028127670288,-0.06138980144726247,0.026753485202789307,-0.16857287287712097,-0.04978343973027677,0.023888111114501953,-0.08558252453804016,-0.07087740058170766,0.012653172016143799,-0.03346574306488037,-0.06888116652237386,0.004328727722167969,-0.03326275944709778,-0.06391381228434057,Yes
0.0,0.0,0.0,-0.04231137037277222,0.010135829448699951,-0.0380518839702404,-0.08804178237915039,0.004578143358230591,-0.0646779716954029,-0.11613315343856812,-0.003287583589553833,-0.0861855999574459,-0.10621756315231323,-0.012753665447235107,-0.10213621268127326,-0.08804589509963989,-0.16160041093826294,-0.05017762193534736,-0.08974027633666992,-0.07331231236457825,-0.0817198635086811,-0.0756722092628479,-0.0072193443775177,-0.09504980156276588,-0.06888091564178467,-0.004848897457122803,-0.10290617058132057,-0.04973578453063965,-0.18202748894691467,-0.046642150078753275,-0.049667537212371826,-0.07117065787315369,-0.07627725163553123,-0.04471433162689209,0.005081534385681152,-0.07853739271018867,-0.04312396049499512,-0.00698503851890564,-0.07753104278896217,-0.010213315486907959,-0.17414402961730957,-0.047259672825077814,-0.007108330726623535,-0.05615735054016113,-0.07648776779029731,-0.013879835605621338,0.005777418613433838,-0.06919374624345664,-0.018967092037200928,-0.010323166847229004,-0.061062651966551584,0.02559298276901245,-0.15087354183197021,-0.051787025575379175,0.025075078010559082,-0.05849921703338623,-0.07030180404041175,0.014590978622436523,-0.0103529691696167,-0.06695338646028404,0.0062142014503479,-0.016433775424957275,-0.061815346871355814,Yes
0.0,0.0,0.0,-0.044105589389801025,0.012507826089859009,-0.03430504408299839,-0.09062272310256958,0.016880959272384644,-0.06123615857779896,-0.11694580316543579,0.04328414797782898,-0.08222540151894009,-0.10623878240585327,0.06618312001228333,-0.0977428523880235,-0.09695953130722046,-0.11361756920814514,-0.060723573533891795,-0.09791451692581177,0.02255907654762268,-0.08970540445864117,-0.07870560884475708,0.05299976468086243,-0.10050073695003903,-0.0710529088973999,0.02253308892250061,-0.107784826872944,-0.060748934745788574,-0.13333573937416077,-0.05824262332737362,-0.057466983795166016,0.02314603328704834,-0.08476260733425534,-0.04373753070831299,0.04823717474937439,-0.08482660782158291,-0.042610228061676025,0.0026020705699920654,-0.08423597049534237,-0.021687626838684082,-0.12854799628257751,-0.05826287773072636,-0.018303215503692627,0.017933815717697144,-0.0815912975054971,-0.011485099792480469,0.04118528962135315,-0.07131561320841229,-0.011438310146331787,0.004912137985229492,-0.0633577747327081,0.01451188325881958,-0.11104041337966919,-0.06219956335246479,0.014448761940002441,0.0010101497173309326,-0.07777588498413479,0.014567196369171143,0.028730124235153198,-0.07475499492704785,0.01358121633529663,0.0059101879596710205,-0.07122328561365521,Yes
0.0,0.0,0.0,-0.04287999868392944,0.020226210355758667,-0.03824084877098244,-0.08421474695205688,0.03509551286697388,-0.06599385171259087,-0.09834170341491699,0.07713231444358826,-0.0863911273988549,-0.08644860982894897,0.11406975984573364,-0.10287412880981606,-0.07827115058898926,-0.07744431495666504,-0.07225829987848442,-0.07062482833862305,0.05973315238952637,-0.09826136260355156,-0.056810975074768066,0.08210626244544983,-0.10801902293289345,-0.053772568702697754,0.048155367374420166,-0.11561505376423042,-0.041121482849121094,-0.09955549240112305,-0.06670457004631203,-0.031669676303863525,0.06127649545669556,-0.08955754964674156,-0.02249807119369507,0.07557761669158936,-0.08903472750509422,-0.024481117725372314,0.029824137687683105,-0.08983387677992027,-0.0033875107765197754,-0.09750062227249146,-0.06278789668405693,0.0041484832763671875,0.05325442552566528,-0.08355268715942543,0.006180524826049805,0.06302455067634583,-0.073610341838247,0.0025569796562194824,0.022188663482666016,-0.06695708512390297,0.030553579330444336,-0.08411434292793274,-0.06303626923883598,0.03499150276184082,0.028397977352142334,-0.07861631988609474,0.032511770725250244,0.051481664180755615,-0.07571245609844368,0.029935598373413086,0.0332067608833313,-0.0727684336813752,Yes
0.0,0.0,0.0,-0.04660087823867798,0.015248030424118042,-0.03518791618446926,-0.0899893045425415,0.023559987545013428,-0.06202235939602474,-0.10588693618774414,0.06077486276626587,-0.08216815563540081,-0.09333407878875732,0.09720787405967712,-0.09825962158541302,-0.08815604448318481,-0.09067493677139282,-0.06727588298420528,-0.0835111141204834,0.047951847314834595,-0.09338391693930248,-0.06685411930084229,0.07177123427391052,-0.1033931461224995,-0.06171703338623047,0.03778913617134094,-0.11095684888462642,-0.050175487995147705,-0.11183181405067444,-0.06336213024954418,-0.0443195104598999,0.047523707151412964,-0.0856428084025822,-0.03183215856552124,0.06128993630409241,-0.08451184007029156,-0.031860411167144775,0.014004677534103394,-0.0846904900918446,-0.011400699615478516,-0.11033841967582703,-0.061121494794889486,-0.007689118385314941,0.03836706280708313,-0.08065325143437008,-0.002285182476043701,0.049820512533187866,-0.06877522292236904,-0.002920687198638916,0.007912635803222656,-0.060706482554479635,0.0235711932182312,-0.0973043441772461,-0.06294494989018062,0.02212435007095337,0.013603001832962036,-0.07670752080778698,0.02284073829650879,0.03631541132926941,-0.07185087474684337,0.024275243282318115,0.014535248279571533,-0.06737210723261455,Yes
0.0,0.0,0.0,-0.05538487434387207,0.023736029863357544,-0.0380811738857858,-0.10044276714324951,0.03056296706199646,-0.067534283835613,-0.1271209716796875,0.04268929362297058,-0.09191212161275075,-0.11788195371627808,0.05136170983314514,-0.11198742045851873,-0.09801173210144043,-0.12033805251121521,-0.05922832815738843,-0.10654419660568237,-0.003796398639678955,-0.09321924402209447,-0.08686292171478271,0.04948723316192627,-0.10935640438290761,-0.07664453983306885,0.034716248512268066,-0.11960560931655095,-0.05928957462310791,-0.13465049862861633,-0.057451763291084035,-0.06997966766357422,-0.0036019980907440186,-0.08835466309281514,-0.05313313007354736,0.05330929160118103,-0.09083300932141469,-0.04480326175689697,0.029177457094192505,-0.09105271204205678,-0.019384026527404785,-0.12404754757881165,-0.05916382848116086,-0.03139978647232056,-0.00042128562927246094,-0.08725480093451665,-0.02534806728363037,0.04791867733001709,-0.076469631035053,-0.020951449871063232,0.02328464388847351,-0.0671610544511907,0.015568912029266357,-0.10322430729866028,-0.06508925660344289,0.00351560115814209,-0.002100139856338501,-0.0809196095058553,0.0004642009735107422,0.03566744923591614,-0.07507378711196111,0.000988304615020752,0.017971664667129517,-0.06941076471301244,Yes
0.0,0.0,0.0,-0.04716682434082031,0.005130141973495483,-0.03449471267754234,-0.09177833795547485,-0.010703444480895996,-0.057791813936773906,-0.11973023414611816,-0.02627047896385193,-0.07641255083376564,-0.1140296459197998,-0.05248799920082092,-0.08985487344557441,-0.08552384376525879,-0.18459370732307434,-0.04228480133110679,-0.09938657283782959,-0.11057090759277344,-0.07116559120709098,-0.08518874645233154,-0.04449915885925293,-0.08377193632418312,-0.07389211654663086,-0.03276938199996948,-0.09064021679455436,-0.049374401569366455,-0.20381426811218262,-0.03936107802087463,-0.0636628270149231,-0.1102900505065918,-0.06708004298502601,-0.056850969791412354,-0.03495156764984131,-0.07089323523337043,-0.050288498401641846,-0.032047390937805176,-0.07055711719090141,-0.012432277202606201,-0.19349412620067596,-0.04029609608346618,-0.02287060022354126,-0.09739339351654053,-0.0682743710547129,-0.024553000926971436,-0.029771417379379272,-0.0610780303447882,-0.022995829582214355,-0.02826482057571411,-0.052346631613318095,0.022036373615264893,-0.1673625111579895,-0.04476503628188766,0.015051066875457764,-0.09941434860229492,-0.0631077137857119,0.007752418518066406,-0.04419666528701782,-0.0584837977855841,0.004520118236541748,-0.03424832224845886,-0.05155573758179344,Yes
0.0,0.0,0.0,-0.04830747842788696,-0.0004742741584777832,-0.03591651265043083,-0.09371393918991089,-0.02202889323234558,-0.05954795498865906,-0.12280255556106567,-0.04386499524116516,-0.07846166361588303,-0.11279326677322388,-0.06852072477340698,-0.09209007937926117,-0.0807155966758728,-0.1930491030216217,-0.04118774626869026,-0.10059797763824463,-0.13031959533691406,-0.07172841001766983,-0.08507609367370605,-0.061699867248535156,-0.08517248351591888,-0.07245230674743652,-0.04522961378097534,-0.09201263804453674,-0.04419296979904175,-0.21269382536411285,-0.03725963626521889,-0.06533658504486084,-0.13123401999473572,-0.06625956465023819,-0.05744647979736328,-0.053151220083236694,-0.07023702729958359,-0.04954499006271362,-0.04688823223114014,-0.06921294499653641,-0.007863879203796387,-0.20242327451705933,-0.037641500872553024,-0.02442842721939087,-0.11548763513565063,-0.06777110863941971,-0.02423006296157837,-0.045096755027770996,-0.06041523609775368,-0.01927882432937622,-0.040532708168029785,-0.050431607109487686,0.025698959827423096,-0.17590340971946716,-0.04163538832682434,0.01415640115737915,-0.1106560230255127,-0.06142601166385475,0.00583040714263916,-0.052437275648117065,-0.056769432318390045,0.0037276148796081543,-0.04011237621307373,-0.049142798227251205,Yes
0.0,0.0,0.0,-0.04831111431121826,-0.0037729740142822266,-0.036627455488940086,-0.09534686803817749,-0.03217381238937378,-0.05954562021901211,-0.12586712837219238,-0.06106865406036377,-0.07761790870239338,-0.11214160919189453,-0.09198284149169922,-0.08944926677753529,-0.07718521356582642,-0.20314352214336395,-0.038646968887348976,-0.1004570722579956,-0.1514607071876526,-0.07002371816446384,-0.08452636003494263,-0.07837003469467163,-0.08333786098768314,-0.0720558762550354,-0.06369984149932861,-0.09024883328487476,-0.04153996706008911,-0.2233322560787201,-0.034257705197831,-0.06635349988937378,-0.15380144119262695,-0.06570475070287785,-0.057092368602752686,-0.06796258687973022,-0.06927775858451923,-0.04837745428085327,-0.06445863842964172,-0.06707708804418644,-0.005802035331726074,-0.2117447704076767,-0.03465867681910595,-0.02483135461807251,-0.1339813470840454,-0.06665528832485279,-0.024620771408081055,-0.05937555432319641,-0.05789553268363079,-0.01838672161102295,-0.06094440817832947,-0.04612114174773296,0.026285231113433838,-0.18391281366348267,-0.03877424343039593,0.01415640115737915,-0.12387442588806152,-0.05894305451323589,0.005334377288818359,-0.06817877292633057,-0.054116549776097145,0.004422664642333984,-0.06351286172866821,-0.04617540060093006,Yes
0.0,0.0,0.0,-0.05065298080444336,-0.007618367671966553,-0.035420550762978564,-0.09871679544448853,-0.04341608285903931,-0.0578954432004366,-0.12789976596832275,-0.0802607536315918,-0.07619129753049947,-0.11251020431518555,-0.11414045095443726,-0.08775161093410588,-0.07547605037689209,-0.21296799182891846,-0.03207677489456273,-0.1019945740699768,-0.17486384510993958,-0.06383961325821019,-0.08613836765289307,-0.09743654727935791,-0.07849903291401006,-0.07272523641586304,-0.0839076042175293,-0.0867067042582903,-0.04049175977706909,-0.23096293210983276,-0.028380100413528453,-0.06853419542312622,-0.17772364616394043,-0.0621482904845152,-0.05853158235549927,-0.08431646227836609,-0.06606148815092183,-0.048528313636779785,-0.08067858219146729,-0.06324743366178609,-0.005263209342956543,-0.21847274899482727,-0.029978372886148463,-0.02694946527481079,-0.15959548950195312,-0.062033715456095706,-0.026137471199035645,-0.0797567367553711,-0.050501956402627,-0.017921388149261475,-0.0837509036064148,-0.03655715173420049,0.026332736015319824,-0.19056478142738342,-0.03543792179164029,0.010344266891479492,-0.14647513628005981,-0.053078288941946994,0.0023883581161499023,-0.09250062704086304,-0.045748716949788104,0.004735708236694336,-0.09457260370254517,-0.036467159896460544,Yes
0.0,0.0,0.0,-0.0487443208694458,-0.008741915225982666,-0.0320414370760318,-0.09902620315551758,-0.04868480563163757,-0.052468291567265624,-0.1300252079963684,-0.09912127256393433,-0.06988005627840721,-0.11857861280441284,-0.14758551120758057,-0.0803534342810508,-0.07853078842163086,-0.1938159465789795,-0.02769129452258312,-0.10920244455337524,-0.19962576031684875,-0.05891175483316147,-0.0932953953742981,-0.12028494477272034,-0.06950871934145653,-0.07693654298782349,-0.09373533725738525,-0.07318634827583992,-0.045318424701690674,-0.2121935486793518,-0.024634369732439154,-0.07786637544631958,-0.20449933409690857,-0.05923172746747696,-0.061709046363830566,-0.10878300666809082,-0.06033651073425972,-0.04649168252944946,-0.09490495920181274,-0.05369668369144165,-0.011712789535522461,-0.21371304988861084,-0.02710909311622345,-0.040933847427368164,-0.1991461217403412,-0.061643662945925826,-0.03137707710266113,-0.10874339938163757,-0.0488297409281131,-0.017389357089996338,-0.09714615345001221,-0.032099402593075865,0.022293806076049805,-0.20117396116256714,-0.03273166631311142,-0.002840280532836914,-0.1908995509147644,-0.052833042190968627,-0.006827294826507568,-0.12328475713729858,-0.04462353055328094,-0.0014309883117675781,-0.10824701189994812,-0.03350018997639381,Yes
0.0,0.0,0.0,-0.050644874572753906,-0.010326623916625977,-0.02364377474310686,-0.10171377658843994,-0.053637564182281494,-0.040324041451242465,-0.12949544191360474,-0.11342641711235046,-0.056469151581552524,-0.11735779047012329,-0.17118340730667114,-0.06706334447386553,-0.07802057266235352,-0.17249107360839844,-0.016018995846536654,-0.10578525066375732,-0.2132394015789032,-0.0481764169585972,-0.09455931186676025,-0.136796236038208,-0.06153650751235773,-0.07788395881652832,-0.1026265025138855,-0.06629134511473467,-0.047444939613342285,-0.1836949586868286,-0.015945996920493144,-0.07821619510650635,-0.21774524450302124,-0.05236812850358774,-0.06412559747695923,-0.12100875377655029,-0.055971829051998157,-0.047455430030822754,-0.0934407114982605,-0.04975725134733011,-0.015305876731872559,-0.19042009115219116,-0.021233849058774013,-0.045512497425079346,-0.2202923595905304,-0.05627462064745714,-0.035318851470947266,-0.12466299533843994,-0.04432013800266077,-0.019182801246643066,-0.09898334741592407,-0.027014000172641772,0.019562065601348877,-0.18760523200035095,-0.02869215963306715,-0.010980784893035889,-0.2118847370147705,-0.04945539107444574,-0.011742651462554932,-0.13955199718475342,-0.040985254402187365,-0.0021497607231140137,-0.11340799927711487,-0.02890454215827276,Yes
0.0,0.0,0.0,-0.052982985973358154,-0.01101064682006836,-0.019987354978638905,-0.10359668731689453,-0.056701332330703735,-0.03410826157005431,-0.12923967838287354,-0.12074384093284607,-0.04871102328570487,-0.11584281921386719,-0.1807398498058319,-0.05875519941719176,-0.07681888341903687,-0.16617339849472046,-0.008341536849457043,-0.1025930643081665,-0.21109580993652344,-0.038573066696244496,-0.0945281982421875,-0.14406847953796387,-0.05254731978448035,-0.07836055755615234,-0.10732650756835938,-0.05749108920963408,-0.048254430294036865,-0.17892292141914368,-0.009027944870013016,-0.07631802558898926,-0.2216666042804718,-0.042744479134398716,-0.06492346525192261,-0.13203224539756775,-0.047829388633090275,-0.04780501127243042,-0.09827220439910889,-0.043016257688123005,-0.017483294010162354,-0.1876623034477234,-0.01488247792394759,-0.04495209455490112,-0.2261122465133667,-0.047828878268319386,-0.0377538800239563,-0.13547736406326294,-0.03853708784254195,-0.02274918556213379,-0.10075563192367554,-0.023101332589703816,0.016808927059173584,-0.18733128905296326,-0.022545113220530766,-0.012865066528320312,-0.2250111848115921,-0.042340609237271565,-0.015193402767181396,-0.1550758183002472,-0.03491494710715415,-0.00626826286315918,-0.12003263831138611,-0.023587680414038914,Yes
0.0,0.0,0.0,-0.04852938652038574,-0.009077876806259155,-0.02906832446944918,-0.099368155002594,-0.0545690655708313,-0.048565897845151085,-0.12616980075836182,-0.11255952715873718,-0.06592104186904635,-0.11100959777832031,-0.16684165596961975,-0.07759976735007967,-0.07254940271377563,-0.1755886971950531,-0.025518098600628036,-0.09726905822753906,-0.20715555548667908,-0.05770837491047587,-0.08749008178710938,-0.13224336504936218,-0.07010759761226382,-0.07208186388015747,-0.09532397985458374,-0.07432021548640932,-0.040359437465667725,-0.1882224977016449,-0.02326635060501303,-0.06775689125061035,-0.21489325165748596,-0.05958337684762682,-0.05675363540649414,-0.12022122740745544,-0.06250327428472247,-0.041801393032073975,-0.0897839367389679,-0.056488357238890785,-0.007370352745056152,-0.1921153962612152,-0.026245997973205704,-0.03230780363082886,-0.21337038278579712,-0.06258226534021105,-0.026255905628204346,-0.12004774808883667,-0.05085658630025591,-0.013688206672668457,-0.09112763404846191,-0.03401426201355662,0.027471542358398438,-0.18496954441070557,-0.031724553309800285,0.003325939178466797,-0.20441457629203796,-0.054488204174163,-0.0018261075019836426,-0.1298670470714569,-0.0465565507639667,0.0027892589569091797,-0.10004383325576782,-0.03490123128187861,Yes
0.0,0.0,0.0,-0.05079996585845947,-0.0001208186149597168,-0.03765155002804477,-0.10057723522186279,-0.028022289276123047,-0.06143953651519496,-0.13088458776474,-0.06167319416999817,-0.0807560980352946,-0.11197787523269653,-0.095160573720932,-0.09283744544120509,-0.08386677503585815,-0.20196843147277832,-0.033943690362889356,-0.10624045133590698,-0.16320794820785522,-0.06669104844661433,-0.08922356367111206,-0.08640658855438232,-0.08072885126205165,-0.0759129524230957,-0.07336115837097168,-0.08846780658097941,-0.04945778846740723,-0.22471894323825836,-0.029642147946674413,-0.07105201482772827,-0.16595664620399475,-0.06371878832908351,-0.0588451623916626,-0.07610207796096802,-0.06708454341026027,-0.049240052700042725,-0.07713443040847778,-0.06383765489192683,-0.014070212841033936,-0.21795004606246948,-0.031135851520616598,-0.028550565242767334,-0.14616313576698303,-0.06352980435224254,-0.026028990745544434,-0.07028374075889587,-0.05339761823745448,-0.019493460655212402,-0.08215168118476868,-0.04070835933418948,0.019431710243225098,-0.1945008635520935,-0.036803603175599164,0.008114397525787354,-0.13388678431510925,-0.05473375320764262,0.0024400949478149414,-0.08020582795143127,-0.0495840907129832,0.0037630200386047363,-0.08868902921676636,-0.04226563871236522,Yes
0.0,0.0,0.0,-0.05016732215881348,0.010485529899597168,-0.03433007404288446,-0.09754574298858643,0.0005663931369781494,-0.058862611950246446,-0.1261928677558899,-0.011608898639678955,-0.07954882487734949,-0.11669325828552246,-0.025624185800552368,-0.09502961888989603,-0.094077467918396,-0.17038840055465698,-0.041015740782825105,-0.10731476545333862,-0.09046384692192078,-0.07375052228650247,-0.08793866634368896,-0.024806946516036987,-0.09068777814587747,-0.07526123523712158,-0.018390804529190063,-0.10046766355713999,-0.05865603685379028,-0.19364646077156067,-0.03929099470457231,-0.07155710458755493,-0.08816000819206238,-0.06787404820403253,-0.05778545141220093,-0.013767153024673462,-0.0718058089919964,-0.049683332443237305,-0.01902705430984497,-0.07215423539361154,-0.021510541439056396,-0.18656626343727112,-0.042014323473779314,-0.031304121017456055,-0.08033487200737,-0.07090111479243433,-0.027065634727478027,-0.01460719108581543,-0.0632863084979931,-0.023618996143341064,-0.021380573511123657,-0.054737024308053606,0.014058232307434082,-0.16350123286247253,-0.048526212871877306,0.006885886192321777,-0.07656949758529663,-0.06594331964930689,0.0012464523315429688,-0.024537473917007446,-0.06108874484976923,-0.0022382140159606934,-0.025638878345489502,-0.05469172850331461,Yes
0.0,0.0,0.0,-0.04679131507873535,0.022607356309890747,-0.03362583274872577,-0.09234678745269775,0.03772750496864319,-0.05947679187090671,-0.11220073699951172,0.07193711400032043,-0.07965502421291148,-0.09810066223144531,0.10578605532646179,-0.09514233003289974,-0.09924429655075073,-0.08089244365692139,-0.05906328092248714,-0.09786707162857056,0.05122914910316467,-0.08530015031726634,-0.07719087600708008,0.07543584704399109,-0.09551438222558772,-0.0696602463722229,0.04760238528251648,-0.10216788480909145,-0.06078171730041504,-0.10232904553413391,-0.05603562573821819,-0.057888031005859375,0.053852379322052,-0.07790059129627025,-0.042232513427734375,0.06479957699775696,-0.07623128126294887,-0.04046541452407837,0.022191524505615234,-0.07500563095243251,-0.02139955759048462,-0.10029521584510803,-0.055290105742528795,-0.01978611946105957,0.0451449453830719,-0.07506130914123332,-0.010292232036590576,0.05172428488731384,-0.06387807707221782,-0.008857667446136475,0.012490302324295044,-0.05506929661066806,0.01386880874633789,-0.08601102232933044,-0.058489459556653856,0.01383829116821289,0.024032950401306152,-0.07227857689292705,0.018176794052124023,0.03559163212776184,-0.06793855409057414,0.01943105459213257,0.00793638825416565,-0.06288300733001506,Yes
0.0,0.0,0.0,-0.04889190196990967,0.010320216417312622,-0.032711277410214734,-0.09450662136077881,0.001520395278930664,-0.05647890891117413,-0.12527936697006226,-0.005992531776428223,-0.07650712008756955,-0.12425965070724487,-0.023768484592437744,-0.09210700418037732,-0.09196114540100098,-0.16403329372406006,-0.043728775039141965,-0.10644769668579102,-0.07319298386573792,-0.07530757661146481,-0.08946102857589722,-0.007277965545654297,-0.09100172544998486,-0.07587778568267822,0.003341495990753174,-0.09984297926706631,-0.05506575107574463,-0.1819029450416565,-0.043209707990115476,-0.07129770517349243,-0.07568150758743286,-0.07154900456947644,-0.060964226722717285,-0.0006272196769714355,-0.0756677674798425,-0.05196565389633179,0.0002544522285461426,-0.07602214689535458,-0.016523122787475586,-0.17085734009742737,-0.04641098405403454,-0.03133535385131836,-0.06555292010307312,-0.0741120788006242,-0.030462145805358887,0.0005943477153778076,-0.0665093200950082,-0.02710580825805664,-0.0016182363033294678,-0.058211206152861905,0.018565118312835693,-0.1448117196559906,-0.053115616246884656,0.008119463920593262,-0.059158533811569214,-0.07039537157100995,0.0023810267448425293,-0.00805559754371643,-0.06525900836271603,0.0014706254005432129,-0.005999863147735596,-0.05865769337100346,Yes
0.0,0.0,0.0,-0.052026450634002686,-0.006778061389923096,-0.03334396405819007,-0.10055404901504517,-0.04511380195617676,-0.05361284016373702,-0.13107168674468994,-0.0796169638633728,-0.06998332290652343,-0.1175302267074585,-0.10978230834007263,-0.08016977905037947,-0.07721751928329468,-0.21569609642028809,-0.029323258239060124,-0.10710757970809937,-0.16933509707450867,-0.05800993068817206,-0.09267175197601318,-0.09608787298202515,-0.07101073561909743,-0.07908296585083008,-0.08151918649673462,-0.07797161190512725,-0.04342091083526611,-0.23200386762619019,-0.026390946272044857,-0.0734512209892273,-0.17063400149345398,-0.056207713472872456,-0.06440204381942749,-0.08454686403274536,-0.0594247922182376,-0.05310183763504028,-0.08005142211914062,-0.05672045125368186,-0.008976876735687256,-0.2182098776102066,-0.028527504566341122,-0.03364574909210205,-0.1556912064552307,-0.0583506122112567,-0.033607423305511475,-0.0796055793762207,-0.048474364715843876,-0.024535536766052246,-0.07870924472808838,-0.03596975355151244,0.02217555046081543,-0.18865558505058289,-0.03439293875101157,0.0053102970123291016,-0.14319857954978943,-0.05224536060097762,-0.004388570785522461,-0.08692666888237,-0.045927290606528004,-0.003396749496459961,-0.079723060131073,-0.03703058584335395,Yes
0.0,0.0,0.0,-0.04987001419067383,-0.00954502820968628,-0.032790823967445704,-0.100746750831604,-0.05066823959350586,-0.05344697380184016,-0.13153666257858276,-0.09902423620223999,-0.07048544207333407,-0.12148064374923706,-0.14981094002723694,-0.0807460612964519,-0.07854914665222168,-0.20065948367118835,-0.02877319523810229,-0.10816401243209839,-0.1964917778968811,-0.05921404728411517,-0.09377974271774292,-0.11812081933021545,-0.07138556906699023,-0.07943493127822876,-0.08461654186248779,-0.07650317916392169,-0.04497170448303223,-0.2190142124891281,-0.025315637828100535,-0.07616078853607178,-0.20046475529670715,-0.05825659179805598,-0.0630003809928894,-0.10609933733940125,-0.06109724485992274,-0.049272894859313965,-0.08611434698104858,-0.05669037544845423,-0.011187732219696045,-0.21547098457813263,-0.02705209621905169,-0.0380977988243103,-0.1929495930671692,-0.0600222005855926,-0.032943129539489746,-0.10365802049636841,-0.04830696725963435,-0.02193605899810791,-0.08881905674934387,-0.03328816512345156,0.021921277046203613,-0.1962965726852417,-0.032022095413196894,-0.0007900595664978027,-0.1806875467300415,-0.05164025271056971,-0.0067452192306518555,-0.1162320077419281,-0.04365464964627108,-0.0027013421058654785,-0.10275000333786011,-0.033183458389032694,Yes
0.0,0.0,0.0,-0.05163329839706421,-0.005444198846817017,-0.035765319328845635,-0.10222554206848145,-0.03897950053215027,-0.0586722448580872,-0.13443458080291748,-0.07813012599945068,-0.0773518934958588,-0.12483274936676025,-0.12096640467643738,-0.08879978508883823,-0.08442109823226929,-0.20539140701293945,-0.03400112242633213,-0.11431992053985596,-0.17993134260177612,-0.06674307883912434,-0.09509885311126709,-0.10050362348556519,-0.08075569124156345,-0.07988476753234863,-0.07861009240150452,-0.08797729314500202,-0.05061745643615723,-0.22850577533245087,-0.02992792354160656,-0.08048516511917114,-0.18008729815483093,-0.0654836997502457,-0.064186692237854,-0.08512166142463684,-0.069269093882383,-0.0517122745513916,-0.07791262865066528,-0.06572830231124271,-0.015796303749084473,-0.22155500948429108,-0.031093877937735215,-0.03617596626281738,-0.16403287649154663,-0.0652550786846291,-0.029732882976531982,-0.08033433556556702,-0.05387591869765629,-0.020839273929595947,-0.08178016543388367,-0.039543199550450936,0.016469717025756836,-0.19768890738487244,-0.03603065685564388,0.0016984343528747559,-0.14663389325141907,-0.056142877053559914,-0.0039023756980895996,-0.08750960230827332,-0.0500742711239468,-0.002135336399078369,-0.08990094065666199,-0.04121548236543049,Yes
0.0,0.0,0.0,-0.04757189750671387,0.001908719539642334,-0.03558650208901781,-0.09462225437164307,-0.020780086517333984,-0.05828957973312754,-0.12427377700805664,-0.04588189721107483,-0.07643297283243555,-0.11417961120605469,-0.07987594604492188,-0.0882039290506782,-0.08342647552490234,-0.196096271276474,-0.03782632170509714,-0.10407036542892456,-0.1468706727027893,-0.07089761613201517,-0.08686494827270508,-0.07415658235549927,-0.0849746388037147,-0.07297253608703613,-0.058880358934402466,-0.09197274564098734,-0.04852062463760376,-0.21901819109916687,-0.03415213493894953,-0.06851643323898315,-0.1494658887386322,-0.06693918226551432,-0.057506561279296875,-0.06453359127044678,-0.07074576584886927,-0.04776918888092041,-0.061735957860946655,-0.06797994641851801,-0.01284778118133545,-0.21180880069732666,-0.035414408578390066,-0.02625793218612671,-0.1262003481388092,-0.06742060153078455,-0.023545563220977783,-0.05327519774436951,-0.05897934703421015,-0.016744256019592285,-0.06091472506523132,-0.04723947463821787,0.021213412284851074,-0.1884179413318634,-0.0404204201538505,0.011766016483306885,-0.11920669674873352,-0.05931121079515833,0.005448579788208008,-0.06263294816017151,-0.0545117851931991,0.005562901496887207,-0.06425365805625916,-0.04671477122496981,Yes
0.0,0.0,0.0,-0.051523447036743164,0.011797815561294556,-0.03275378240863347,-0.0988878607749939,0.009891688823699951,-0.05831399379889035,-0.12758904695510864,0.015250235795974731,-0.08045888139525914,-0.11847561597824097,0.020475029945373535,-0.09797524853269124,-0.0972757339477539,-0.14683061838150024,-0.04471497430125737,-0.10818815231323242,-0.04100596904754639,-0.08010117902080083,-0.0901191234588623,0.021442532539367676,-0.09939720674077535,-0.07846462726593018,0.022455602884292603,-0.11099597259084248,-0.061644673347473145,-0.1644333302974701,-0.04488558514634633,-0.07321411371231079,-0.043160855770111084,-0.0754259918502953,-0.05923217535018921,0.026186317205429077,-0.07912770851174855,-0.05051231384277344,0.0157015323638916,-0.07956715120593572,-0.02334040403366089,-0.15491533279418945,-0.0492322315148499,-0.03239917755126953,-0.036617815494537354,-0.07759383513251805,-0.028866887092590332,0.02305254340171814,-0.06849223567763829,-0.02600198984146118,0.008693814277648926,-0.05953635467807317,0.01258707046508789,-0.1315910816192627,-0.05753340392033124,0.004462897777557373,-0.035431742668151855,-0.07287965907374883,0.0004641413688659668,0.00997847318649292,-0.06683872087518239,-0.000796973705291748,-0.0007652044296264648,-0.06053056760350728,Yes
0.0,0.0,0.0,-0.044111013412475586,0.030068278312683105,-0.034972695444366764,-0.08687978982925415,0.0480998158454895,-0.06180186737014992,-0.10566794872283936,0.0894814133644104,-0.08254942465259774,-0.09466248750686646,0.12001568078994751,-0.09880755263998253,-0.09616202116012573,-0.07362368702888489,-0.06133698094322426,-0.09399670362472534,0.06856697797775269,-0.08892561662628395,-0.07234829664230347,0.08932250738143921,-0.1006360368771766,-0.06500446796417236,0.056118011474609375,-0.10855538565351708,-0.056363463401794434,-0.09865444898605347,-0.05838550049497826,-0.05200505256652832,0.06894475221633911,-0.08201751280262215,-0.03578305244445801,0.07537293434143066,-0.08229791540338738,-0.03506046533584595,0.025337249040603638,-0.08223032373621209,-0.01480710506439209,-0.09797239303588867,-0.05770253929927094,-0.012958347797393799,0.05740600824356079,-0.07695012706949456,-0.003848552703857422,0.0610845685005188,-0.0644911022825454,-0.0033606886863708496,0.017811506986618042,-0.05518514830305321,0.02111685276031494,-0.08370211720466614,-0.061255907450458835,0.020394861698150635,0.03584522008895874,-0.07489849794342263,0.02393472194671631,0.04172739386558533,-0.06986887175276024,0.024114549160003662,0.006002932786941528,-0.06432565468981011,Yes
0.0,0.0,0.0,-0.05329471826553345,0.0140877366065979,-0.030262961251423803,-0.10003691911697388,0.013164401054382324,-0.05483819471089646,-0.12992244958877563,0.01656004786491394,-0.07672653646557137,-0.13118034601211548,0.016652733087539673,-0.09469820858328148,-0.09859311580657959,-0.1476140022277832,-0.04349346013157174,-0.11497575044631958,-0.052378177642822266,-0.07650941164581582,-0.09794437885284424,0.013230085372924805,-0.0941435277590017,-0.08475887775421143,0.02164214849472046,-0.10412815512506768,-0.06335937976837158,-0.16352692246437073,-0.04493700639693543,-0.08007347583770752,-0.048951148986816406,-0.07331233770935341,-0.06705820560455322,0.0230025053024292,-0.0770611867436628,-0.055846452713012695,0.020541995763778687,-0.07747116984216973,-0.02630007266998291,-0.1516827642917633,-0.049963291002200094,-0.04204076528549194,-0.0448896586894989,-0.07721820027916237,-0.03774750232696533,0.01900845766067505,-0.06784596593467995,-0.031145453453063965,0.014838635921478271,-0.05839312375871941,0.008294105529785156,-0.12743276357650757,-0.05857768954126641,-0.004042863845825195,-0.04116728901863098,-0.07379592509357735,-0.010055959224700928,0.008853882551193237,-0.06654389501898095,-0.010973453521728516,0.008595526218414307,-0.05871741400449082,Yes
0.0,0.0,0.0,-0.05064511299133301,-0.004520207643508911,-0.03244809669678261,-0.09750115871429443,-0.034273773431777954,-0.053763846431422735,-0.12781113386154175,-0.0606440007686615,-0.07116249812071374,-0.12202692031860352,-0.0990661084651947,-0.08276043695633462,-0.07825928926467896,-0.20751461386680603,-0.035883499805379415,-0.10710954666137695,-0.1581260859966278,-0.0660695270938163,-0.09132915735244751,-0.08632689714431763,-0.07941374791090539,-0.07742458581924438,-0.06831321120262146,-0.08625002068703225,-0.044209957122802734,-0.22695490717887878,-0.03337021780436089,-0.07463234663009644,-0.15623515844345093,-0.06345918637936165,-0.06309270858764648,-0.07075580954551697,-0.0671814889950042,-0.051825642585754395,-0.0635499656200409,-0.06536765259926369,-0.009243369102478027,-0.21559053659439087,-0.0351668545347934,-0.03468257188796997,-0.13964435458183289,-0.06483730537121346,-0.031274616718292236,-0.0640091598033905,-0.055746758852649236,-0.02234750986099243,-0.062382251024246216,-0.04445280370538285,0.02236044406890869,-0.18710657954216003,-0.04041897741382172,0.004855811595916748,-0.1267220675945282,-0.05856480312769463,-0.0027303099632263184,-0.07059040665626526,-0.05314888295953324,-0.0015650391578674316,-0.06534388661384583,-0.045161763702083135,Yes
0.0,0.0,0.0,-0.05245155096054077,-0.009714633226394653,-0.0319685872935338,-0.10179078578948975,-0.050335824489593506,-0.051453807606606006,-0.132876455783844,-0.08987629413604736,-0.06756263713469934,-0.1267033815383911,-0.1340591013431549,-0.07718754301896524,-0.07803714275360107,-0.21241609752178192,-0.026476036041287898,-0.10949677228927612,-0.18380749225616455,-0.056961261882690906,-0.09528118371963501,-0.10490202903747559,-0.07163284461131525,-0.0819043517112732,-0.08122646808624268,-0.07960021237960291,-0.0447729229927063,-0.2323925644159317,-0.024335594131855487,-0.07820731401443481,-0.18886548280715942,-0.05830796550145578,-0.06656217575073242,-0.09283924102783203,-0.06319857875934076,-0.052760541439056396,-0.08243182301521301,-0.06034746880760622,-0.010701954364776611,-0.22230616211891174,-0.027365581347851275,-0.03677445650100708,-0.17517399787902832,-0.060234246059565066,-0.034648895263671875,-0.09026074409484863,-0.04936881850591135,-0.024139046669006348,-0.08814126253128052,-0.03530021499028635,0.02071976661682129,-0.19584065675735474,-0.03393288443913889,0.0015574097633361816,-0.1567593812942505,-0.05330872650375795,-0.008149385452270508,-0.0973900556564331,-0.04648181165686083,-0.006098628044128418,-0.09481561183929443,-0.03703380118241739,Yes
0.0,0.0,0.0,-0.05088156461715698,-0.0067528486251831055,-0.035407910790695496,-0.10085421800613403,-0.0435328483581543,-0.05736711501742775,-0.13073748350143433,-0.08462393283843994,-0.0750848713483947,-0.11686253547668457,-0.12459608912467957,-0.08600332468415672,-0.08135479688644409,-0.2070351243019104,-0.031558169719232865,-0.10628098249435425,-0.17892467975616455,-0.06377716987992699,-0.0906137228012085,-0.10030409693717957,-0.07903172701264793,-0.07818108797073364,-0.07987922430038452,-0.08742925405169899,-0.04526430368423462,-0.23029571771621704,-0.02768232553864891,-0.07175689935684204,-0.18296349048614502,-0.06121256827975685,-0.060489654541015625,-0.08868217468261719,-0.06544888645078117,-0.051062166690826416,-0.08028906583786011,-0.06290268033410484,-0.009213387966156006,-0.22203335165977478,-0.029204104762925454,-0.030451416969299316,-0.16815602779388428,-0.06125309198762352,-0.028277933597564697,-0.08494442701339722,-0.05033763378526146,-0.021379828453063965,-0.0851302444934845,-0.03709591433073456,0.023064851760864258,-0.19613796472549438,-0.03454551353718216,0.0060923099517822266,-0.1486067771911621,-0.05305104955698425,-0.000722348690032959,-0.09191513061523438,-0.04661911233927185,0.0011802315711975098,-0.09381511807441711,-0.03811462476517136,Yes
0.0,0.0,0.0,-0.04406994581222534,0.01270824670791626,-0.03694475364790151,-0.0885246992111206,0.00663718581199646,-0.0632317766259689,-0.11732059717178345,4.357099533081055e-05,-0.08467020389542768,-0.11002814769744873,-0.012247473001480103,-0.10138484385714719,-0.08828204870223999,-0.16528359055519104,-0.049652184517242404,-0.09640520811080933,-0.07248923182487488,-0.08243949261412808,-0.08036607503890991,-0.00571894645690918,-0.09854904857382962,-0.07001203298568726,-0.00011748075485229492,-0.10804780122742841,-0.0507889986038208,-0.18562471866607666,-0.047137967468358966,-0.057335734367370605,-0.07561790943145752,-0.07721627798781583,-0.04900515079498291,-0.0006198585033416748,-0.08221996870742032,-0.04378652572631836,-0.005099207162857056,-0.08322865811095426,-0.01172173023223877,-0.1770476996898651,-0.04845306944952199,-0.014178693294525146,-0.06516307592391968,-0.07864249792800138,-0.016017913818359375,-0.00043335556983947754,-0.07292216566310117,-0.01719897985458374,-0.008268117904663086,-0.06558297869668195,0.024161994457244873,-0.15342113375663757,-0.05344758850441167,0.022820591926574707,-0.06818908452987671,-0.07253459391102979,0.01571023464202881,-0.012909770011901855,-0.06837875691161344,0.010222792625427246,-0.009268760681152344,-0.06238106933341214,Yes
0.0,0.0,0.0,-0.048649728298187256,0.022721201181411743,-0.03479033764122619,-0.09197992086410522,0.03422266244888306,-0.06137433703659667,-0.11179327964782715,0.06670767068862915,-0.0822671955418457,-0.10191172361373901,0.09443295001983643,-0.09835566635845794,-0.09626209735870361,-0.0856781005859375,-0.05933106373666419,-0.09523701667785645,0.046773284673690796,-0.08791405018089904,-0.07283520698547363,0.07557147741317749,-0.099711359102713,-0.06526297330856323,0.04053875803947449,-0.10809252466677322,-0.05632007122039795,-0.11046579480171204,-0.05662209968684806,-0.05682790279388428,0.04129379987716675,-0.08205772991894378,-0.04055219888687134,0.07051008939743042,-0.0814349731397499,-0.040075719356536865,0.022303462028503418,-0.08077800329445495,-0.014970004558563232,-0.10985338687896729,-0.05654873754500045,-0.0157700777053833,0.03255510330200195,-0.07820142861126556,-0.009243547916412354,0.060183703899383545,-0.0647319262814392,-0.010108530521392822,0.020611345767974854,-0.055078212727295295,0.021072566509246826,-0.09398004412651062,-0.060664937455641166,0.018873393535614014,0.01648646593093872,-0.07511512245653762,0.018182873725891113,0.041710078716278076,-0.0698763063144554,0.016429603099822998,0.01474088430404663,-0.06510981227873458,Yes
0.0,0.0,0.0,-0.04454153776168823,0.04321286082267761,-0.035151561953753685,-0.08491528034210205,0.08402594923973083,-0.06576482043477938,-0.10591697692871094,0.12709251046180725,-0.08916671411010668,-0.09713190793991089,0.15576329827308655,-0.10782420472118304,-0.09112650156021118,-0.03272390365600586,-0.07750668213579104,-0.08548998832702637,0.12306514382362366,-0.10486995265695498,-0.0678790807723999,0.11620518565177917,-0.11369134322616503,-0.06336182355880737,0.07151028513908386,-0.11908466205808566,-0.05108398199081421,-0.05430537462234497,-0.07558993832084582,-0.04502338171005249,0.1248030960559845,-0.09865949884864733,-0.033837854862213135,0.0967852771282196,-0.09636897430631564,-0.03520321846008301,0.043761640787124634,-0.09596331254455492,-0.009091794490814209,-0.052245110273361206,-0.0745826645276253,-0.007675349712371826,0.11419108510017395,-0.09337597922298357,-0.0008367300033569336,0.08600375056266785,-0.0795238299748604,-0.0013390779495239258,0.03832992911338806,-0.06993050710174487,0.029317855834960938,-0.03706201910972595,-0.07763285771819994,0.027578413486480713,0.08509990572929382,-0.09252331242772982,0.02963101863861084,0.06743666529655457,-0.08783014700624392,0.027820229530334473,0.025453120470046997,-0.0827039761922066,Yes
0.0,0.0,0.0,-0.05107104778289795,0.013117998838424683,-0.030970894261258763,-0.09856778383255005,0.015532851219177246,-0.05601050937082164,-0.12972861528396606,0.02409231662750244,-0.07775396340991847,-0.132704496383667,0.02915215492248535,-0.09477360778953425,-0.10309469699859619,-0.14271241426467896,-0.047936337529677076,-0.11706298589706421,-0.026864469051361084,-0.083262311755675,-0.09525984525680542,0.030460864305496216,-0.10122587019111506,-0.07976078987121582,0.02720421552658081,-0.1113929920783221,-0.0671384334564209,-0.1597689986228943,-0.04924815007950656,-0.08241790533065796,-0.025950312614440918,-0.08022108161355845,-0.06443434953689575,0.03283312916755676,-0.0834449478378474,-0.05160808563232422,0.019511699676513672,-0.08361587905790202,-0.02909111976623535,-0.15051180124282837,-0.054232838093298597,-0.04254788160324097,-0.02475583553314209,-0.08312155538703792,-0.034283578395843506,0.02730780839920044,-0.0736061730375468,-0.027081549167633057,0.01348164677619934,-0.06425222986842982,0.007204711437225342,-0.12832123041152954,-0.0630182423582255,-0.0032399892807006836,-0.031411170959472656,-0.07995341205503337,-0.006424248218536377,0.013586431741714478,-0.0743320384016215,-0.006657242774963379,0.007090240716934204,-0.06774136656429164,Yes
0.0,0.0,0.0,-0.05025053024291992,-0.004624217748641968,-0.032226998221062786,-0.09662991762161255,-0.03785395622253418,-0.05297955484309114,-0.12673842906951904,-0.06778326630592346,-0.06982283280410684,-0.11922502517700195,-0.09685257077217102,-0.08121915892877496,-0.07574427127838135,-0.20792657136917114,-0.03397729606547273,-0.10454624891281128,-0.1625516712665558,-0.0630463360361091,-0.08958762884140015,-0.0920916199684143,-0.07655052081861413,-0.07593876123428345,-0.07159098982810974,-0.08361995951452172,-0.04225724935531616,-0.22458194196224213,-0.03147731335081971,-0.07284677028656006,-0.16267508268356323,-0.06089164302863992,-0.06265991926193237,-0.07771527767181396,-0.06483732150115884,-0.0512920618057251,-0.06673216819763184,-0.06288800374784387,-0.007528781890869141,-0.21211367845535278,-0.0332914477697841,-0.03168517351150513,-0.1472802758216858,-0.06318411962308801,-0.029972374439239502,-0.07155624032020569,-0.05439333976426042,-0.02151244878768921,-0.06368756294250488,-0.04267572970309175,0.024805963039398193,-0.1835942566394806,-0.0384893714002601,0.010402321815490723,-0.14007917046546936,-0.05746798576035417,0.0012041926383972168,-0.08139118552207947,-0.05129250125207818,0.0004944205284118652,-0.06679949164390564,-0.042170908164166576,Yes
0.0,0.0,0.0,-0.0492863655090332,-0.011770665645599365,-0.033485241008236244,-0.09894472360610962,-0.05847293138504028,-0.05444272957487328,-0.12676411867141724,-0.1115158200263977,-0.07169198967261536,-0.11628347635269165,-0.16434884071350098,-0.08261280484242661,-0.07403886318206787,-0.20289015769958496,-0.029804168042971924,-0.10039705038070679,-0.20640750229358673,-0.06245794497175439,-0.08970296382904053,-0.12822097539901733,-0.07648789860053284,-0.07666546106338501,-0.09103018045425415,-0.08230239130301698,-0.03946864604949951,-0.21998178958892822,-0.026177946252062156,-0.06820356845855713,-0.21301211416721344,-0.06160133681936486,-0.05908787250518799,-0.11578717827796936,-0.06623671926303132,-0.04641449451446533,-0.0895632803440094,-0.06215481810016854,-0.005499839782714844,-0.21600331366062164,-0.027861544636323288,-0.03106743097305298,-0.19990676641464233,-0.06261953688903077,-0.02874124050140381,-0.1098187267780304,-0.05230018101377709,-0.018803894519805908,-0.09022721648216248,-0.03751406050963624,0.02768164873123169,-0.19666221737861633,-0.03271729849024041,0.005900323390960693,-0.1825314164161682,-0.053818158579304054,-0.0032150745391845703,-0.11612778902053833,-0.046670287621452644,-0.0019274353981018066,-0.09885889291763306,-0.03632498509927018,Yes
0.0,0.0,0.0,-0.051461219787597656,-0.0248258113861084,-0.020222617916715535,-0.09955048561096191,-0.08077695965766907,-0.03366900854553023,-0.1251165270805359,-0.14530783891677856,-0.047050597749603185,-0.11331415176391602,-0.20547379553318024,-0.05582455047215262,-0.07201528549194336,-0.18470650911331177,-0.006854205995750817,-0.09282797574996948,-0.22428205609321594,-0.03722838931525985,-0.08639681339263916,-0.15810221433639526,-0.05325538911665717,-0.07473522424697876,-0.1135081946849823,-0.05962661900366584,-0.04142564535140991,-0.19492432475090027,-0.007242255050641688,-0.06543505191802979,-0.23899783194065094,-0.03967719771708289,-0.059682250022888184,-0.14986968040466309,-0.046344793073785695,-0.047780394554138184,-0.10870307683944702,-0.042835320018184575,-0.00983351469039917,-0.1954846978187561,-0.012781709104729089,-0.03321117162704468,-0.23521053791046143,-0.044149390093934926,-0.03208291530609131,-0.1451968550682068,-0.035023181371343526,-0.02278822660446167,-0.1066955029964447,-0.01999873914564887,0.024019479751586914,-0.18448829650878906,-0.020210344947827252,-0.0007444620132446289,-0.21598389744758606,-0.03952982150758544,-0.007380247116088867,-0.150793194770813,-0.03226355709875861,-0.003412485122680664,-0.12118446826934814,-0.021153784029138478,Yes
0.0,0.0,0.0,-0.050097107887268066,-0.020978659391403198,-0.022276555584539892,-0.09829896688461304,-0.07448819279670715,-0.03701519726382685,-0.12236887216567993,-0.136990487575531,-0.05112488328086329,-0.11375045776367188,-0.1965380311012268,-0.06072927399145556,-0.07226353883743286,-0.1869591474533081,-0.011872963445057394,-0.0918087363243103,-0.22146855294704437,-0.04225620015131426,-0.08433353900909424,-0.15484249591827393,-0.058650159673561575,-0.0721014142036438,-0.10877281427383423,-0.06542036070095492,-0.040802717208862305,-0.19869603216648102,-0.011630071723629953,-0.06298810243606567,-0.23223260045051575,-0.04371889440881205,-0.05669373273849487,-0.145067036151886,-0.05076232312785578,-0.04523402452468872,-0.10227873921394348,-0.04814214764701319,-0.009163200855255127,-0.1991276890039444,-0.01631907320188475,-0.03132838010787964,-0.22464151680469513,-0.047403463559021475,-0.030119240283966064,-0.13678881525993347,-0.03934985532032442,-0.022230148315429688,-0.09682118892669678,-0.02574442646073294,0.023748338222503662,-0.18652117252349854,-0.023148957105149748,0.00044208765029907227,-0.20884983241558075,-0.04281456901298952,-0.007494747638702393,-0.1425965428352356,-0.03632664068209124,-0.0053824782371521,-0.1104399561882019,-0.026125376509298803,Yes
0.0,0.0,0.0,-0.04840773344039917,-0.005887389183044434,-0.030623613911075154,-0.09306949377059937,-0.03730955719947815,-0.05075805174033121,-0.12248623371124268,-0.06393629312515259,-0.06733898358265833,-0.1212502121925354,-0.10205554962158203,-0.0789425252548881,-0.073885977268219,-0.2078613042831421,-0.03387294994513468,-0.10318303108215332,-0.15952852368354797,-0.06338054226557688,-0.09172815084457397,-0.09099093079566956,-0.0781972511283584,-0.07881283760070801,-0.0690193772315979,-0.08597257273117975,-0.04062741994857788,-0.22515656054019928,-0.03213544847289995,-0.06952333450317383,-0.1554296612739563,-0.060334800796908894,-0.061740875244140625,-0.0753135085105896,-0.06575033353487925,-0.05100440979003906,-0.06398624181747437,-0.06533204303900675,-0.006477177143096924,-0.21276965737342834,-0.03442695649187044,-0.029652178287506104,-0.13456031680107117,-0.06320798681895212,-0.028449714183807373,-0.06245696544647217,-0.057207039611739674,-0.021356821060180664,-0.05588406324386597,-0.04804860712806658,0.025217115879058838,-0.18343353271484375,-0.0399301527611442,0.010562658309936523,-0.12132683396339417,-0.059075563269061604,0.0014976859092712402,-0.06421494483947754,-0.055217287557525196,-0.00018036365509033203,-0.052208542823791504,-0.047879966961545506,Yes
0.0,0.0,0.0,-0.053758323192596436,0.027612388134002686,-0.031046852898697352,-0.09976786375045776,0.03578862547874451,-0.05358983060429523,-0.12659519910812378,0.052722424268722534,-0.07222607961008976,-0.13105905055999756,0.06691807508468628,-0.0863764457971854,-0.10145652294158936,-0.10445469617843628,-0.04606652861545513,-0.11350256204605103,0.014392256736755371,-0.0754325040252013,-0.09067463874816895,0.05987364053726196,-0.08934965213845203,-0.07713592052459717,0.04715433716773987,-0.097527476456861,-0.0650479793548584,-0.12376636266708374,-0.0453048669369025,-0.07748830318450928,0.016932964324951172,-0.07101864596913288,-0.05735814571380615,0.059677720069885254,-0.07289467236111591,-0.046231865882873535,0.035692960023880005,-0.07299167892048786,-0.02751004695892334,-0.11711990833282471,-0.047759650704364276,-0.03795504570007324,0.015168190002441406,-0.07184829792092273,-0.02603602409362793,0.0491335391998291,-0.06296427777121494,-0.019285619258880615,0.02024298906326294,-0.05498915394852588,0.00662153959274292,-0.09812226891517639,-0.05391758164475391,-0.0015277862548828125,0.005323052406311035,-0.06812998881648014,0.0012722015380859375,0.035055696964263916,-0.06334790816615055,0.004147708415985107,0.01379626989364624,-0.05804603403518627,Yes
0.0,0.0,0.0,-0.044975996017456055,0.04340028762817383,-0.041102037767188904,-0.0890880823135376,0.07770541310310364,-0.07432898599864757,-0.103279709815979,0.12290719151496887,-0.0994264753556422,-0.08811914920806885,0.15789929032325745,-0.1203787224388293,-0.08882176876068115,-0.040571123361587524,-0.08576576132537639,-0.0797044038772583,0.10586372017860413,-0.11408878583671367,-0.05989670753479004,0.1042262613773346,-0.12326711137058055,-0.05406266450881958,0.06199875473976135,-0.12868490535976207,-0.04906165599822998,-0.06446090340614319,-0.08027830440761363,-0.036559104919433594,0.1080332100391388,-0.104680825958269,-0.026222586631774902,0.08516362309455872,-0.1028107600307635,-0.027152955532073975,0.03461343050003052,-0.10179129708768642,-0.006933093070983887,-0.06722155213356018,-0.0757319750285319,0.00023412704467773438,0.08643731474876404,-0.09592536557676112,0.005081117153167725,0.06509581208229065,-0.08221993316175258,0.0038652420043945312,0.01926913857460022,-0.07162940222980296,0.03265410661697388,-0.05899620056152344,-0.07556421030523097,0.035318076610565186,0.05247047543525696,-0.08991257567168986,0.03480732440948486,0.04524305462837219,-0.0833713235354594,0.03318047523498535,0.010288625955581665,-0.07628255803348338,Yes
0.0,0.0,0.0,-0.049843430519104004,0.029159456491470337,-0.030368015736627285,-0.09385466575622559,0.04338806867599487,-0.054339333072590534,-0.11850041151046753,0.06481170654296875,-0.07411822174518079,-0.11613452434539795,0.07990157604217529,-0.08954365049331159,-0.10266941785812378,-0.09270551800727844,-0.048442246958899204,-0.1071925163269043,0.03514626622200012,-0.07473588977782697,-0.08544957637786865,0.06282776594161987,-0.086642014429259,-0.07717269659042358,0.033837735652923584,-0.09464341644971341,-0.06384539604187012,-0.11452251672744751,-0.04786625747411222,-0.06988024711608887,0.03370225429534912,-0.0702497238370654,-0.0514988899230957,0.06189149618148804,-0.07067494337289304,-0.047525227069854736,0.02232721447944641,-0.07054140661685437,-0.02382957935333252,-0.11160430312156677,-0.05000243951408834,-0.030679166316986084,0.024072974920272827,-0.07055317108361692,-0.020067214965820312,0.0494195818901062,-0.060567433581041996,-0.016613900661468506,0.016195476055145264,-0.052795598849940006,0.012283027172088623,-0.09565344452857971,-0.05571216960279912,0.00861215591430664,0.006153225898742676,-0.06999740247456998,0.011039435863494873,0.031462788581848145,-0.06588442121474714,0.01189965009689331,0.009931504726409912,-0.0611242489966628,Yes
0.0,0.0,0.0,-0.0539279580116272,-0.01259768009185791,-0.02940496797970127,-0.10252225399017334,-0.05518031120300293,-0.048260964409621465,-0.13360905647277832,-0.09318405389785767,-0.06404435630253147,-0.1293421983718872,-0.1368413269519806,-0.07397890831640552,-0.07875853776931763,-0.21308504045009613,-0.025345753834756124,-0.11304527521133423,-0.1862453818321228,-0.054982680783780324,-0.09910774230957031,-0.11348265409469604,-0.06967945392540287,-0.08456963300704956,-0.08632290363311768,-0.07720199968031238,-0.04530942440032959,-0.23048941791057587,-0.023721480698498,-0.08174377679824829,-0.1885877251625061,-0.054356727705510366,-0.07021290063858032,-0.10124999284744263,-0.059498097703965414,-0.05662357807159424,-0.08827614784240723,-0.05778548117092441,-0.011359989643096924,-0.2194393426179886,-0.02686665202787708,-0.043351709842681885,-0.1755724847316742,-0.05672457064798664,-0.03996264934539795,-0.09475314617156982,-0.04682233180216144,-0.02888786792755127,-0.08570510149002075,-0.03420475120952915,0.01957523822784424,-0.19190636277198792,-0.033170361028226125,-0.005316972732543945,-0.15956208109855652,-0.0506797655980904,-0.01314634084701538,-0.1015390157699585,-0.04342161859682392,-0.0094221830368042,-0.09153354167938232,-0.03393846373370479,Yes
0.0,0.0,0.0,-0.05041670799255371,-0.018905937671661377,-0.02390097878640063,-0.09715425968170166,-0.06646251678466797,-0.03990005939965613,-0.12352752685546875,-0.12146443128585815,-0.05456815898185141,-0.11952495574951172,-0.18115052580833435,-0.0640036785579241,-0.0721738338470459,-0.19184327125549316,-0.015485477221659494,-0.09903889894485474,-0.21441015601158142,-0.04746649652486212,-0.0901610255241394,-0.14099961519241333,-0.06309731542830832,-0.0760202407836914,-0.10097020864486694,-0.06931548803811438,-0.04067373275756836,-0.20397211611270905,-0.01515978533541329,-0.07028651237487793,-0.22431230545043945,-0.0493843169487036,-0.06220734119415283,-0.1294344663619995,-0.05529482155804999,-0.048117995262145996,-0.09766125679016113,-0.05153863742714293,-0.00898367166519165,-0.2033436894416809,-0.019907985401800943,-0.03732246160507202,-0.21718370914459229,-0.05266658454900153,-0.03364884853363037,-0.12331438064575195,-0.042349445221475435,-0.02166801691055298,-0.09500393271446228,-0.02715506642823584,0.023341774940490723,-0.18920037150382996,-0.026906075475267244,-0.00411146879196167,-0.1994631439447403,-0.04669953748350508,-0.009552061557769775,-0.13129886984825134,-0.038705623296550584,-0.0032172799110412598,-0.10856851935386658,-0.02733902126317389,Yes
0.0,0.0,0.0,-0.05109351873397827,-0.019936084747314453,-0.01946107336516434,-0.09877258539199829,-0.07071048021316528,-0.03219808490212017,-0.12407839298248291,-0.13052135705947876,-0.0448385872059589,-0.11585849523544312,-0.18908178806304932,-0.053089565049958765,-0.07084763050079346,-0.18121933937072754,-0.0068329241239553085,-0.0950080156326294,-0.21401767432689667,-0.03562395871813351,-0.08771568536758423,-0.14928150177001953,-0.05074987040097767,-0.07444477081298828,-0.10792025923728943,-0.056743460159850656,-0.04134213924407959,-0.19260169565677643,-0.0072794676871126285,-0.06732195615768433,-0.22809846699237823,-0.037992904346538126,-0.06061136722564697,-0.1412079930305481,-0.04411965833241993,-0.04750466346740723,-0.10277077555656433,-0.04070476667220646,-0.011097073554992676,-0.19391994178295135,-0.01263810453201586,-0.03686535358428955,-0.22358369827270508,-0.04253643230731541,-0.0346716046333313,-0.13619264960289001,-0.0341792427116161,-0.024196624755859375,-0.09998911619186401,-0.020246401812983095,0.021315038204193115,-0.18325194716453552,-0.019869679968905984,-0.004487812519073486,-0.20989017188549042,-0.03821791933114582,-0.010812759399414062,-0.1453166902065277,-0.03134124205644184,-0.006253540515899658,-0.11546346545219421,-0.02084140890474373,Yes
0.0,0.0,0.0,-0.048155128955841064,-0.01087033748626709,-0.027667709262402695,-0.09513527154922485,-0.05417105555534363,-0.04494999964657609,-0.1211516261100769,-0.10614430904388428,-0.05967968572798554,-0.11613792181015015,-0.16113349795341492,-0.06884964053455178,-0.07366853952407837,-0.1859758198261261,-0.022390587822826546,-0.09798038005828857,-0.1994408667087555,-0.05273566265526597,-0.0885009765625,-0.12705746293067932,-0.06546581779542748,-0.07625412940979004,-0.08780503273010254,-0.069889138088854,-0.04112875461578369,-0.20108836889266968,-0.020342279793055695,-0.06945812702178955,-0.20733635127544403,-0.0527411611837465,-0.060786426067352295,-0.1153048574924469,-0.056148624615104836,-0.047741830348968506,-0.08532601594924927,-0.051156001732977074,-0.008733510971069336,-0.20002815127372742,-0.02331857812527005,-0.035779714584350586,-0.1983763575553894,-0.05558790882054154,-0.03169292211532593,-0.1083996593952179,-0.04467306529107873,-0.020898520946502686,-0.08206012845039368,-0.02943689060333554,0.023879528045654297,-0.1851525902748108,-0.028919142307074708,-0.0016564130783081055,-0.18025705218315125,-0.04909545053664033,-0.008526384830474854,-0.11257496476173401,-0.04154542331519906,-0.005157947540283203,-0.08985501527786255,-0.030629436121614617,Yes
0.0,0.0,0.0,-0.054246723651885986,0.018098562955856323,-0.028404102156514455,-0.09743273258209229,0.015061557292938232,-0.04995404785370283,-0.12096512317657471,0.017583131790161133,-0.06912031253671103,-0.13008856773376465,0.012942194938659668,-0.08470026632642202,-0.09901547431945801,-0.14019936323165894,-0.039031872952932645,-0.11976349353790283,-0.05604851245880127,-0.07005592664575033,-0.10368567705154419,0.009372591972351074,-0.08772211005782538,-0.08889812231063843,0.023915916681289673,-0.0978400953659957,-0.06786155700683594,-0.16000449657440186,-0.04008609657978468,-0.08923995494842529,-0.05175435543060303,-0.06726987888907843,-0.07265883684158325,0.01804804801940918,-0.07216982772445135,-0.05755656957626343,0.020415067672729492,-0.07309140493964605,-0.034539103507995605,-0.1513015329837799,-0.044583579952472974,-0.05422770977020264,-0.049477577209472656,-0.07052052995061331,-0.04397320747375488,0.0125407874584198,-0.06270332863425665,-0.03294306993484497,0.009061753749847412,-0.054269204343313504,-0.001910090446472168,-0.13003960251808167,-0.052519647831672955,-0.01684504747390747,-0.04495158791542053,-0.06808614214753561,-0.019662857055664062,0.0044956207275390625,-0.06221984928345137,-0.01771610975265503,0.0030884146690368652,-0.05521826675033026,Yes
0.0,0.0,0.0,-0.050271034240722656,0.033394694328308105,-0.027779120821065817,-0.0930321216583252,0.052618980407714844,-0.0489611419472169,-0.11849462985992432,0.07852643728256226,-0.06633884632915965,-0.1265571117401123,0.09232592582702637,-0.07945517623753062,-0.11331284046173096,-0.07858878374099731,-0.04252419421405307,-0.10680264234542847,0.05905085802078247,-0.06869206750721446,-0.08122950792312622,0.08479881286621094,-0.081515909973092,-0.07289588451385498,0.0588260293006897,-0.08961578631729594,-0.07874542474746704,-0.10329598188400269,-0.0434861461255025,-0.07465577125549316,0.050972938537597656,-0.06706431681246272,-0.05220317840576172,0.06931132078170776,-0.07004841590256206,-0.046370863914489746,0.036322176456451416,-0.07160997563929072,-0.040607333183288574,-0.10604816675186157,-0.04712963649959079,-0.0391196608543396,0.03674095869064331,-0.06880101734728328,-0.024525821208953857,0.05275994539260864,-0.061347687486119185,-0.022692203521728516,0.021176636219024658,-0.054953841361708555,-0.004698395729064941,-0.09617689251899719,-0.05405568504662028,-0.0060569047927856445,0.013067364692687988,-0.06689865315289012,-0.0003667473793029785,0.030249983072280884,-0.062034038695998106,0.0001322031021118164,0.0061370134353637695,-0.05692180046767703,Yes
0.0,0.0,0.0,-0.04576981067657471,0.02947750687599182,-0.029362921119371777,-0.08629393577575684,0.048004150390625,-0.05121269680623186,-0.11161422729492188,0.07909274101257324,-0.06891888983611238,-0.12066811323165894,0.11242872476577759,-0.08264913268450869,-0.10490798950195312,-0.07700681686401367,-0.045793882087508564,-0.10291999578475952,0.06063854694366455,-0.07185511894587648,-0.07818281650543213,0.08817905187606812,-0.08402120925549639,-0.06994384527206421,0.06128883361816406,-0.09129499502543581,-0.06940394639968872,-0.10105288028717041,-0.04561607025627268,-0.06805938482284546,0.05778634548187256,-0.06807843454245699,-0.04599714279174805,0.07597815990447998,-0.06979019798401964,-0.04068601131439209,0.041554003953933716,-0.07003860779170168,-0.03104954957962036,-0.10216516256332397,-0.04796273864869249,-0.03160262107849121,0.04516184329986572,-0.06808625765208376,-0.016357481479644775,0.05697089433670044,-0.059583923295775776,-0.01341623067855835,0.023746639490127563,-0.05214983455900324,0.004350125789642334,-0.09116116166114807,-0.05378289006713999,0.00282365083694458,0.022453367710113525,-0.06603537358407152,0.010870933532714844,0.03522869944572449,-0.06068451188568247,0.013913631439208984,0.008736491203308105,-0.054682681784669285,Yes
0.0,0.0,0.0,-0.047978997230529785,0.0014545619487762451,-0.027650475206598912,-0.09388947486877441,-0.022336333990097046,-0.04619858011864153,-0.12285995483398438,-0.04371705651283264,-0.06198164418600527,-0.12384510040283203,-0.0754903256893158,-0.07270301476381746,-0.082999587059021,-0.19251534342765808,-0.029820091727003728,-0.10965085029602051,-0.13509750366210938,-0.058421484830603276,-0.09302932024002075,-0.06817787885665894,-0.07157649442814318,-0.07880556583404541,-0.04910430312156677,-0.07794557109735933,-0.051722705364227295,-0.2115151286125183,-0.029565378728136693,-0.08205515146255493,-0.13225212693214417,-0.059052932712063466,-0.06670498847961426,-0.05494996905326843,-0.06318404868505922,-0.0540386438369751,-0.047031670808792114,-0.06107558280490366,-0.01810896396636963,-0.20429113507270813,-0.03336169913671938,-0.04556286334991455,-0.12231975793838501,-0.0617902275945994,-0.036208152770996094,-0.0510106086730957,-0.053493577691540395,-0.025853335857391357,-0.04854431748390198,-0.04257995233200518,0.013934791088104248,-0.1813545823097229,-0.040195349308476125,-0.006662547588348389,-0.11518079042434692,-0.05722039535902468,-0.007739245891571045,-0.061970025300979614,-0.0517693270768973,-0.003045201301574707,-0.059791237115859985,-0.04362348065041033,Yes
0.0,0.0,0.0,-0.05095934867858887,-0.009451329708099365,-0.02845850848899545,-0.09885966777801514,-0.043559491634368896,-0.048091373232466594,-0.1293656826019287,-0.08072742819786072,-0.06535101198898019,-0.12869560718536377,-0.12766778469085693,-0.07652221137033166,-0.07691818475723267,-0.1994939148426056,-0.024616022420389072,-0.11269283294677734,-0.18670383095741272,-0.055195524183375255,-0.09835052490234375,-0.11140641570091248,-0.06904674583421411,-0.0820854902267456,-0.08255645632743835,-0.07522030436740579,-0.04722827672958374,-0.21564257144927979,-0.022947192949516193,-0.08412045240402222,-0.18643826246261597,-0.0545627799008912,-0.07068115472793579,-0.09718778729438782,-0.057900885877472774,-0.055340707302093506,-0.08354368805885315,-0.05435404816017808,-0.016795575618743896,-0.21062374114990234,-0.02628088631973924,-0.04941779375076294,-0.1783660352230072,-0.05708235019193353,-0.04140371084213257,-0.09453395009040833,-0.04602776357279481,-0.027052104473114014,-0.08433985710144043,-0.032120070246321575,0.01302880048751831,-0.19050243496894836,-0.032646084961754696,-0.013742983341217041,-0.16628497838974,-0.05060910323010148,-0.016845881938934326,-0.10641428828239441,-0.04306441807494821,-0.009270966053009033,-0.09614309668540955,-0.03315496706710519,Yes
0.0,0.0,0.0,-0.050309836864471436,-0.01508241891860962,-0.019034722106709978,-0.09782135486602783,-0.05907022953033447,-0.03173221762682488,-0.12262994050979614,-0.11219063401222229,-0.04424090798403313,-0.11537593603134155,-0.1677444577217102,-0.05206772427465012,-0.07517951726913452,-0.1695391833782196,-0.00935123696382334,-0.09989029169082642,-0.20070311427116394,-0.03845683600212624,-0.09069633483886719,-0.13101932406425476,-0.0524126600792556,-0.07670998573303223,-0.09491747617721558,-0.05775456990505745,-0.04537928104400635,-0.18064236640930176,-0.01079417321290066,-0.0731768012046814,-0.2139650136232376,-0.042687480556026,-0.06331825256347656,-0.1259421706199646,-0.04791296388413002,-0.04879128932952881,-0.09496694803237915,-0.043772687422290346,-0.014859437942504883,-0.18405255675315857,-0.01699292402173569,-0.042607247829437256,-0.21149829030036926,-0.04787234331871559,-0.03645116090774536,-0.12234172224998474,-0.038115144925370714,-0.023946642875671387,-0.0923982560634613,-0.02326803955639889,0.017949998378753662,-0.17687863111495972,-0.02497212703730156,-0.010968625545501709,-0.19959291815757751,-0.04329287375713875,-0.01434791088104248,-0.13337400555610657,-0.03520162891055634,-0.007432043552398682,-0.10704728960990906,-0.02395594048704197,Yes
0.0,0.0,0.0,-0.047355055809020996,-0.014351248741149902,-0.020365323307657945,-0.09442698955535889,-0.0571170449256897,-0.034482487844968546,-0.11971306800842285,-0.11092126369476318,-0.048149251746679056,-0.11202675104141235,-0.16779327392578125,-0.05724101643517088,-0.07314693927764893,-0.16737964749336243,-0.01235437709345888,-0.09806370735168457,-0.20148587226867676,-0.04130227621152471,-0.08915096521377563,-0.13370531797409058,-0.05474731828525137,-0.07516449689865112,-0.09635677933692932,-0.059720767098212946,-0.04321318864822388,-0.17911237478256226,-0.013150971750462759,-0.07033896446228027,-0.21295028924942017,-0.0451063526745088,-0.06059384346008301,-0.12651249766349792,-0.05004399027183126,-0.04670226573944092,-0.09319683909416199,-0.04569795857622694,-0.01277148723602295,-0.18255630135536194,-0.018585148635054338,-0.039759933948516846,-0.20979169011116028,-0.0497493719632871,-0.033402204513549805,-0.12258610129356384,-0.04012237246587347,-0.0215415358543396,-0.09060207009315491,-0.025235356199289072,0.019990205764770508,-0.17575719952583313,-0.025778084429646242,-0.008411765098571777,-0.20023280382156372,-0.04470286648228239,-0.011316895484924316,-0.135055273771286,-0.036849369662547815,-0.004776179790496826,-0.10683146119117737,-0.02565165925278734,Yes
0.0,0.0,0.0,-0.047943830490112305,-0.012960553169250488,-0.02399105177863703,-0.093936026096344,-0.053781986236572266,-0.04004264780922995,-0.11887979507446289,-0.10481202602386475,-0.05460311630412207,-0.11318325996398926,-0.16064944863319397,-0.06389600196524725,-0.07308202981948853,-0.1775495409965515,-0.017509909064017393,-0.09923791885375977,-0.1974078118801117,-0.04774079629822836,-0.0880550742149353,-0.1264040470123291,-0.06063357526107893,-0.07337743043899536,-0.09119856357574463,-0.06516847917481527,-0.04182553291320801,-0.19162678718566895,-0.01708531351431475,-0.07092136144638062,-0.20896247029304504,-0.05009810784503088,-0.06060975790023804,-0.11901211738586426,-0.053894070625744916,-0.04667848348617554,-0.09093567728996277,-0.0489015744034873,-0.01041179895401001,-0.19396519660949707,-0.021598044500194646,-0.03892797231674194,-0.20357486605644226,-0.0539285034839736,-0.03240305185317993,-0.11422812938690186,-0.04331089714213476,-0.020071804523468018,-0.08905506134033203,-0.02804492013200388,0.02227574586868286,-0.18372786045074463,-0.028337560311399557,-0.006063520908355713,-0.19087642431259155,-0.048120414555512525,-0.009562373161315918,-0.12326765060424805,-0.04053568998023138,-0.0031064748764038086,-0.10020282864570618,-0.029607901066981412,Yes
0.0,0.0,0.0,-0.050842344760894775,-0.00569489598274231,-0.03079260093790026,-0.1001322865486145,-0.04217633605003357,-0.050798341163215355,-0.13043564558029175,-0.07651969790458679,-0.06773383123498888,-0.12020540237426758,-0.10717064142227173,-0.07790154171806307,-0.07970112562179565,-0.2024507224559784,-0.028330677651581482,-0.11108946800231934,-0.1812063753604889,-0.05815251124721499,-0.0955321192741394,-0.10334184765815735,-0.0698385457478139,-0.08062887191772461,-0.07911211252212524,-0.07536378455978365,-0.04754680395126343,-0.2194003462791443,-0.02686085132580729,-0.07934099435806274,-0.17708054184913635,-0.0596442143402669,-0.06560450792312622,-0.08535891771316528,-0.061796806284007744,-0.05227851867675781,-0.07770031690597534,-0.057081255593118385,-0.014832079410552979,-0.2110242247581482,-0.030505636238274292,-0.0404701828956604,-0.16280123591423035,-0.062303758688983635,-0.03406202793121338,-0.08089318871498108,-0.05040177283507319,-0.02246689796447754,-0.08103117346763611,-0.035720765121993736,0.016835331916809082,-0.1881684958934784,-0.037554677107152656,-0.00384366512298584,-0.15306034684181213,-0.054905738212880806,-0.009640038013458252,-0.09393429756164551,-0.04682375443798037,-0.006445765495300293,-0.09159937500953674,-0.03678586659651728,Yes
0.0,0.0,0.0,-0.04881554841995239,0.007493555545806885,-0.031101282775523487,-0.09559261798858643,-0.00817936658859253,-0.05247943671059829,-0.1246180534362793,-0.023633897304534912,-0.07032604710769874,-0.12208694219589233,-0.05696532130241394,-0.08324920581293327,-0.08964282274246216,-0.18108659982681274,-0.035624256447079006,-0.1099359393119812,-0.11493703722953796,-0.06596753941488487,-0.09292399883270264,-0.048258960247039795,-0.08218811647606117,-0.07889664173126221,-0.03265315294265747,-0.09131696270418388,-0.05735868215560913,-0.20159199833869934,-0.03387594418239814,-0.07951396703720093,-0.1117786169052124,-0.06223865421128494,-0.06592261791229248,-0.03744351863861084,-0.06784348385048133,-0.054718732833862305,-0.03203970193862915,-0.06835615830135566,-0.022815227508544922,-0.19433647394180298,-0.03617114396405441,-0.04129678010940552,-0.10248684883117676,-0.06396810905647499,-0.03354102373123169,-0.03544032573699951,-0.057261144831898037,-0.025257766246795654,-0.03460878133773804,-0.04854607032251579,0.010080575942993164,-0.17191416025161743,-0.04180137263250572,-0.0040087103843688965,-0.09820657968521118,-0.0589908120186351,-0.0058931708335876465,-0.04522135853767395,-0.05423478604865295,-0.003543674945831299,-0.04286634922027588,-0.04718674914551002,Yes
0.0,0.0,0.0,-0.04818844795227051,0.030683696269989014,-0.03325114723202205,-0.092723548412323,0.04090678691864014,-0.05812905307766414,-0.12071055173873901,0.0499151349067688,-0.07905226152297473,-0.12760788202285767,0.05180436372756958,-0.09582161109801746,-0.0984576940536499,-0.10161656141281128,-0.04937958668824649,-0.11179912090301514,-0.005452454090118408,-0.08235324870702243,-0.08917480707168579,0.047129273414611816,-0.09870738487597919,-0.07484281063079834,0.04414987564086914,-0.10792807441112018,-0.06351107358932495,-0.1279556155204773,-0.04819948177691913,-0.0760992169380188,-0.011299222707748413,-0.07738242249843097,-0.05431497097015381,0.04839140176773071,-0.07959251057263828,-0.042147696018218994,0.03659701347351074,-0.07898769479152179,-0.026976585388183594,-0.12796884775161743,-0.05059819247480846,-0.036179959774017334,-0.018714874982833862,-0.07907281022426105,-0.02296626567840576,0.03653132915496826,-0.06880851041432834,-0.016031920909881592,0.02346700429916382,-0.05861716668960071,0.007650792598724365,-0.11555686593055725,-0.056659325472082855,-0.00010979175567626953,-0.027354061603546143,-0.07307487677690006,0.0009334683418273926,0.018970400094985962,-0.06644342791196323,0.0015383362770080566,0.010979831218719482,-0.05920511808153606,Yes
0.0,0.0,0.0,-0.04473423957824707,0.03250241279602051,-0.03425517941889211,-0.08647292852401733,0.05665498971939087,-0.061294714762539115,-0.10599756240844727,0.1018528938293457,-0.08194415907439634,-0.09879761934280396,0.13574278354644775,-0.09810528795298978,-0.09882354736328125,-0.05725729465484619,-0.06588186959800169,-0.0948028564453125,0.08510565757751465,-0.09309925030049726,-0.0739750862121582,0.10115742683410645,-0.10396949092921659,-0.06800180673599243,0.07061874866485596,-0.11116989593085691,-0.06023049354553223,-0.0844683051109314,-0.06325647871074125,-0.055237770080566406,0.08352655172348022,-0.08606430034217283,-0.03915339708328247,0.08346861600875854,-0.08543098609027311,-0.03741973638534546,0.0387876033782959,-0.08505459020909711,-0.01898014545440674,-0.08641868829727173,-0.062369349254936424,-0.015724658966064453,0.06845098733901978,-0.08117534856376096,-0.007433295249938965,0.06615674495697021,-0.0678824249940817,-0.007464587688446045,0.024223238229751587,-0.05802758301672384,0.01799708604812622,-0.0742407739162445,-0.06556403528031751,0.018168210983276367,0.0433104932308197,-0.0801027927833502,0.021052300930023193,0.04397803544998169,-0.07481493691977903,0.02104395627975464,0.007863759994506836,-0.06873308758315488,Yes
0.0,0.0,0.0,-0.047586798667907715,0.031683266162872314,-0.035021891699443586,-0.09262728691101074,0.049695730209350586,-0.06124386365831924,-0.1164008378982544,0.08241498470306396,-0.08132323797167373,-0.1089678406715393,0.10502541065216064,-0.0969328078192575,-0.10420745611190796,-0.08117175102233887,-0.06051433633388115,-0.10192424058914185,0.05650687217712402,-0.086897635714422,-0.07861757278442383,0.07974731922149658,-0.09721597458542419,-0.07040762901306152,0.04861295223236084,-0.10415309842051101,-0.06567960977554321,-0.10662928223609924,-0.05744239117325378,-0.06590372323989868,0.05216556787490845,-0.08064627821863724,-0.044934868812561035,0.06983703374862671,-0.08054040546835495,-0.039518654346466064,0.030601948499679565,-0.08022967900456024,-0.025301218032836914,-0.10805118083953857,-0.05655779491485191,-0.0255698561668396,0.0422329306602478,-0.07661114062489105,-0.012991249561309814,0.05550295114517212,-0.0663779544395311,-0.01001209020614624,0.01645803451538086,-0.05881212081135345,0.011426866054534912,-0.09607666730880737,-0.059562431530366666,0.00872117280960083,0.01802462339401245,-0.072705963508497,0.014896869659423828,0.03525865077972412,-0.06801574106634689,0.018316566944122314,0.007376194000244141,-0.06319772626579834,Yes
0.0,0.0,0.0,-0.05396920442581177,0.011580944061279297,-0.03013181300946144,-0.10084271430969238,0.0033493638038635254,-0.05283950815089611,-0.12850260734558105,-0.005846291780471802,-0.07263684446104435,-0.1356738805770874,-0.029751688241958618,-0.08850260252245334,-0.09924989938735962,-0.16673624515533447,-0.038974219803890264,-0.12473499774932861,-0.09367528557777405,-0.06984908307083515,-0.10729146003723145,-0.025864511728286743,-0.08756241375692753,-0.09031188488006592,-0.005465328693389893,-0.09733534032591251,-0.06661903858184814,-0.18722179532051086,-0.03862760761865047,-0.09279847145080566,-0.09263622760772705,-0.06568526649959949,-0.07815474271774292,-0.017793595790863037,-0.07122184509523777,-0.06374627351760864,-0.009053170680999756,-0.07219142640121845,-0.031913042068481445,-0.1781274974346161,-0.041893130039056814,-0.054804444313049316,-0.08381599187850952,-0.06785013700016407,-0.047809064388275146,-0.01822066307067871,-0.060557702426990545,-0.03787994384765625,-0.015292763710021973,-0.051933461670955694,0.0013691186904907227,-0.15464794635772705,-0.04846623713262943,-0.018469035625457764,-0.0797128677368164,-0.06343406612165836,-0.023813962936401367,-0.029079586267471313,-0.05710564727075962,-0.02237755060195923,-0.024236083030700684,-0.049342276399215734,Yes
0.0,0.0,0.0,-0.05073976516723633,-0.004929602146148682,-0.029723378679875623,-0.09790480136871338,-0.03825250267982483,-0.0492420856274407,-0.12970036268234253,-0.06727457046508789,-0.06594595204961706,-0.1253730058670044,-0.09834557771682739,-0.07682570706975866,-0.07812631130218506,-0.19939541816711426,-0.027714206687335263,-0.11310535669326782,-0.16927382349967957,-0.056881475112561475,-0.09685748815536499,-0.09614410996437073,-0.07026204358709265,-0.08140623569488525,-0.0724463164806366,-0.07693159472120215,-0.04735136032104492,-0.2169903665781021,-0.026337177342895757,-0.08212554454803467,-0.16659438610076904,-0.05712734427225996,-0.06841981410980225,-0.08001318573951721,-0.06085978712809492,-0.05410367250442505,-0.06998437643051147,-0.05789449702871252,-0.01500248908996582,-0.2072250247001648,-0.029616149923924695,-0.043302059173583984,-0.15326696634292603,-0.05915582444441725,-0.03788512945175171,-0.07575249671936035,-0.04847369979989935,-0.0257759690284729,-0.07228970527648926,-0.03516827043068815,0.015450656414031982,-0.18210750818252563,-0.03623850535524298,-0.00583726167678833,-0.14485794305801392,-0.052560794017438184,-0.012018680572509766,-0.0880705714225769,-0.044607280603770505,-0.007672011852264404,-0.0815274715423584,-0.03469808291566778,Yes
0.0,0.0,0.0,-0.047507524490356445,-0.01119685173034668,-0.028721091142642763,-0.09547239542007446,-0.04994934797286987,-0.048116220897782114,-0.12660598754882812,-0.09060007333755493,-0.06477458289896276,-0.1225849986076355,-0.13761010766029358,-0.07529660574232366,-0.0755918025970459,-0.2022908627986908,-0.02492030411099222,-0.10930579900741577,-0.19360947608947754,-0.05464446804558065,-0.09485232830047607,-0.11866670846939087,-0.06692426911627081,-0.07943767309188843,-0.08492222428321838,-0.07179866246019628,-0.043535590171813965,-0.21793746948242188,-0.023359893626320627,-0.0790894627571106,-0.19225749373435974,-0.054658534741747644,-0.06588411331176758,-0.10143935680389404,-0.05751362702881124,-0.05140715837478638,-0.08277016878128052,-0.05321833006178167,-0.01137840747833252,-0.21100491285324097,-0.026733522108543184,-0.04382866621017456,-0.18159425258636475,-0.05840512625013616,-0.036269426345825195,-0.09532389044761658,-0.04702956116830137,-0.02325451374053955,-0.07975667715072632,-0.03223824760948446,0.01944631338119507,-0.18901529908180237,-0.032997461772311,-0.008383214473724365,-0.1681799292564392,-0.05256619936858442,-0.012954950332641602,-0.10439246892929077,-0.044720480954993036,-0.00792396068572998,-0.08739644289016724,-0.033939468479502466,Yes
0.0,0.0,0.0,-0.049706101417541504,-0.014142930507659912,-0.02359118793270909,-0.09746980667114258,-0.05808722972869873,-0.038739449494698874,-0.12310290336608887,-0.11264589428901672,-0.05245469432435357,-0.11702585220336914,-0.1689869463443756,-0.06091292869410836,-0.07541614770889282,-0.17913395166397095,-0.015086081029096476,-0.1004292368888855,-0.1993045210838318,-0.04437436830363595,-0.08911645412445068,-0.12761017680168152,-0.0574706486996206,-0.07441991567611694,-0.09392517805099487,-0.06245821263752305,-0.04470115900039673,-0.19233503937721252,-0.014685871229687564,-0.07339495420455933,-0.21060092747211456,-0.04663443487248742,-0.06281429529190063,-0.12091237306594849,-0.05075312327704751,-0.04862678050994873,-0.09237837791442871,-0.046160209142783515,-0.013716936111450195,-0.19430923461914062,-0.019225097411492698,-0.04223215579986572,-0.20439192652702332,-0.05089121978841149,-0.03530609607696533,-0.11514076590538025,-0.04074262749514901,-0.022825419902801514,-0.08858302235603333,-0.02586488906405293,0.018550455570220947,-0.1840803027153015,-0.02601047713420712,-0.010962426662445068,-0.18979844450950623,-0.04568297710380875,-0.013562679290771484,-0.1223442554473877,-0.038458447122195594,-0.006427109241485596,-0.09878754615783691,-0.027789860182622306,Yes
0.0,0.0,0.0,-0.04913294315338135,-0.011597931385040283,-0.024010132677688034,-0.09735172986984253,-0.05519530177116394,-0.03996752356721345,-0.12403517961502075,-0.10917755961418152,-0.054511429421438606,-0.11667335033416748,-0.1647627353668213,-0.06378354286385957,-0.07561290264129639,-0.17302674055099487,-0.018366442672743233,-0.1010674238204956,-0.20014402270317078,-0.04835396414233628,-0.09189236164093018,-0.13054168224334717,-0.060353831998838814,-0.07827091217041016,-0.09607449173927307,-0.0642262191100258,-0.04481077194213867,-0.18549370765686035,-0.017511801473631294,-0.07317012548446655,-0.21003472805023193,-0.049958305112852486,-0.06359672546386719,-0.11995816230773926,-0.052624093048109444,-0.05018734931945801,-0.09187355637550354,-0.04682132755948487,-0.013658106327056885,-0.18842998147010803,-0.021542716450824173,-0.041542232036590576,-0.20235426723957062,-0.053295014105572136,-0.03513258695602417,-0.1129431426525116,-0.042070360533728035,-0.0225791335105896,-0.08788079023361206,-0.026402324117555054,0.018896520137786865,-0.17954221367835999,-0.0277903952224392,-0.009756207466125488,-0.1888006031513214,-0.0466572881264824,-0.012868940830230713,-0.12166410684585571,-0.03879862432910386,-0.005883395671844482,-0.09982779622077942,-0.027879908360375794,Yes
0.0,0.0,0.0,-0.0485878586769104,-0.005081623792648315,-0.031167997389275115,-0.09635937213897705,-0.03936251997947693,-0.05110908706410555,-0.12538748979568481,-0.08054029941558838,-0.06753309105260996,-0.11782199144363403,-0.12299448251724243,-0.07784339074714808,-0.08158063888549805,-0.19167590141296387,-0.028368102728563827,-0.10755085945129395,-0.17874151468276978,-0.05940700729115633,-0.09335553646087646,-0.10669532418251038,-0.07324616645200877,-0.0799902081489563,-0.07391473650932312,-0.07923121039493708,-0.04910612106323242,-0.21525691449642181,-0.025531262501317542,-0.07517826557159424,-0.18254849314689636,-0.05709588189347414,-0.06306636333465576,-0.09270322322845459,-0.06077151034696726,-0.05167961120605469,-0.07236692309379578,-0.05706486140115885,-0.016191065311431885,-0.21278038620948792,-0.027687393470841926,-0.03884422779083252,-0.1670980453491211,-0.058976147665816825,-0.03367483615875244,-0.08449411392211914,-0.04946099628432421,-0.024794280529022217,-0.071997731924057,-0.036201555623847526,0.015468597412109375,-0.1935977339744568,-0.03306129236443667,-0.0036801695823669434,-0.1547149121761322,-0.05186937411053805,-0.008558988571166992,-0.09377232193946838,-0.04552943293674616,-0.006228268146514893,-0.08265954256057739,-0.036196228458720725,Yes
0.0,0.0,0.0,-0.04659461975097656,0.004338741302490234,-0.031880841917484304,-0.09200972318649292,-0.020027101039886475,-0.0517577206260853,-0.12059485912322998,-0.04479074478149414,-0.0676946727103882,-0.11348515748977661,-0.07862186431884766,-0.07813064134785463,-0.0776071548461914,-0.18373677134513855,-0.03378279632994463,-0.09979802370071411,-0.13907256722450256,-0.06275573498675158,-0.08441275358200073,-0.07155513763427734,-0.07583744204708864,-0.07138055562973022,-0.05437964200973511,-0.08257686472603609,-0.04530537128448486,-0.2059050053358078,-0.030631847075312635,-0.06685352325439453,-0.13991236686706543,-0.058179387218444845,-0.05598634481430054,-0.06311938166618347,-0.06217690310546686,-0.04585236310958862,-0.05954262614250183,-0.06098616621562769,-0.011913478374481201,-0.19939947128295898,-0.03174325949618151,-0.028766393661499023,-0.12385368347167969,-0.05970215923258593,-0.025081872940063477,-0.05603593587875366,-0.05286430693337252,-0.017127156257629395,-0.05970489978790283,-0.04330995059677889,0.019515275955200195,-0.17685484886169434,-0.03617860502669146,0.006650447845458984,-0.11578172445297241,-0.05360552049347689,0.0011941790580749512,-0.06276556849479675,-0.04958558208414843,0.0024493932723999023,-0.05988645553588867,-0.04280909276673128,Yes
0.0,0.0,0.0,-0.05009084939956665,0.02344489097595215,-0.02886191520894954,-0.09360337257385254,0.03020992875099182,-0.05060546424294898,-0.12074202299118042,0.03773850202560425,-0.0694544012477536,-0.12139219045639038,0.04319170117378235,-0.08451450567747543,-0.09661740064620972,-0.11680731177330017,-0.038933090381874536,-0.10591626167297363,-0.01936584711074829,-0.06746696632410476,-0.08622574806213379,0.03527677059173584,-0.08269809138084838,-0.07313317060470581,0.03927925229072571,-0.09169819157625625,-0.06389671564102173,-0.13718155026435852,-0.03906888466383407,-0.07321643829345703,-0.0251084566116333,-0.06377804976011703,-0.057726502418518066,0.035671353340148926,-0.0670529450109143,-0.04758334159851074,0.027652263641357422,-0.06804092925096938,-0.028505265712738037,-0.13368988037109375,-0.042543511353983376,-0.03525334596633911,-0.026091396808624268,-0.06669403564239929,-0.028299927711486816,0.027984619140625,-0.05947131242658088,-0.023029744625091553,0.017652928829193115,-0.05237343113924453,0.005890309810638428,-0.11774972081184387,-0.049451797716869805,0.0004563331604003906,-0.034080684185028076,-0.06245026316548774,-0.0011959671974182129,0.010857045650482178,-0.05657333087231109,-0.0010614991188049316,0.007280707359313965,-0.05079816233421752,Yes
0.0,0.0,0.0,-0.047633230686187744,0.03674456477165222,-0.034390321961979,-0.09001004695892334,0.05581548810005188,-0.05928585215602311,-0.11390107870101929,0.08108136057853699,-0.07903750523124131,-0.10953563451766968,0.09685847163200378,-0.09459053262267503,-0.10125350952148438,-0.07138630747795105,-0.05167701750193032,-0.09744507074356079,0.05455133318901062,-0.08022005393300446,-0.07462859153747559,0.08371862769126892,-0.0940344957927266,-0.06671422719955444,0.05899009108543396,-0.10292526616845521,-0.06494629383087158,-0.09723833203315735,-0.04881239964757356,-0.06328070163726807,0.04565092921257019,-0.0726632280567685,-0.044029414653778076,0.07348129153251648,-0.07371781303677949,-0.0404587984085083,0.03764602541923523,-0.07385506763253602,-0.027047336101531982,-0.09927424788475037,-0.049083161197046365,-0.024875640869140625,0.034366458654403687,-0.07086302622352036,-0.01418846845626831,0.05648639798164368,-0.060903611622194376,-0.012278378009796143,0.02259489893913269,-0.05279196336064729,0.006887912750244141,-0.08871161937713623,-0.05333845972214135,0.00801306962966919,0.01401492953300476,-0.06741767658982667,0.012329936027526855,0.03444388508796692,-0.06294660552535447,0.013475358486175537,0.009438663721084595,-0.058054774097541895,Yes
0.0,0.0,0.0,-0.04275381565093994,0.04130148887634277,-0.029718994353572725,-0.07984685897827148,0.07309222221374512,-0.05459966622726142,-0.09634608030319214,0.11077475547790527,-0.07381991409198463,-0.08877360820770264,0.1332913637161255,-0.08881600313321769,-0.08573037385940552,-0.036728620529174805,-0.06246838085786521,-0.07375580072402954,0.10434162616729736,-0.0873523514761132,-0.05502575635910034,0.10924166440963745,-0.09610596411363304,-0.05231273174285889,0.07188820838928223,-0.10159777962104499,-0.04939085245132446,-0.06240719556808472,-0.061785158891837,-0.03873133659362793,0.09816473722457886,-0.0822299953593415,-0.02647697925567627,0.0887460708618164,-0.08018052690164268,-0.029502034187316895,0.04309886693954468,-0.07934834920303047,-0.010804951190948486,-0.06634926795959473,-0.06245519705549896,-0.004689514636993408,0.08238047361373901,-0.07966759913102806,0.002308487892150879,0.07300424575805664,-0.06736912690536201,0.0009135007858276367,0.03383040428161621,-0.058567458022992014,0.02404189109802246,-0.05843028426170349,-0.06666150801316917,0.028122007846832275,0.05379113554954529,-0.07950002812282264,0.030245542526245117,0.04991179704666138,-0.07476488613025367,0.027921676635742188,0.01692819595336914,-0.06972907595769584,Yes
0.0,0.0,0.0,-0.04493272304534912,0.03972184658050537,-0.03867030977670538,-0.08721745014190674,0.07270956039428711,-0.07066328167383062,-0.1034231185913086,0.11345183849334717,-0.0946232759899317,-0.09549182653427124,0.14786052703857422,-0.11459510862295019,-0.09546470642089844,-0.045327186584472656,-0.08191362857286322,-0.08502012491226196,0.09808862209320068,-0.10843117623988974,-0.06462216377258301,0.10168689489364624,-0.11825578748647558,-0.05870562791824341,0.06432020664215088,-0.12496277033750403,-0.05887198448181152,-0.0693599283695221,-0.07630731999341833,-0.046545445919036865,0.09085720777511597,-0.09779465287391531,-0.0339999794960022,0.07719308137893677,-0.09594947933618414,-0.03311479091644287,0.032911717891693115,-0.09613229423229086,-0.019899725914001465,-0.0737137496471405,-0.071378321344298,-0.011365056037902832,0.07058387994766235,-0.08959510266248571,-0.0046675801277160645,0.058382511138916016,-0.0766968512481867,-0.004359841346740723,0.01775112748146057,-0.06794009446565497,0.017151713371276855,-0.06709685921669006,-0.07050093352262365,0.02127087116241455,0.039612531661987305,-0.08359257220689642,0.02318871021270752,0.038474440574645996,-0.07755908458892691,0.0235937237739563,0.006578028202056885,-0.0718854898161112,Yes
0.0,0.0,0.0,-0.04640674591064453,0.031354665756225586,-0.03024203793614788,-0.08701348304748535,0.044163405895233154,-0.05326254384129925,-0.10877722501754761,0.0678473711013794,-0.0713496552547781,-0.10275149345397949,0.08497422933578491,-0.08532240705102367,-0.10044091939926147,-0.08385562896728516,-0.04994724409192486,-0.09664839506149292,0.046839237213134766,-0.07403770552485867,-0.07541298866271973,0.07159608602523804,-0.08347169773190899,-0.0683983564376831,0.0453222393989563,-0.08957948999017162,-0.06363201141357422,-0.10787662863731384,-0.04868607313841267,-0.061862409114837646,0.04274749755859375,-0.06955207602590008,-0.04454660415649414,0.06069141626358032,-0.06926652507394238,-0.04224741458892822,0.022838830947875977,-0.06846750990956707,-0.024861276149749756,-0.10817131400108337,-0.04973872469275875,-0.02509939670562744,0.03262084722518921,-0.06808738873809261,-0.014513254165649414,0.04674345254898071,-0.05806857065766735,-0.012626826763153076,0.012690901756286621,-0.050202486082014275,0.009558141231536865,-0.09564954042434692,-0.05433784516065998,0.008602142333984375,0.01227182149887085,-0.06677845583766384,0.013499140739440918,0.026575297117233276,-0.06231605724900646,0.015312910079956055,-0.0009855031967163086,-0.057197355642017556,Yes
0.0,0.0,0.0,-0.049535393714904785,0.004117250442504883,-0.03222368702097356,-0.09667360782623291,-0.009073197841644287,-0.055429622976021165,-0.12476849555969238,-0.02628907561302185,-0.07509890988274037,-0.1165153980255127,-0.053005725145339966,-0.08992721184893071,-0.08919954299926758,-0.17763587832450867,-0.03816528290315091,-0.10881954431533813,-0.11023706197738647,-0.06761140420837819,-0.09142625331878662,-0.04705590009689331,-0.08141492351694524,-0.07710385322570801,-0.0332377552986145,-0.08877897307081639,-0.055905699729919434,-0.1964631974697113,-0.036040932385162705,-0.078205406665802,-0.11320450901985168,-0.06371533915205418,-0.06522703170776367,-0.038870543241500854,-0.06705835506124913,-0.0545923113822937,-0.03305172920227051,-0.06602540656729161,-0.021675467491149902,-0.18893581628799438,-0.03799868792100369,-0.040508389472961426,-0.09925583004951477,-0.06528676345749318,-0.033871471881866455,-0.03416752815246582,-0.05783313929839551,-0.02592247724533081,-0.0338156521320343,-0.04861077338262021,0.010540664196014404,-0.16669750213623047,-0.04335721999211728,-0.004339754581451416,-0.09830376505851746,-0.058550939408974045,-0.0065010786056518555,-0.0485345721244812,-0.053023577181534165,-0.004025936126708984,-0.04565399885177612,-0.045939039884046906,Yes
0.0,0.0,0.0,-0.05025804042816162,0.005362004041671753,-0.03177424605217993,-0.09797024726867676,-0.012428253889083862,-0.05277637849775374,-0.1269078254699707,-0.035700052976608276,-0.07006672482219756,-0.11691337823867798,-0.06836208701133728,-0.08186576227871001,-0.08516943454742432,-0.17769333720207214,-0.0338841647955519,-0.107119619846344,-0.1170031726360321,-0.06095438163009703,-0.09055614471435547,-0.056180864572525024,-0.07294451902833998,-0.07762479782104492,-0.050944983959198,-0.07964044521776259,-0.05484539270401001,-0.20023488998413086,-0.03084969419268191,-0.07960891723632812,-0.12227526307106018,-0.0571540602597338,-0.06581056118011475,-0.05128946900367737,-0.05911599929657996,-0.054409146308898926,-0.05454036593437195,-0.05728924731937468,-0.022543728351593018,-0.19505304098129272,-0.03211980770555556,-0.044311463832855225,-0.11617064476013184,-0.058313851163063646,-0.03776651620864868,-0.051674991846084595,-0.049757816747103334,-0.02858501672744751,-0.056095272302627563,-0.040133439854059816,0.008207201957702637,-0.17408481240272522,-0.036995631560955644,-0.007734894752502441,-0.10903266072273254,-0.05263852040496886,-0.011562347412109375,-0.058323442935943604,-0.04839634980288565,-0.008922219276428223,-0.05690571665763855,-0.0423820846828562,Yes
0.0,0.0,0.0,-0.04445070028305054,-0.009608864784240723,-0.024698570488283167,-0.09013622999191284,-0.05314892530441284,-0.04096687596876336,-0.1122865080833435,-0.108784019947052,-0.05558414396483613,-0.09989285469055176,-0.15843689441680908,-0.06522427511055184,-0.06862986087799072,-0.15916913747787476,-0.02120715764004899,-0.08702319860458374,-0.18886315822601318,-0.04852477472860528,-0.0777578353881836,-0.12074118852615356,-0.05921769153911782,-0.06508201360702515,-0.08411842584609985,-0.06323020917017175,-0.04020124673843384,-0.17149126529693604,-0.01979491871435357,-0.061128854751586914,-0.2022036910057068,-0.05115924042303277,-0.05238378047943115,-0.11466443538665771,-0.05404496577222062,-0.04163485765457153,-0.08198100328445435,-0.0492857211514206,-0.010951101779937744,-0.17557382583618164,-0.0228255317791195,-0.02863180637359619,-0.20108714699745178,-0.05415475752789689,-0.025046885013580322,-0.11531013250350952,-0.04417200025756074,-0.01727151870727539,-0.08432546257972717,-0.02997275267381383,0.01996678113937378,-0.16801175475120544,-0.028049286572525034,0.001881718635559082,-0.18783512711524963,-0.047618150828668604,-0.0038806796073913574,-0.12298524379730225,-0.04107371356923295,-0.0022977590560913086,-0.09611871838569641,-0.031672231970617304,Yes
0.0,0.0,0.0,-0.04672205448150635,-0.025176644325256348,-0.019726507852737996,-0.08654385805130005,-0.07766321301460266,-0.03347830709344635,-0.10155636072158813,-0.14054200053215027,-0.047193201745812985,-0.08348870277404785,-0.19084998965263367,-0.05709808927304039,-0.05943650007247925,-0.16914254426956177,-0.007559010314707848,-0.07121485471725464,-0.20640286803245544,-0.03294437986141929,-0.06867611408233643,-0.15117889642715454,-0.045786435271566006,-0.06102091073989868,-0.10975074768066406,-0.05087481301552543,-0.03204554319381714,-0.1756453812122345,-0.007601017153774592,-0.04693150520324707,-0.21946990489959717,-0.03642615165836105,-0.04549217224121094,-0.1432022750377655,-0.04264055054909477,-0.036694109439849854,-0.10189858078956604,-0.04002548244125137,-0.0037081241607666016,-0.17415162920951843,-0.01218431864208469,-0.017445027828216553,-0.2105192244052887,-0.04147751491791496,-0.019803106784820557,-0.13450521230697632,-0.03573384370929489,-0.013881564140319824,-0.09540963172912598,-0.023919666673009488,0.02666616439819336,-0.16123169660568237,-0.018404512221877667,0.011474251747131348,-0.1991415023803711,-0.036572138334577176,0.002910435199737549,-0.1401987373828888,-0.031122256557409855,0.004015803337097168,-0.10522294044494629,-0.02223411809927711,Yes
0.0,0.0,0.0,-0.04075103998184204,-0.024244070053100586,-0.03357007129369549,-0.0778740644454956,-0.07617747783660889,-0.05381456537423901,-0.0840386152267456,-0.14149552583694458,-0.06928109525023274,-0.05742537975311279,-0.17895659804344177,-0.07923755942164235,-0.05817890167236328,-0.1895713210105896,-0.032350064797981304,-0.04766958951950073,-0.20731380581855774,-0.0550212465065556,-0.04494607448577881,-0.14494064450263977,-0.06193300856529049,-0.04786747694015503,-0.10355621576309204,-0.0640970781284409,-0.0245017409324646,-0.1968209147453308,-0.025326024352295917,-0.01663351058959961,-0.21369603276252747,-0.052653504146917385,-0.01927429437637329,-0.13051289319992065,-0.056502280368192714,-0.024562060832977295,-0.09131824970245361,-0.053734672798498195,0.006560564041137695,-0.18996354937553406,-0.02198945692060761,0.013925790786743164,-0.1941545605659485,-0.051521738602502865,0.0035724639892578125,-0.11504971981048584,-0.04605249462900929,-0.007090628147125244,-0.07944095134735107,-0.03573502375064663,0.03354161977767944,-0.16974812746047974,-0.020976330696328205,0.03589773178100586,-0.16628241539001465,-0.042370317115171474,0.02425283193588257,-0.10829681158065796,-0.040181917681081813,0.013081192970275879,-0.08495470881462097,-0.03383666424332432,Yes
0.0,0.0,0.0,-0.035367369651794434,-0.01102745532989502,-0.04744145951943324,-0.06862926483154297,-0.04033580422401428,-0.07894156805949137,-0.06686246395111084,-0.08292460441589355,-0.10269198499398158,-0.04376298189163208,-0.11362290382385254,-0.11954934082703517,-0.059054017066955566,-0.19515663385391235,-0.06311190806107447,-0.03673321008682251,-0.1706790328025818,-0.08974608711676524,-0.031048893928527832,-0.10478395223617554,-0.09386497668700144,-0.035217881202697754,-0.08553606271743774,-0.09513381056265757,-0.02452397346496582,-0.21135640144348145,-0.05216981775836871,-0.0008137226104736328,-0.16042646765708923,-0.08172595433669017,-0.004736363887786865,-0.08048844337463379,-0.08242537759022639,-0.01429295539855957,-0.08140841126441956,-0.08005436442570613,0.008149981498718262,-0.20405185222625732,-0.04470172084646151,0.029454529285430908,-0.1488286852836609,-0.0765284442134373,0.01867854595184326,-0.07657009363174438,-0.06963785670475886,0.004202425479888916,-0.07595360279083252,-0.06105676971154139,0.03649485111236572,-0.18251171708106995,-0.040674700660275676,0.05205404758453369,-0.14029541611671448,-0.06316663257555888,0.04163175821304321,-0.08387058973312378,-0.06090067259745524,0.025899887084960938,-0.07893362641334534,-0.05582715503649638,Yes
0.0,0.0,0.0,-0.03440558910369873,0.016778230667114258,-0.0483941501278764,-0.06781363487243652,0.009265720844268799,-0.08085968627523243,-0.06423717737197876,0.004452884197235107,-0.10526484533141911,-0.037581443786621094,0.0035657286643981934,-0.12387730463336766,-0.05145543813705444,-0.12933504581451416,-0.07286764963458836,-0.017117202281951904,-0.06153425574302673,-0.1012636749346143,-0.021294713020324707,-0.0019242167472839355,-0.1078663720090276,-0.03194087743759155,-0.005075573921203613,-0.11250749512504399,-0.016575217247009277,-0.1542588472366333,-0.06265584661554158,0.015337169170379639,-0.06115278601646423,-0.09344235344718754,0.005388975143432617,0.008425295352935791,-0.0942601217229253,-0.005988717079162598,-0.0023819804191589355,-0.09360334559272587,0.015110909938812256,-0.15555450320243835,-0.05537587313841641,0.04365593194961548,-0.06321999430656433,-0.08636869772266209,0.02918374538421631,-0.0013139843940734863,-0.07970628424476445,0.014483928680419922,-0.009136497974395752,-0.07257332934926808,0.041767418384552,-0.14035135507583618,-0.05209632500003636,0.06164008378982544,-0.07281756401062012,-0.0750994636018163,0.050465285778045654,-0.02201688289642334,-0.07504975332807362,0.035268306732177734,-0.022065401077270508,-0.07246683820079625,Yes
0.0,0.0,0.0,-0.03683346509933472,0.02819514274597168,-0.04505635584979473,-0.06876051425933838,0.033187270164489746,-0.07635883773951946,-0.06488978862762451,0.04287075996398926,-0.09975903268247066,-0.047460734844207764,0.046871304512023926,-0.11825880195289074,-0.05388176441192627,-0.09273925423622131,-0.07512062575011669,-0.017054319381713867,-0.013185203075408936,-0.10322616781382976,-0.021264851093292236,0.04002785682678223,-0.11124994392781673,-0.03418689966201782,0.031613826751708984,-0.11764914329438625,-0.018719017505645752,-0.1258404552936554,-0.06613442088752208,0.0127219557762146,-0.02173835039138794,-0.09565441097407756,0.003863692283630371,0.042234063148498535,-0.09662262882380901,-0.0076978206634521484,0.029457688331604004,-0.09760082300095974,0.012705862522125244,-0.1341564655303955,-0.059348733828358036,0.03972828388214111,-0.030556201934814453,-0.08797729547410427,0.027842998504638672,0.02636277675628662,-0.08132154281526027,0.01447296142578125,0.015329480171203613,-0.07590087290196834,0.03902244567871094,-0.12528550624847412,-0.05639609481482921,0.05745494365692139,-0.04741644859313965,-0.07840452875285564,0.048127174377441406,0.0010488033294677734,-0.07892958606868206,0.03435736894607544,-0.003018617630004883,-0.07790031071095882,Yes
0.0,0.0,0.0,-0.03769683837890625,0.017300903797149658,-0.04666870081800312,-0.07291489839553833,0.007253527641296387,-0.07844016695398182,-0.07286310195922852,0.004237651824951172,-0.1022727414407143,-0.052341580390930176,0.007715165615081787,-0.12040024990218967,-0.06159055233001709,-0.13354822993278503,-0.07206645602363437,-0.02870774269104004,-0.06209322810173035,-0.10096680367368549,-0.029971539974212646,-0.0017297863960266113,-0.10826116049665302,-0.041026771068573,-0.0058707594871521,-0.11323012406009525,-0.025759100914001465,-0.1634848415851593,-0.06249595427888721,0.0061737895011901855,-0.06430637836456299,-0.09181169414895862,-0.0024138689041137695,0.004577457904815674,-0.09196004265922397,-0.01564842462539673,-0.009550273418426514,-0.09146881097930759,0.007464885711669922,-0.16745039820671082,-0.05586899811405033,0.035398125648498535,-0.06897556781768799,-0.08520545059818119,0.023079991340637207,-0.00747150182723999,-0.0785092338361153,0.008250832557678223,-0.01788926124572754,-0.07213580602783054,0.0355793833732605,-0.15308138728141785,-0.0531881190277943,0.053893327713012695,-0.08186620473861694,-0.0751140191592583,0.044310033321380615,-0.03129035234451294,-0.07521893823522419,0.029937267303466797,-0.03329813480377197,-0.07313748443502277,Yes
0.0,0.0,0.0,-0.03936421871185303,-0.018540799617767334,-0.03968822405838068,-0.07957148551940918,-0.055328935384750366,-0.06464627207421358,-0.09372514486312866,-0.10457444190979004,-0.08429347546004351,-0.07229793071746826,-0.14186835289001465,-0.0978554096927553,-0.06724101305007935,-0.20047998428344727,-0.04141311169766482,-0.059745192527770996,-0.19719424843788147,-0.06986332507037218,-0.05370914936065674,-0.13049933314323425,-0.08049364955328997,-0.055106401443481445,-0.09556496143341064,-0.08505942494772967,-0.03108447790145874,-0.21643614768981934,-0.03399898306631144,-0.024579882621765137,-0.19136464595794678,-0.06601037652396258,-0.02519059181213379,-0.10709699988365173,-0.07286633373402651,-0.031581878662109375,-0.08454573154449463,-0.07241847933434542,0.0036644935607910156,-0.20716863870620728,-0.03082682387136515,0.011216402053833008,-0.17299771308898926,-0.06472790808581408,0.0025104880332946777,-0.09663668274879456,-0.060962023298969825,-0.009092926979064941,-0.07675600051879883,-0.051922569136849006,0.03316938877105713,-0.18078944087028503,-0.03061966420315798,0.04100000858306885,-0.15477988123893738,-0.0543710087349325,0.02849900722503662,-0.09755948185920715,-0.052427953194609245,0.013015329837799072,-0.08075940608978271,-0.04608929352068003,Yes
0.0,0.0,0.0,-0.04428201913833618,-0.022967427968978882,-0.02843136388099765,-0.08731973171234131,-0.07795113325119019,-0.047038527682786935,-0.10317033529281616,-0.13864141702651978,-0.06302621449566459,-0.08047711849212646,-0.17890241742134094,-0.074060464755064,-0.062262892723083496,-0.20018547773361206,-0.02434663894808864,-0.0673254132270813,-0.2157669961452484,-0.05020582909918403,-0.06359326839447021,-0.14720416069030762,-0.06099577109552001,-0.05993664264678955,-0.10079288482666016,-0.06517148251867866,-0.027201533317565918,-0.2065185308456421,-0.021182628825670236,-0.036235272884368896,-0.22370633482933044,-0.04985358800030326,-0.03716212511062622,-0.1350054144859314,-0.053943204239374154,-0.03563821315765381,-0.0916765034198761,-0.05080595473981475,0.006467640399932861,-0.19845134019851685,-0.02232508967853164,-0.0028316378593444824,-0.2103148102760315,-0.05213751877880668,-0.009336650371551514,-0.1266893744468689,-0.04510012130475616,-0.011729300022125244,-0.08599662780761719,-0.03336514394021606,0.03786653280258179,-0.17634087800979614,-0.025826585024958604,0.02746361494064331,-0.18851834535598755,-0.04607354711032485,0.01472628116607666,-0.12616398930549622,-0.04132542993164634,0.007731795310974121,-0.09409910440444946,-0.033025773719316476,Yes
0.0,0.0,0.0,-0.05028986930847168,-0.020469576120376587,-0.018348700162817977,-0.09525007009506226,-0.06811442971229553,-0.031189341825296424,-0.11546117067337036,-0.129205584526062,-0.04440797379319861,-0.10362058877944946,-0.18603259325027466,-0.05391805132930472,-0.0714026689529419,-0.16781380772590637,-0.004857389052261851,-0.08761423826217651,-0.2038729190826416,-0.032148702797343276,-0.08193296194076538,-0.14749997854232788,-0.047616782394101165,-0.07207781076431274,-0.10597488284111023,-0.05433715021317198,-0.04332411289215088,-0.1788204312324524,-0.005754707177032969,-0.06365162134170532,-0.21949639916419983,-0.036068941262414,-0.05686461925506592,-0.13941657543182373,-0.04346397778098776,-0.04509395360946655,-0.09809985756874084,-0.041293586400200866,-0.014476537704467773,-0.18143290281295776,-0.011337639559855006,-0.0339277982711792,-0.21441113948822021,-0.04098333304827406,-0.03105860948562622,-0.13404524326324463,-0.034214286860873244,-0.02212470769882202,-0.09643968939781189,-0.021507446450044654,0.017125248908996582,-0.1723780632019043,-0.018609090504099868,-0.003189563751220703,-0.20306819677352905,-0.03648610672061636,-0.00828641653060913,-0.14232730865478516,-0.030083418619682334,-0.0050247907638549805,-0.11114385724067688,-0.020379773137022994,Yes
0.0,0.0,0.0,-0.04506438970565796,-0.010683000087738037,-0.028993887483068193,-0.0918990969657898,-0.05396777391433716,-0.047601030795760835,-0.11431020498275757,-0.11015009880065918,-0.06356777775187084,-0.09914863109588623,-0.16186293959617615,-0.07416185516018459,-0.06997662782669067,-0.1721285581588745,-0.024311395018287385,-0.08381599187850952,-0.19667351245880127,-0.052704075007625306,-0.07596230506896973,-0.1281607747077942,-0.06392355787653514,-0.06665712594985962,-0.0867050290107727,-0.06775836425919124,-0.038599610328674316,-0.18403783440589905,-0.02134524437684604,-0.056883156299591064,-0.2073706090450287,-0.054193889378495896,-0.04972630739212036,-0.11861449480056763,-0.05859693664211818,-0.04062110185623169,-0.08198127150535583,-0.05425018596548625,-0.007217586040496826,-0.18384632468223572,-0.023028295143433297,-0.02283996343612671,-0.20155906677246094,-0.05639630707997867,-0.02077275514602661,-0.11268731951713562,-0.04710638674993106,-0.014467179775238037,-0.07683473825454712,-0.03247096541423389,0.024629652500152588,-0.17120984196662903,-0.02706898341972419,0.008260667324066162,-0.186163067817688,-0.048422777681537355,0.0018249154090881348,-0.11901110410690308,-0.041983423410840714,0.0022556185722351074,-0.09012115001678467,-0.03186651471156665,Yes
0.0,0.0,0.0,-0.040241360664367676,0.002131164073944092,-0.0321226001777859,-0.08207285404205322,-0.011790066957473755,-0.054796512524148966,-0.10726654529571533,-0.030163347721099854,-0.07341649318721011,-0.10021203756332397,-0.04432058334350586,-0.08753178204085543,-0.07840663194656372,-0.17607083916664124,-0.04002747247602656,-0.08065372705459595,-0.10757756233215332,-0.0667547055580826,-0.07069778442382812,-0.04755687713623047,-0.07953686202552035,-0.06402415037155151,-0.032208263874053955,-0.08728610659625247,-0.042134761810302734,-0.19636017084121704,-0.03787446329977229,-0.04346299171447754,-0.11035233736038208,-0.06537116999413684,-0.04147452116012573,-0.04049929976463318,-0.07176621938731387,-0.03963559865951538,-0.030500411987304688,-0.07347007776286318,-0.00553131103515625,-0.18904158473014832,-0.03887766907598689,-0.004908323287963867,-0.09854519367218018,-0.06772250617530062,-0.011602342128753662,-0.03442898392677307,-0.06498917872693255,-0.01661282777786255,-0.02819877862930298,-0.05901909182455256,0.02750110626220703,-0.16464224457740784,-0.04282968426730349,0.028516829013824463,-0.09249880909919739,-0.06207618425275996,0.019050180912017822,-0.040213584899902344,-0.06009183386947825,0.0106353759765625,-0.03156477212905884,-0.05511724884297564,Yes
0.0,0.0,0.0,-0.03756362199783325,0.014529705047607422,-0.029048265453894828,-0.07242369651794434,0.030945956707000732,-0.05147267461987326,-0.09181487560272217,0.06280255317687988,-0.06889603615971396,-0.09263026714324951,0.09281808137893677,-0.08256494582863638,-0.08698129653930664,-0.08033761382102966,-0.05276989148231337,-0.07904326915740967,0.048953235149383545,-0.07805419297190497,-0.06375718116760254,0.0721672773361206,-0.08929300637217352,-0.060901761054992676,0.047335922718048096,-0.09654900760622809,-0.0487099289894104,-0.10210874676704407,-0.05192504407139609,-0.04085123538970947,0.04446732997894287,-0.07344588221283743,-0.03311467170715332,0.059510886669158936,-0.0745852920529444,-0.03634369373321533,0.02139449119567871,-0.07515608848305533,-0.010094702243804932,-0.10064813494682312,-0.05305904851527998,-0.005284547805786133,0.03409731388092041,-0.07178643674822638,-0.004265248775482178,0.05136275291442871,-0.062036294054706786,-0.007124781608581543,0.0231134295463562,-0.05443771885009596,0.023890137672424316,-0.08678489923477173,-0.057684905391653274,0.02665621042251587,0.01424497365951538,-0.07147921205731222,0.023284614086151123,0.03640645742416382,-0.06755688370438406,0.02040964365005493,0.019617587327957153,-0.06279233427019904,Yes
0.0,0.0,0.0,-0.03457397222518921,0.02179938554763794,-0.032443513567514515,-0.07374626398086548,0.04226839542388916,-0.057260723258323765,-0.09029632806777954,0.07360994815826416,-0.07585131510622034,-0.08052575588226318,0.09515511989593506,-0.08984173967964182,-0.07784193754196167,-0.07389065623283386,-0.06209167226678858,-0.07125341892242432,0.055340468883514404,-0.08563345804340372,-0.06018024682998657,0.06121283769607544,-0.09315963968164453,-0.0562136173248291,0.02637004852294922,-0.09805414214260111,-0.042305588722229004,-0.0981830358505249,-0.05732452257997522,-0.02976912260055542,0.06160920858383179,-0.07681650056964884,-0.024012207984924316,0.05125880241394043,-0.07337011530525217,-0.02536606788635254,0.003359556198120117,-0.07072872802145014,-0.004999816417694092,-0.10020038485527039,-0.05402178078419695,0.0059705376625061035,0.04698944091796875,-0.0731479315412713,0.004961848258972168,0.0360988974571228,-0.05925163760311136,0.0006098151206970215,-0.007517695426940918,-0.047619131798811054,0.0292280912399292,-0.08905106782913208,-0.05456654116041193,0.03481268882751465,0.01877915859222412,-0.07233887299425135,0.03239333629608154,0.019522368907928467,-0.06900281592733393,0.029851138591766357,-0.012639462947845459,-0.06262419506437311,Yes
0.0,0.0,0.0,-0.03635203838348389,0.0057028234004974365,-0.03300666223447024,-0.07544577121734619,-0.000931471586227417,-0.0572299749700278,-0.10022687911987305,-0.005031973123550415,-0.07692486207167804,-0.09694725275039673,-0.009461581707000732,-0.09257961224000155,-0.07926160097122192,-0.15301045775413513,-0.04902948598544299,-0.08007586002349854,-0.06433859467506409,-0.0791832522598952,-0.06797301769256592,-0.0041075050830841064,-0.09284974794070422,-0.06204003095626831,0.004760265350341797,-0.10060694973151385,-0.041051387786865234,-0.17137408256530762,-0.0476997622398585,-0.04237121343612671,-0.06994423270225525,-0.07617769549767672,-0.039049386978149414,-0.0021097958087921143,-0.07966312180440127,-0.037822067737579346,-0.0021865665912628174,-0.07985065291802584,-0.0022060275077819824,-0.1632196307182312,-0.049667799576923244,-0.002101600170135498,-0.06551715731620789,-0.07699942748229205,-0.008563339710235596,-0.005858510732650757,-0.07071924369017779,-0.013044655323028564,-0.00897061824798584,-0.06375131915490329,0.03315246105194092,-0.14140984416007996,-0.05495320419947802,0.0327298641204834,-0.07061490416526794,-0.07289381484667956,0.02328801155090332,-0.021965205669403076,-0.06944418857972323,0.016610801219940186,-0.0173550546169281,-0.06439171890895068,Yes
0.0,0.0,0.0,-0.04679059982299805,-0.014713376760482788,-0.031500821948668545,-0.0918874740600586,-0.05568206310272217,-0.05154195243181903,-0.11403441429138184,-0.10667991638183594,-0.06823700854243953,-0.09625524282455444,-0.15072551369667053,-0.07946231404008586,-0.07060843706130981,-0.19244518876075745,-0.027132552132627552,-0.08177459239959717,-0.191562682390213,-0.05663097092570979,-0.07309019565582275,-0.12118524312973022,-0.07008029708327967,-0.06496095657348633,-0.08033177256584167,-0.07597683557929713,-0.036575138568878174,-0.20938614010810852,-0.023584224299213474,-0.05042976140975952,-0.20260092616081238,-0.05672158116163928,-0.0457078218460083,-0.11119496822357178,-0.06317397394838054,-0.03986388444900513,-0.07677686214447021,-0.0608641710287543,-0.0031899213790893555,-0.2048969864845276,-0.024701625124237125,-0.013626277446746826,-0.18397390842437744,-0.05704578945102412,-0.016116440296173096,-0.10018259286880493,-0.05011537486376483,-0.014583170413970947,-0.07285892963409424,-0.03802572751106936,0.028464913368225098,-0.1842087209224701,-0.028700666517636364,0.019327878952026367,-0.1661374866962433,-0.047734262437245434,0.009565770626068115,-0.10444566607475281,-0.042416231722256725,0.0059296488761901855,-0.0857694149017334,-0.03398468160690982,Yes
0.0,0.0,0.0,-0.053417861461639404,-0.025767385959625244,-0.013238999853285804,-0.0962797999382019,-0.07313379645347595,-0.023951162444802776,-0.1167801022529602,-0.13453412055969238,-0.03630720530674125,-0.10345923900604248,-0.18774577975273132,-0.04592911978289749,-0.06862521171569824,-0.15428170561790466,-2.0154710114184127e-06,-0.08536320924758911,-0.20777034759521484,-0.02448615510985519,-0.08479160070419312,-0.1608213484287262,-0.03968405057713653,-0.07739531993865967,-0.11421442031860352,-0.04618518878743316,-0.04176968336105347,-0.1633571982383728,-0.0025109745100166947,-0.05919301509857178,-0.22354181110858917,-0.028717542859169498,-0.05841153860092163,-0.15566620230674744,-0.03762262021228935,-0.049671947956085205,-0.10606300830841064,-0.03732041721269752,-0.013090968132019043,-0.16694703698158264,-0.008972607413681999,-0.0306398868560791,-0.21875150501728058,-0.03385166158005859,-0.03228259086608887,-0.14540109038352966,-0.02927222740873958,-0.02520275115966797,-0.0979965329170227,-0.019071989553424373,0.018494725227355957,-0.16171571612358093,-0.016796094226094738,-0.0013289451599121094,-0.2033635675907135,-0.03184233685061599,-0.008665859699249268,-0.15004205703735352,-0.026311020227524295,-0.005409955978393555,-0.1136283278465271,-0.017830000119658962,Yes
0.0,0.0,0.0,-0.04895031452178955,-0.022861063480377197,-0.015799128348930935,-0.09172171354293823,-0.07254517078399658,-0.027031722377046208,-0.11368519067764282,-0.13368231058120728,-0.03904435494075642,-0.10118001699447632,-0.18815401196479797,-0.04752406933437214,-0.06582659482955933,-0.16244658827781677,-0.0021574053829453987,-0.08215659856796265,-0.20461851358413696,-0.02803414770494328,-0.07759982347488403,-0.15003424882888794,-0.042134609903200726,-0.06803518533706665,-0.10593801736831665,-0.04750983500014172,-0.03847002983093262,-0.17194855213165283,-0.0033540750304155154,-0.05653423070907593,-0.22068741917610168,-0.030986347134216885,-0.052863478660583496,-0.14314371347427368,-0.0375221603466116,-0.043050944805145264,-0.099956214427948,-0.034844615395172696,-0.009807467460632324,-0.17425814270973206,-0.00899052330385075,-0.027479171752929688,-0.21736642718315125,-0.03616022774110661,-0.027578413486480713,-0.1379278600215912,-0.029073071564539532,-0.020643532276153564,-0.0965459942817688,-0.016375063817008595,0.021282732486724854,-0.16673126816749573,-0.016070204685433964,0.0028290152549743652,-0.20471230149269104,-0.03267650761733876,-0.003719627857208252,-0.14592424035072327,-0.025916916216715435,-0.0014427900314331055,-0.11261144280433655,-0.01588185028265343,Yes
0.0,0.0,0.0,-0.031969308853149414,0.022869974374771118,-0.03577783307249405,-0.07111889123916626,0.05027177929878235,-0.06354111036474563,-0.08674538135528564,0.0897773802280426,-0.08395184925014831,-0.07596707344055176,0.10694447159767151,-0.10020307054931976,-0.07550317049026489,-0.06456723809242249,-0.07521354010517456,-0.06506884098052979,0.06984654068946838,-0.10463531663830139,-0.057592034339904785,0.06811627745628357,-0.11695386072809555,-0.05743896961212158,0.028271466493606567,-0.12483302107269623,-0.037100017070770264,-0.08640602231025696,-0.06991231790001251,-0.02139151096343994,0.08126142621040344,-0.09307758113558151,-0.020923614501953125,0.05934366583824158,-0.09082021912748672,-0.02460259199142456,0.005434125661849976,-0.08904777070696213,0.0024483799934387207,-0.08266988396644592,-0.0658510883730159,0.013091444969177246,0.06959357857704163,-0.08690515509064056,0.007553994655609131,0.04977104067802429,-0.06990298977310516,0.0032300949096679688,0.005548685789108276,-0.05547786480004646,0.03706681728363037,-0.06545346975326538,-0.06611351272280075,0.04199254512786865,0.04443731904029846,-0.08774370303566315,0.036240458488464355,0.03300407528877258,-0.08400035252983429,0.0333404541015625,-0.004318833351135254,-0.0760369261186824,Yes
0.0,0.0,0.0,-0.034980177879333496,0.021177858114242554,-0.03465052539090152,-0.0730431079864502,0.04649612307548523,-0.06229076379517551,-0.0873250961303711,0.08619710803031921,-0.08311650747040744,-0.07665246725082397,0.10994121432304382,-0.10007746362666126,-0.07479119300842285,-0.06719455122947693,-0.07158090019206043,-0.06713777780532837,0.06932851672172546,-0.09945425236205097,-0.05829566717147827,0.07256242632865906,-0.11165258878449436,-0.05728256702423096,0.03457954525947571,-0.11994878792742725,-0.035516321659088135,-0.08676335215568542,-0.06759990596751209,-0.02479863166809082,0.08192119002342224,-0.08977664107064243,-0.02236860990524292,0.06493481993675232,-0.08832503700236316,-0.024594485759735107,0.012289851903915405,-0.08752575361708637,0.004293978214263916,-0.08156204223632812,-0.06478980028609271,0.010463714599609375,0.07327160239219666,-0.08357070976475711,0.006558239459991455,0.05689796805381775,-0.06646230661849017,0.0035293102264404297,0.013270527124404907,-0.05299249136427875,0.03879737854003906,-0.06279492378234863,-0.06641852700690265,0.03932082653045654,0.050717443227767944,-0.08502688848952289,0.034041404724121094,0.04115024209022522,-0.07989971184710498,0.03198850154876709,0.0034194886684417725,-0.07195303434113498,Yes
0.0,0.0,0.0,-0.058563172817230225,0.01358872652053833,-0.030966633227293983,-0.12208712100982666,-0.02568221092224121,-0.05068133514804174,-0.16508841514587402,-0.07014989852905273,-0.07080683600587179,-0.20992952585220337,-0.09454768896102905,-0.09053896110934545,-0.13108867406845093,-0.19679990410804749,-0.028557409760182395,-0.16858434677124023,-0.280694842338562,-0.05613651242536832,-0.19131338596343994,-0.3323909342288971,-0.07575931888503362,-0.20979690551757812,-0.38364847004413605,-0.08926649880093862,-0.09308123588562012,-0.23799237608909607,-0.03280130889696409,-0.13863813877105713,-0.3299030661582947,-0.06412678700370122,-0.16648155450820923,-0.3834225982427597,-0.08358917873782445,-0.19016140699386597,-0.43712884187698364,-0.09425022196454336,-0.04808920621871948,-0.25188374519348145,-0.04062978294176389,-0.07435476779937744,-0.29037991166114807,-0.08561135571879674,-0.06632697582244873,-0.18274998664855957,-0.0916706595985346,-0.05929070711135864,-0.10356605052947998,-0.0844937015740328,0.0005823373794555664,-0.24634110927581787,-0.0507589292196684,-0.024653732776641846,-0.2591343820095062,-0.08861368637961675,-0.030675292015075684,-0.17542439699172974,-0.09023137133998205,-0.03298860788345337,-0.10770732164382935,-0.08325510215443899,No
0.0,0.0,0.0,-0.06077706813812256,-0.024358928203582764,-0.017108332656334824,-0.11476755142211914,-0.08844131231307983,-0.02915866515786547,-0.14551174640655518,-0.1546928882598877,-0.04382221988589663,-0.1699434518814087,-0.2142314910888672,-0.05801855242998499,-0.1030229926109314,-0.20879578590393066,0.0016184667479137715,-0.13796675205230713,-0.2597145438194275,-0.02395699761063952,-0.1616848111152649,-0.2727234959602356,-0.04576143465192217,-0.18105041980743408,-0.27988481521606445,-0.05958273849637408,-0.06998652219772339,-0.23960477113723755,-0.004094407252978272,-0.11192429065704346,-0.30391794443130493,-0.029316528059553093,-0.1394493579864502,-0.3040500283241272,-0.04585364676268,-0.15995240211486816,-0.301110178232193,-0.055281969077896065,-0.031603991985321045,-0.2548051178455353,-0.01447621110082764,-0.07167929410934448,-0.31210824847221375,-0.04919512040169138,-0.07442820072174072,-0.22112423181533813,-0.052989324845384544,-0.06683164834976196,-0.14580190181732178,-0.04840896493942637,0.01215893030166626,-0.2533452808856964,-0.026408123143028206,-0.029167234897613525,-0.2855333089828491,-0.05632973305137057,-0.04003030061721802,-0.20675575733184814,-0.0567452668324222,-0.035676419734954834,-0.13676738739013672,-0.05147875688226122,No
0.0,0.0,0.0,-0.060047030448913574,-0.018535077571868896,-0.02063130978473282,-0.11520856618881226,-0.0838388204574585,-0.03175796586998558,-0.14729470014572144,-0.15130582451820374,-0.044044554419599535,-0.17906403541564941,-0.20296192169189453,-0.05578541029223061,-0.10721415281295776,-0.2028089165687561,-0.0035169287116900705,-0.1450555920600891,-0.2573114335536957,-0.02631051484473801,-0.17034822702407837,-0.27980130910873413,-0.048080604709468844,-0.19210559129714966,-0.3078191578388214,-0.06443664822705841,-0.07484745979309082,-0.23282265663146973,-0.007825421355448725,-0.1164732575416565,-0.2997315227985382,-0.03097304161616421,-0.14526569843292236,-0.316617026925087,-0.04938646797069168,-0.1705172061920166,-0.3375824838876724,-0.062328748591028216,-0.03634750843048096,-0.24703723192214966,-0.016290677897416117,-0.07337486743927002,-0.3072424829006195,-0.05086908880599594,-0.07316893339157104,-0.2186432182788849,-0.055872369743667605,-0.0664094090461731,-0.14785432815551758,-0.0528714844954834,0.008289456367492676,-0.24615344405174255,-0.026686810143075945,-0.028782546520233154,-0.28030338883399963,-0.059544552303634646,-0.03835153579711914,-0.20542913675308228,-0.06192742679246521,-0.03561216592788696,-0.1398395597934723,-0.05810982752569771,No
0.0,0.0,0.0,-0.06033855676651001,-0.026798486709594727,-0.01927292375125944,-0.11333870887756348,-0.08949574828147888,-0.03231543516972124,-0.14484238624572754,-0.15565666556358337,-0.04723143792011797,-0.1714213490486145,-0.2166317105293274,-0.061577929465556736,-0.09975963830947876,-0.20744875073432922,-0.00046322476350724173,-0.13587647676467896,-0.2596094608306885,-0.025416361449742908,-0.16128313541412354,-0.2758200168609619,-0.0478746614442116,-0.18226486444473267,-0.28962594270706177,-0.06305066338040888,-0.06738120317459106,-0.23514443635940552,-0.004935141003215904,-0.1095004677772522,-0.2979402542114258,-0.031143959893370265,-0.1379607915878296,-0.29691633582115173,-0.04982055938103258,-0.16038835048675537,-0.29481667280197144,-0.06090837558963358,-0.029857337474822998,-0.24874767661094666,-0.013915342560494537,-0.07071948051452637,-0.3103421926498413,-0.04791471204021036,-0.07380008697509766,-0.2268710732460022,-0.053111261038566226,-0.06739431619644165,-0.15484720468521118,-0.050074013231778736,0.01337897777557373,-0.24771711230278015,-0.024662757574105854,-0.02744382619857788,-0.28296786546707153,-0.054682484178329105,-0.03928118944168091,-0.20998629927635193,-0.05651316261150896,-0.0364338755607605,-0.142738938331604,-0.05242729028918802,No
0.0,0.0,0.0,-0.0602266788482666,-0.023414134979248047,-0.018814816685221558,-0.11264562606811523,-0.0881795883178711,-0.03145824892988003,-0.14331424236297607,-0.15574663877487183,-0.04590425415506161,-0.1719045639038086,-0.2111632227897644,-0.06006258501281536,-0.09932535886764526,-0.2051137387752533,-0.0039638663510004335,-0.13792121410369873,-0.2599388062953949,-0.02950574977865017,-0.16494899988174438,-0.27789199352264404,-0.051870448129079705,-0.18696153163909912,-0.2926827073097229,-0.06699079050292767,-0.0668567419052124,-0.234251469373703,-0.008693638803265458,-0.11060154438018799,-0.29916977882385254,-0.034308163063428765,-0.14013785123825073,-0.3032096028327942,-0.052327463017604714,-0.16335469484329224,-0.307279035449028,-0.06361849381198681,-0.02908378839492798,-0.24794280529022217,-0.017599446313283806,-0.07067036628723145,-0.30948029458522797,-0.051926200823686486,-0.07396847009658813,-0.2233610451221466,-0.05698036922683514,-0.06733769178390503,-0.1515718698501587,-0.054137056307695275,0.013932406902313232,-0.24698415398597717,-0.028179259585044747,-0.026844143867492676,-0.28207188844680786,-0.05905211119522846,-0.03814959526062012,-0.20802843570709229,-0.06119590400328434,-0.03466588258743286,-0.14177140593528748,-0.05751642732491291,No
0.0,0.0,0.0,-0.058339059352874756,-0.014573097229003906,-0.022830357179572047,-0.11263406276702881,-0.08054989576339722,-0.035813703537513675,-0.14372915029525757,-0.1490534543991089,-0.05042771562986559,-0.1775081753730774,-0.20377320051193237,-0.064865406007101,-0.108836829662323,-0.1986171007156372,-0.010795806870390834,-0.14968985319137573,-0.26961198449134827,-0.036651994437505664,-0.17591601610183716,-0.3062172532081604,-0.05900959983520693,-0.19716930389404297,-0.34518927335739136,-0.07534829840116686,-0.07623118162155151,-0.22986894845962524,-0.016321664080550136,-0.11940586566925049,-0.3117277920246124,-0.04490831062250322,-0.1521053910255432,-0.3499644994735718,-0.06631794139795488,-0.18068498373031616,-0.38830481469631195,-0.08016302004509157,-0.036694467067718506,-0.24443519115447998,-0.02576868176512903,-0.07356011867523193,-0.30935847759246826,-0.0661323697870273,-0.07354521751403809,-0.21928051114082336,-0.0728477047389049,-0.06747126579284668,-0.15030646324157715,-0.068940232843687,0.008352875709533691,-0.24406376481056213,-0.03707319438510126,-0.02792501449584961,-0.2832021117210388,-0.07283386156015581,-0.03762102127075195,-0.20946767926216125,-0.0751890645926494,-0.0356258749961853,-0.144963800907135,-0.07036131933384127,No
0.0,0.0,0.0,-0.05901831388473511,-0.01136702299118042,-0.024752741797257727,-0.1133347749710083,-0.07352101802825928,-0.038923755405832594,-0.1458292007446289,-0.1422247588634491,-0.054702844588447874,-0.18222260475158691,-0.1933537721633911,-0.07020230603068,-0.11151278018951416,-0.1967451274394989,-0.012398426538695162,-0.15251457691192627,-0.27458634972572327,-0.03778758284299499,-0.1777140498161316,-0.3177521377801895,-0.05879908066837913,-0.19774222373962402,-0.36489108204841614,-0.07431989174931175,-0.07824665307998657,-0.22873124480247498,-0.017644742621470755,-0.12267786264419556,-0.3214598298072815,-0.046934325365711516,-0.15571582317352295,-0.3687531650066376,-0.06854478281586296,-0.1838410496711731,-0.4178739935159683,-0.08198396128265983,-0.037935495376586914,-0.24209970235824585,-0.026761457441736525,-0.07295244932174683,-0.3097088634967804,-0.0691840873345626,-0.07436555624008179,-0.21633237600326538,-0.07679165911524422,-0.06943404674530029,-0.14638328552246094,-0.0722111464723838,0.008066892623901367,-0.24058634042739868,-0.0376482942387355,-0.02688390016555786,-0.2788187861442566,-0.0743209944352401,-0.03705406188964844,-0.20454207062721252,-0.07682503026573784,-0.03602808713912964,-0.14065563678741455,-0.07146970939486152,No
0.0,0.0,0.0,-0.05933821201324463,-0.009291648864746094,-0.02413522926834233,-0.11410629749298096,-0.07481694221496582,-0.03743150001135476,-0.14858442544937134,-0.1452159285545349,-0.05274377679196007,-0.1871289610862732,-0.189555823802948,-0.06757293557491906,-0.11440110206604004,-0.19999676942825317,-0.0118424064454139,-0.1537427306175232,-0.28621524572372437,-0.037223405295282674,-0.1768183708190918,-0.33930791914463043,-0.056705779486566854,-0.19372642040252686,-0.39237724244594574,-0.07077203606930382,-0.08122050762176514,-0.23105955123901367,-0.01797028919425614,-0.12767362594604492,-0.33344364166259766,-0.048659819268852544,-0.15766620635986328,-0.3918741047382355,-0.07013500397768624,-0.18136489391326904,-0.44941116869449615,-0.08236937885847695,-0.04049891233444214,-0.24300119280815125,-0.02789339152839787,-0.07344764471054077,-0.3109973073005676,-0.07166375135746605,-0.07376474142074585,-0.21881049871444702,-0.07854211991396554,-0.06963396072387695,-0.1492995023727417,-0.07207699035969384,0.005726635456085205,-0.24111473560333252,-0.039576406681209875,-0.028136610984802246,-0.2789801359176636,-0.07624730383721001,-0.037371277809143066,-0.2065640389919281,-0.07804951732721932,-0.03715407848358154,-0.14407044649124146,-0.07140412097540505,No
0.0,0.0,0.0,-0.06109786033630371,-0.009569764137268066,-0.021288973082631557,-0.11941975355148315,-0.07858145236968994,-0.032332659502356975,-0.1576574444770813,-0.14539271593093872,-0.04584774820956561,-0.1977505087852478,-0.17691326141357422,-0.05915721579346034,-0.11473244428634644,-0.2021302878856659,-0.0101027822017965,-0.15105921030044556,-0.29279404878616333,-0.03346211909207675,-0.17204231023788452,-0.34923797845840454,-0.051726654906600444,-0.18757104873657227,-0.40436188876628876,-0.06520770936164233,-0.08171558380126953,-0.2317986786365509,-0.01718301585766646,-0.1248278021812439,-0.3376176357269287,-0.04631650148782107,-0.1537122130393982,-0.4010215252637863,-0.06712473629865023,-0.17629992961883545,-0.46094661951065063,-0.07898051737698886,-0.040697336196899414,-0.24272093176841736,-0.027573157836526363,-0.07197582721710205,-0.31190912425518036,-0.06954121290597293,-0.07310837507247925,-0.22059985995292664,-0.0754774182930884,-0.06969785690307617,-0.14924710988998413,-0.06838776617202136,0.005287289619445801,-0.23952773213386536,-0.039580878604978054,-0.026906371116638184,-0.2811666429042816,-0.0742472901836333,-0.036171674728393555,-0.21085479855537415,-0.07464947997483584,-0.03597134351730347,-0.14792758226394653,-0.0671206980839667,No
0.0,0.0,0.0,-0.060428738594055176,-0.010595381259918213,-0.02046311936366685,-0.11920005083084106,-0.0771489143371582,-0.03147793292093404,-0.15829980373382568,-0.1373797357082367,-0.045049660941840486,-0.19810336828231812,-0.16549772024154663,-0.05862335591602452,-0.11722153425216675,-0.20373976230621338,-0.011675626142205076,-0.15230733156204224,-0.29695093631744385,-0.03464656426596768,-0.17176270484924316,-0.3548702597618103,-0.05193309216785558,-0.18532145023345947,-0.4112249165773392,-0.06456695227909215,-0.08326929807662964,-0.23243659734725952,-0.01914160615790017,-0.12558019161224365,-0.33810389041900635,-0.04799443214225896,-0.15290212631225586,-0.4028964340686798,-0.06808420001554616,-0.1730741262435913,-0.463975727558136,-0.07938410072612889,-0.04146522283554077,-0.24168530106544495,-0.02969245157230027,-0.07166153192520142,-0.309182733297348,-0.07142816214847691,-0.07368719577789307,-0.21821844577789307,-0.07751486926365025,-0.07062190771102905,-0.1470290720462799,-0.07053363799142964,0.005089879035949707,-0.23612067103385925,-0.04166590525794156,-0.027042031288146973,-0.2756834626197815,-0.07601427017736562,-0.036390841007232666,-0.20557114481925964,-0.07637196510124333,-0.035948872566223145,-0.1433773934841156,-0.06883751331853993,No
0.0,0.0,0.0,-0.06376320123672485,-0.030705690383911133,-0.011378388208186152,-0.11576724052429199,-0.11572295427322388,-0.016651051406597617,-0.14252722263336182,-0.20108813047409058,-0.026021169786190512,-0.16835367679595947,-0.2606375813484192,-0.035293128629064086,-0.09438753128051758,-0.20067888498306274,0.020901061306858537,-0.12883102893829346,-0.26374292373657227,0.0018345128662531351,-0.15638744831085205,-0.281877338886261,-0.017336711575126174,-0.17962145805358887,-0.29542648792266846,-0.03009466483149481,-0.0654294490814209,-0.22511541843414307,0.014832885648274896,-0.10550355911254883,-0.2912755012512207,-0.00762202991995764,-0.1357141137123108,-0.2870027720928192,-0.02567683561596823,-0.1582421064376831,-0.28431713581085205,-0.03503988711986494,-0.031215190887451172,-0.23865783214569092,0.004140475477242944,-0.07232064008712769,-0.3125283122062683,-0.025990136255359175,-0.07427304983139038,-0.22876977920532227,-0.031513307531213286,-0.0648537278175354,-0.15831181406974792,-0.028041962821816924,0.00927656888961792,-0.24244508147239685,-0.007782094933872941,-0.03147315979003906,-0.2861723005771637,-0.033951808054780486,-0.04162782430648804,-0.218122661113739,-0.03538420452628088,-0.03501051664352417,-0.15340816974639893,-0.03098963416073275,No
0.0,0.0,0.0,-0.05807769298553467,-0.0311395525932312,-0.01620936932431505,-0.10827165842056274,-0.09766286611557007,-0.026492690466511704,-0.1343611478805542,-0.16469240188598633,-0.03951605761812971,-0.15688300132751465,-0.2201189398765564,-0.052005961336362816,-0.09734219312667847,-0.21202275156974792,0.0050069021208400954,-0.12816977500915527,-0.2590908706188202,-0.01921776848303125,-0.15115708112716675,-0.27248382568359375,-0.04110135862993047,-0.17118734121322632,-0.2865021824836731,-0.05558457950519369,-0.06393849849700928,-0.2368432581424713,-0.0005957737184871803,-0.10419750213623047,-0.29097259044647217,-0.02736296112107084,-0.12822914123535156,-0.27695906162261963,-0.04511056075261877,-0.14495748281478882,-0.2659948468208313,-0.05438431704806135,-0.026222586631774902,-0.24939364194869995,-0.010763898290861107,-0.06403720378875732,-0.3062106966972351,-0.04521394128369138,-0.06442010402679443,-0.21932503581047058,-0.04963016117380903,-0.05590301752090454,-0.14646649360656738,-0.04521016756461904,0.016810834407806396,-0.2482723891735077,-0.02253374623523996,-0.01963949203491211,-0.2833769917488098,-0.051813293047416664,-0.029812395572662354,-0.20967578887939453,-0.052764516122806526,-0.026061594486236572,-0.14316505193710327,-0.0477734951155071,No
0.0,0.0,0.0,-0.051384150981903076,-0.008084535598754883,-0.03744376517128423,-0.10511499643325806,-0.036805033683776855,-0.06575043565821126,-0.14319366216659546,-0.03742736577987671,-0.09378294713091329,-0.17866253852844238,-0.009420990943908691,-0.12236817247461751,-0.1192581057548523,-0.18485373258590698,-0.05599926105927899,-0.15657103061676025,-0.2441498339176178,-0.09739331967424825,-0.17856407165527344,-0.2832504212856293,-0.12499602950405553,-0.19438523054122925,-0.3309590518474579,-0.1433182961423345,-0.08299124240875244,-0.23176947236061096,-0.05847378514003232,-0.12510532140731812,-0.26899439096450806,-0.10498803175281957,-0.15266764163970947,-0.3006766736507416,-0.12873660094332173,-0.17527556419372559,-0.3411352038383484,-0.14118889040541127,-0.0397225022315979,-0.25919610261917114,-0.06435779548477605,-0.05520373582839966,-0.2232246994972229,-0.11739978260588124,-0.04758024215698242,-0.11126625537872314,-0.12399450010847524,-0.04081672430038452,-0.03764498233795166,-0.11648407644819692,0.006628274917602539,-0.2653561234474182,-0.07389169252705052,-0.0034473538398742676,-0.2126094400882721,-0.11254720456194356,-0.008606493473052979,-0.12606778740882874,-0.11631038106274083,-0.010326266288757324,-0.0684133768081665,-0.11130060321878865,No
0.0,0.0,0.0,-0.0513768196105957,-0.02107381820678711,-0.0187340681696071,-0.10095435380935669,-0.0692712664604187,-0.03015275348664659,-0.13682228326797485,-0.10066530108451843,-0.04321928185166257,-0.17550146579742432,-0.0976724922657013,-0.05656177040876287,-0.11601775884628296,-0.2085091769695282,-0.013388734802020963,-0.15268492698669434,-0.238243967294693,-0.037832005440606054,-0.17594683170318604,-0.26370447874069214,-0.059919169663800176,-0.19251549243927002,-0.3071568012237549,-0.07663501661957639,-0.08078688383102417,-0.2500569522380829,-0.018925518288625653,-0.12718987464904785,-0.27541589736938477,-0.042412737875594075,-0.1567876935005188,-0.28929007053375244,-0.06035736066044706,-0.17983490228652954,-0.3217679262161255,-0.07322362673224347,-0.03776043653488159,-0.27351123094558716,-0.027277514829648908,-0.06583952903747559,-0.25939714908599854,-0.06140960988344091,-0.06085479259490967,-0.15405547618865967,-0.06708434086979764,-0.05247443914413452,-0.08201014995574951,-0.06400117140950101,0.007905662059783936,-0.2768954336643219,-0.037756870060576375,-0.016797780990600586,-0.2442142367362976,-0.06438321483076948,-0.023309171199798584,-0.1619013249874115,-0.06502269816340345,-0.021921277046203613,-0.1030157208442688,-0.060564084469689305,No
0.0,0.0,0.0,-0.04866093397140503,-0.01963675022125244,-0.01943316739095735,-0.09782922267913818,-0.07701396942138672,-0.032581123151317115,-0.12689721584320068,-0.1301969289779663,-0.04690250251485395,-0.1572670340538025,-0.1590510904788971,-0.06109976638151693,-0.10283058881759644,-0.20967066287994385,-0.007558992691770072,-0.13781952857971191,-0.230596125125885,-0.035394719429746146,-0.15621113777160645,-0.23672711849212646,-0.058947800286546226,-0.168656587600708,-0.24175140261650085,-0.07347344849301862,-0.06871813535690308,-0.24156513810157776,-0.01118284985466289,-0.10760807991027832,-0.2813442051410675,-0.03811353687240171,-0.12919938564300537,-0.2653656005859375,-0.054423159547582145,-0.14484244585037231,-0.24941274523735046,-0.06237063054038572,-0.029768645763397217,-0.25695618987083435,-0.018757675402298446,-0.06587237119674683,-0.27589574456214905,-0.05212459210349607,-0.06225025653839111,-0.18254518508911133,-0.05575889591170835,-0.051340341567993164,-0.10554170608520508,-0.05045884344770002,0.01283031702041626,-0.2547015845775604,-0.028265376203194137,-0.02123570442199707,-0.25188127160072327,-0.05455013234211492,-0.028811633586883545,-0.17583715915679932,-0.05466984827114629,-0.0240248441696167,-0.1130819320678711,-0.04922174904538679,No
0.0,0.0,0.0,-0.048817992210388184,-0.022472739219665527,-0.022775202087558455,-0.09870350360870361,-0.07280820608139038,-0.038890301279224104,-0.12861096858978271,-0.12120792269706726,-0.05531608968178148,-0.15001583099365234,-0.16366028785705566,-0.07029965057174081,-0.10209369659423828,-0.19675511121749878,-0.014414881385363287,-0.13885289430618286,-0.22271931171417236,-0.045397593669093794,-0.15119624137878418,-0.2222394049167633,-0.06798089577952737,-0.15710318088531494,-0.20862168073654175,-0.07973088606397027,-0.06852990388870239,-0.22923234105110168,-0.015834537364042944,-0.1069871187210083,-0.27346599102020264,-0.046848221711314864,-0.11957120895385742,-0.24298760294914246,-0.06157122462192888,-0.12578195333480835,-0.20473435521125793,-0.06636401548186655,-0.03100883960723877,-0.2476719319820404,-0.021582908026374525,-0.06602662801742554,-0.2807978093624115,-0.05685550629297609,-0.06306260824203491,-0.19352510571479797,-0.05881349279681558,-0.05261492729187012,-0.11674806475639343,-0.05168162568608636,0.010701119899749756,-0.24838891625404358,-0.02938728689352388,-0.022153079509735107,-0.25090643763542175,-0.058673075429595656,-0.02847534418106079,-0.1764758825302124,-0.06003986208835954,-0.02291107177734375,-0.1129671037197113,-0.05434925764004106,No
0.0,0.0,0.0,-0.05128169059753418,-0.02009272575378418,-0.020693529942974465,-0.09949058294296265,-0.07686835527420044,-0.03486483039890231,-0.12853705883026123,-0.13046795129776,-0.05006811636124553,-0.15941470861434937,-0.1575583815574646,-0.06527444961105289,-0.10154104232788086,-0.1978985071182251,-0.009134315500006096,-0.13511890172958374,-0.2228686809539795,-0.036465095901832,-0.15431469678878784,-0.23293572664260864,-0.05980661752258243,-0.1686943769454956,-0.2454594075679779,-0.07482259216342868,-0.06814014911651611,-0.2298206090927124,-0.01242298873697223,-0.10792338848114014,-0.27686551213264465,-0.03863774853383006,-0.13128358125686646,-0.2671724855899811,-0.05515374856625499,-0.14820826053619385,-0.26002073287963867,-0.06419907006059589,-0.029818713665008545,-0.24620473384857178,-0.019661978432878868,-0.06598258018493652,-0.2788313627243042,-0.053411959284886734,-0.06398320198059082,-0.18699109554290771,-0.057636222416505234,-0.053785741329193115,-0.11231821775436401,-0.05320716890130939,0.012751758098602295,-0.24637824296951294,-0.028786274218902008,-0.02112424373626709,-0.25231507420539856,-0.05545970665846767,-0.029792606830596924,-0.1754598617553711,-0.055792572522506134,-0.025619804859161377,-0.1114562451839447,-0.0509948531035036,No
0.0,0.0,0.0,-0.051990807056427,-0.019137203693389893,-0.0209202713452612,-0.1008482575416565,-0.07098019123077393,-0.03392036102044926,-0.13129740953445435,-0.11825966835021973,-0.048231480934504134,-0.16275614500045776,-0.144497811794281,-0.06220989144671307,-0.112018883228302,-0.1957741379737854,-0.014715270430627925,-0.14903610944747925,-0.2484971284866333,-0.04108955553996907,-0.17248588800430298,-0.2809320092201233,-0.06499431125152455,-0.1886993646621704,-0.3239843249320984,-0.08301451645124303,-0.07588231563568115,-0.2284078299999237,-0.019332114898446662,-0.12078243494033813,-0.27940797805786133,-0.045931568660620314,-0.14836549758911133,-0.30480822920799255,-0.06723838142383443,-0.1700947880744934,-0.34026436507701874,-0.08242912433374272,-0.03361809253692627,-0.24775430560112,-0.02706592559147225,-0.06641232967376709,-0.2721481919288635,-0.06348822108733998,-0.060153961181640625,-0.17526566982269287,-0.07063009432781087,-0.04884147644042969,-0.10250380635261536,-0.06867848179567204,0.012162864208221436,-0.2523174583911896,-0.03680228657353268,-0.019372403621673584,-0.24783843755722046,-0.06769553414810048,-0.025564372539520264,-0.16977864503860474,-0.07057780615318165,-0.020855069160461426,-0.10885396599769592,-0.06728198967206822,No
0.0,0.0,0.0,-0.05330336093902588,-0.0135345458984375,-0.022186490196929753,-0.10201728343963623,-0.06574338674545288,-0.035373056728587926,-0.13054722547531128,-0.11387842893600464,-0.0501087517032488,-0.1626071333885193,-0.14120632410049438,-0.06458219741676885,-0.1151195764541626,-0.19587212800979614,-0.018549802202926458,-0.15311390161514282,-0.26163092255592346,-0.04567513098214704,-0.17565929889678955,-0.3003901243209839,-0.06827958529089528,-0.19106489419937134,-0.34677597880363464,-0.08464197670315343,-0.07809263467788696,-0.22775313258171082,-0.023618756283269704,-0.1235014796257019,-0.2896362841129303,-0.05273694773410398,-0.15220481157302856,-0.3246959298849106,-0.0743687883505686,-0.17524534463882446,-0.3670824319124222,-0.08849517111872274,-0.0349155068397522,-0.24514204263687134,-0.031707292843805135,-0.06429558992385864,-0.2713484466075897,-0.07202797983978826,-0.05822408199310303,-0.1691317856311798,-0.07894756500814992,-0.04878556728363037,-0.09412288665771484,-0.07481060777996618,0.011612474918365479,-0.24741283059120178,-0.04169725855086881,-0.0160486102104187,-0.24948516488075256,-0.07484783088062841,-0.023173153400421143,-0.16967105865478516,-0.07668872778509694,-0.021541237831115723,-0.10652479529380798,-0.07155331825111944,No
0.0,0.0,0.0,-0.05429339408874512,-0.024355769157409668,-0.015051320507069477,-0.10268282890319824,-0.09063929319381714,-0.023529744087596782,-0.13051462173461914,-0.15210583806037903,-0.03406874494149292,-0.16068172454833984,-0.18277513980865479,-0.044817392094870456,-0.10179060697555542,-0.2105974555015564,-0.0007613539554824911,-0.13929295539855957,-0.2511626183986664,-0.020828878818889507,-0.1644686460494995,-0.27565714716911316,-0.04081042887165154,-0.18296420574188232,-0.3117876350879669,-0.05643041835620011,-0.06827771663665771,-0.23745793104171753,-0.00653569105534757,-0.11344718933105469,-0.28536608815193176,-0.027213527201553234,-0.14435148239135742,-0.29900965094566345,-0.044270892008086093,-0.16764581203460693,-0.3238762617111206,-0.05649633364274109,-0.028741657733917236,-0.2511606514453888,-0.015454038358171829,-0.0651504397392273,-0.2842974066734314,-0.04690030620886887,-0.06356924772262573,-0.18978151679039001,-0.051833968921442874,-0.053973495960235596,-0.1185636818408966,-0.049351554675837406,0.014901876449584961,-0.2508494257926941,-0.025895890160342105,-0.02037036418914795,-0.26006385684013367,-0.052958928360482105,-0.029116272926330566,-0.1819983422756195,-0.05348071114613617,-0.024552762508392334,-0.1195421814918518,-0.049295168681879886,No
0.0,0.0,0.0,-0.053347110748291016,-0.028300046920776367,-0.018483413627905065,-0.09996718168258667,-0.09371310472488403,-0.030502304679316694,-0.1260385513305664,-0.15688011050224304,-0.04368511053041857,-0.1516488790512085,-0.19821897149085999,-0.056207427999538595,-0.10243630409240723,-0.20347654819488525,-0.005057789629859144,-0.13739663362503052,-0.23831722140312195,-0.03077951843158644,-0.15415138006210327,-0.2468813955783844,-0.050106721243423635,-0.16330838203430176,-0.24814197421073914,-0.06123031141476076,-0.06793850660324097,-0.23213917016983032,-0.008095092384678537,-0.10465985536575317,-0.28304120898246765,-0.034508241585058386,-0.12337470054626465,-0.2646375298500061,-0.04735260294989985,-0.13483327627182007,-0.24497321248054504,-0.05203481974319857,-0.02965855598449707,-0.24664306640625,-0.015403786918682272,-0.0643761157989502,-0.2899385690689087,-0.04920790182666224,-0.0624997615814209,-0.20146554708480835,-0.05019286858157557,-0.0515020489692688,-0.12872380018234253,-0.04271242233232897,0.013085246086120605,-0.24590471386909485,-0.024239229282898123,-0.02286738157272339,-0.26657697558403015,-0.052101651451152975,-0.03124314546585083,-0.1916784644126892,-0.05147184642271441,-0.02578604221343994,-0.12787848711013794,-0.044913331291240866,No
0.0,0.0,0.0,-0.048699021339416504,-0.0003141164779663086,-0.03383213499660087,-0.10329371690750122,-0.027901053428649902,-0.05734847704047752,-0.14126521348953247,-0.024184346199035645,-0.08207263643021179,-0.17767488956451416,0.011486530303955078,-0.10703607494110656,-0.12670296430587769,-0.18614095449447632,-0.038941132222362285,-0.16126054525375366,-0.2820434272289276,-0.06914302552218032,-0.1804816722869873,-0.34105736017227173,-0.08664917791361404,-0.19289648532867432,-0.39952485263347626,-0.09756108218903137,-0.09022563695907593,-0.22789445519447327,-0.043153865580507045,-0.1310262680053711,-0.3163991868495941,-0.08040182883019042,-0.15420299768447876,-0.37934115529060364,-0.10034726405615402,-0.17085576057434082,-0.44318415224552155,-0.10929947937006546,-0.04646134376525879,-0.24557989835739136,-0.050888011549659495,-0.056974172592163086,-0.23989856243133545,-0.09974012369389129,-0.05258888006210327,-0.13203716278076172,-0.10713992113346649,-0.05016064643859863,-0.056741952896118164,-0.09827968323702407,-0.00037598609924316406,-0.24452289938926697,-0.061489748154826884,-0.008937597274780273,-0.22335565090179443,-0.09573232228035522,-0.01389700174331665,-0.14212268590927124,-0.09670640373701644,-0.019185423851013184,-0.08279013633728027,-0.08930795485252929,No
0.0,0.0,0.0,-0.047162413597106934,-0.001087188720703125,-0.03262732828085291,-0.09961497783660889,-0.02911287546157837,-0.05569101402585375,-0.13758498430252075,-0.03449583053588867,-0.0800642473441826,-0.1746835708618164,-0.008630037307739258,-0.1046461565238701,-0.12392652034759521,-0.17885804176330566,-0.03907183090274202,-0.16151481866836548,-0.2676943242549896,-0.06985646018807756,-0.18321752548217773,-0.3232531249523163,-0.08808230141227114,-0.1976945996284485,-0.3788858950138092,-0.09932411739652025,-0.08893561363220215,-0.2215276062488556,-0.043380252067493075,-0.1321505308151245,-0.3022492825984955,-0.0813580928189026,-0.15727132558822632,-0.35933107137680054,-0.1020419848901497,-0.17594605684280396,-0.41844984889030457,-0.111407752130674,-0.04590582847595215,-0.2416858673095703,-0.05082622075502741,-0.0585288405418396,-0.23313146829605103,-0.09982253143613207,-0.05115026235580444,-0.12638425827026367,-0.10679514238660204,-0.04541999101638794,-0.051352858543395996,-0.09769980141942369,0.00034558773040771484,-0.24375119805335999,-0.060941397194312685,-0.010571539402008057,-0.22402295470237732,-0.09442922750537264,-0.014035642147064209,-0.14464625716209412,-0.09411357620780336,-0.016566872596740723,-0.08508241176605225,-0.08582429865424501,No
0.0,0.0,0.0,-0.05071288347244263,-0.0010662674903869629,-0.03190365052500965,-0.10329443216323853,-0.03179502487182617,-0.054002370598709604,-0.1413884162902832,-0.04272812604904175,-0.07740672296563389,-0.1779349446296692,-0.020989537239074707,-0.1011343485740781,-0.1239696741104126,-0.1784234642982483,-0.03756259000579121,-0.1619560718536377,-0.2648434042930603,-0.06776520973721745,-0.18400996923446655,-0.3185592591762543,-0.08559714621583225,-0.19893544912338257,-0.37335970997810364,-0.0969013682631612,-0.08925414085388184,-0.22294160723686218,-0.0419053024677396,-0.13286346197128296,-0.30051785707473755,-0.08044120288172962,-0.15929102897644043,-0.3555372655391693,-0.10179792708436253,-0.17908787727355957,-0.4130806475877762,-0.11170950150767567,-0.04706603288650513,-0.2447795271873474,-0.049270812335407754,-0.061098456382751465,-0.23535001277923584,-0.09921253836432697,-0.05455905199050903,-0.12846753001213074,-0.10722979522029163,-0.04914402961730957,-0.05359989404678345,-0.09895123160163166,-0.001631021499633789,-0.24812239408493042,-0.05919862902442219,-0.013740181922912598,-0.2243162989616394,-0.0952761880187154,-0.01652669906616211,-0.1411648690700531,-0.09692711746970417,-0.018094182014465332,-0.07876729965209961,-0.08969991272965672,No
0.0,0.0,0.0,-0.0498814582824707,-0.0058997273445129395,-0.02825849518726642,-0.10341542959213257,-0.052722275257110596,-0.045327982088430474,-0.13988274335861206,-0.0850134789943695,-0.06349767201195533,-0.1738337278366089,-0.08592548966407776,-0.08153066985855872,-0.11961686611175537,-0.17656445503234863,-0.030051849936945985,-0.160020649433136,-0.24586573243141174,-0.05840273775707061,-0.18361228704452515,-0.28492358326911926,-0.07801236413965995,-0.1999300718307495,-0.32993146777153015,-0.09153020583639915,-0.08362191915512085,-0.21839022636413574,-0.033724175920589516,-0.12931197881698608,-0.2756127417087555,-0.06680266760836417,-0.15914416313171387,-0.31401902437210083,-0.08767607264767463,-0.18248772621154785,-0.3572011739015579,-0.09963607989798362,-0.0414581298828125,-0.24236923456192017,-0.04042076521168525,-0.06384789943695068,-0.2445802092552185,-0.08325892143498237,-0.05798697471618652,-0.14039525389671326,-0.08909525923977668,-0.05109059810638428,-0.06565797328948975,-0.08263530038843925,0.0042153000831604,-0.24887320399284363,-0.049695892413957665,-0.01650005578994751,-0.2327653169631958,-0.08217713438521201,-0.020846903324127197,-0.1527290642261505,-0.08320377968798454,-0.020907044410705566,-0.08986186981201172,-0.07707698844919975,No
0.0,0.0,0.0,-0.05162763595581055,-0.011706352233886719,-0.02515158971937126,-0.10302674770355225,-0.05890297889709473,-0.03986907920034355,-0.13769429922103882,-0.09593009948730469,-0.05562279170544571,-0.17115181684494019,-0.10055333375930786,-0.07120242139490074,-0.115872323513031,-0.18536609411239624,-0.024960553107575834,-0.15268594026565552,-0.242220938205719,-0.05373793637545532,-0.17597299814224243,-0.2772766053676605,-0.07639426162631935,-0.19313877820968628,-0.3207608461380005,-0.09266875853927559,-0.08030962944030762,-0.2239537239074707,-0.028597011996225774,-0.12230104207992554,-0.26746079325675964,-0.060094253925399244,-0.15056031942367554,-0.29392683506011963,-0.08120402118356651,-0.17417049407958984,-0.3297114968299866,-0.09443441948087639,-0.03835850954055786,-0.2473108470439911,-0.0352852584996981,-0.06376451253890991,-0.2490505576133728,-0.07610894909294075,-0.05791217088699341,-0.14734941720962524,-0.08243896236808723,-0.049626827239990234,-0.0741000771522522,-0.07762918790967888,0.006475627422332764,-0.25431373715400696,-0.04441575875671333,-0.016508877277374268,-0.23522114753723145,-0.07662607154043144,-0.021489620208740234,-0.15792369842529297,-0.07904154231937355,-0.019679248332977295,-0.09873294830322266,-0.07431436499746269,No
0.0,0.0,0.0,-0.05369001626968384,-0.01769310235977173,-0.01886767728990435,-0.10351347923278809,-0.06662195920944214,-0.029552426401437515,-0.13549119234085083,-0.10527455806732178,-0.041419964495958084,-0.16781377792358398,-0.11221957206726074,-0.0532728472984445,-0.11451613903045654,-0.19993996620178223,-0.013862549539567226,-0.14852041006088257,-0.22579684853553772,-0.040688775692046875,-0.170881450176239,-0.25160059332847595,-0.06579674801594138,-0.1867169737815857,-0.29404374957084656,-0.08456052115923285,-0.07893943786621094,-0.2368243932723999,-0.01850236414736628,-0.12123686075210571,-0.2633529305458069,-0.0442343281841886,-0.14931941032409668,-0.2790064513683319,-0.06469565651184439,-0.171639084815979,-0.31075289845466614,-0.07939634493357062,-0.036942899227142334,-0.258860319852829,-0.026042269755066627,-0.06588917970657349,-0.2538694739341736,-0.06190589091545462,-0.061999380588531494,-0.15271997451782227,-0.06886379441982626,-0.053388118743896484,-0.08076256513595581,-0.06655287763840079,0.0075383782386779785,-0.263660728931427,-0.03560223079091429,-0.01871943473815918,-0.23567384481430054,-0.06480561963087439,-0.02539193630218506,-0.1557425856590271,-0.06737473628288626,-0.023096740245819092,-0.09851229190826416,-0.06397476813560843,No
0.0,0.0,0.0,-0.05019581317901611,-0.0191231369972229,-0.02119640642649756,-0.10207247734069824,-0.07064825296401978,-0.036103893163272005,-0.13208717107772827,-0.1198616623878479,-0.051586721184321505,-0.15175378322601318,-0.1578163504600525,-0.06583034628874884,-0.10073995590209961,-0.20087987184524536,-0.011229250671931368,-0.13615691661834717,-0.2200358808040619,-0.040718488487073046,-0.15161526203155518,-0.21390706300735474,-0.0628511198783599,-0.16227221488952637,-0.19304516911506653,-0.07400347674138175,-0.06819385290145874,-0.2353534996509552,-0.013058999645181757,-0.10780197381973267,-0.2715398073196411,-0.0423709155047618,-0.12674903869628906,-0.2401147484779358,-0.057753041478463274,-0.13900870084762573,-0.1977689266204834,-0.06287222737319098,-0.03154236078262329,-0.2540343105792999,-0.0189703424448453,-0.06689739227294922,-0.2671997845172882,-0.05220079058653937,-0.06451284885406494,-0.17530053853988647,-0.05494090923912154,-0.055069923400878906,-0.09501463174819946,-0.048356775286265474,0.00849008560180664,-0.25314778089523315,-0.02689517857379542,-0.025111913681030273,-0.24401134252548218,-0.052943926396437746,-0.030885815620422363,-0.16993895173072815,-0.05306147793180571,-0.0252951979637146,-0.10765206813812256,-0.0467063338483058,No
0.0,0.0,0.0,-0.05179178714752197,-0.02277272939682007,-0.023681247305660236,-0.10385149717330933,-0.07543569803237915,-0.04059755958297728,-0.13642561435699463,-0.12374114990234375,-0.05786063678243636,-0.15495532751083374,-0.1633489727973938,-0.07365272350290297,-0.09945791959762573,-0.19693472981452942,-0.015025504563539016,-0.13494813442230225,-0.21731853485107422,-0.04449197061040877,-0.15053445100784302,-0.2054746448993683,-0.06448886699655532,-0.16230082511901855,-0.1776125133037567,-0.07367965735176085,-0.06687217950820923,-0.2303842008113861,-0.01613629765489577,-0.1077377200126648,-0.2675786316394806,-0.045794458758621204,-0.1254752278327942,-0.2326827049255371,-0.060093031894950855,-0.13637155294418335,-0.18761271238327026,-0.06456560797670363,-0.030433297157287598,-0.24833950400352478,-0.021400732618360507,-0.06726163625717163,-0.2647870182991028,-0.05533671535232543,-0.06509548425674438,-0.17366266250610352,-0.05747944645264624,-0.056217730045318604,-0.09530365467071533,-0.05063230327942847,0.009295523166656494,-0.24712246656417847,-0.028743048828630435,-0.024892210960388184,-0.2433149516582489,-0.05505783639529227,-0.030297279357910156,-0.16982129216194153,-0.05463175259211539,-0.025270581245422363,-0.10706043243408203,-0.04809198684671401,No
0.0,0.0,0.0,-0.05267167091369629,-0.019298315048217773,-0.019759875530724003,-0.1043139100074768,-0.07101833820343018,-0.03148599415493436,-0.1378486156463623,-0.1070871651172638,-0.04476545452547498,-0.16618335247039795,-0.10837483406066895,-0.05811802744341321,-0.11095643043518066,-0.19360145926475525,-0.01496829632145591,-0.14682632684707642,-0.22238311171531677,-0.0402931243128819,-0.1684994101524353,-0.24494239687919617,-0.06167307942581601,-0.18438494205474854,-0.28244146704673767,-0.07702749669027753,-0.07734715938568115,-0.23411688208580017,-0.019584408769731,-0.12108719348907471,-0.26217442750930786,-0.04422308578563161,-0.14813917875289917,-0.27449196577072144,-0.061114822322849705,-0.16887891292572021,-0.29912176728248596,-0.07238642572832532,-0.03635358810424805,-0.25882306694984436,-0.027268136659984066,-0.06601697206497192,-0.2461366355419159,-0.06170715838146634,-0.05970442295074463,-0.14465123414993286,-0.06672382056189008,-0.049892544746398926,-0.07218366861343384,-0.0626295700616879,0.008000016212463379,-0.26475974917411804,-0.037175231421713306,-0.017858445644378662,-0.23244443535804749,-0.06333916335773893,-0.022351205348968506,-0.152188241481781,-0.06398841440153547,-0.01918816566467285,-0.09197491407394409,-0.05933037474227376,No
0.0,0.0,0.0,-0.04837203025817871,0.00043517351150512695,-0.031251295610957186,-0.1021924614906311,-0.028942584991455078,-0.052702780022912066,-0.1403636336326599,-0.03445541858673096,-0.07550454433231835,-0.17738378047943115,-0.008616983890533447,-0.09858415569334511,-0.12362885475158691,-0.17746847867965698,-0.03737822468548302,-0.1602720022201538,-0.27158886194229126,-0.06617390657930855,-0.18072736263275146,-0.32786640524864197,-0.08263910110264305,-0.19415557384490967,-0.38437578082084656,-0.09252586509256844,-0.0877106785774231,-0.22188502550125122,-0.041135019763999026,-0.13007545471191406,-0.302630215883255,-0.07651082719831948,-0.1539088487625122,-0.36034291982650757,-0.09609512533216957,-0.17137420177459717,-0.4196194261312485,-0.10472561712532524,-0.04441899061203003,-0.24466735124588013,-0.04779241900115494,-0.05933701992034912,-0.2291002869606018,-0.09387563462524895,-0.051433265209198,-0.12262529134750366,-0.10115918810635094,-0.045030057430267334,-0.047820985317230225,-0.09257950927286629,0.0015813708305358887,-0.2497049868106842,-0.05703325490623001,-0.011767327785491943,-0.2227834165096283,-0.0882103845027018,-0.014547348022460938,-0.14290690422058105,-0.08794922675161843,-0.015713810920715332,-0.08259496092796326,-0.07980095888643746,No
0.0,0.0,0.0,-0.05066317319869995,-0.0026137828826904297,-0.03178745885321632,-0.10212475061416626,-0.03380995988845825,-0.0531183332664682,-0.13860821723937988,-0.04560399055480957,-0.07565043498703972,-0.1747344732284546,-0.02413642406463623,-0.09822126110026375,-0.12504243850708008,-0.1757391095161438,-0.03796284277865425,-0.16235649585723877,-0.2626493275165558,-0.0690855496091558,-0.18396395444869995,-0.3152150511741638,-0.08756085117289558,-0.1978386640548706,-0.3700392246246338,-0.09903230895230308,-0.08994883298873901,-0.22110438346862793,-0.04169661183783546,-0.13281041383743286,-0.2923542559146881,-0.08095240225026146,-0.15827679634094238,-0.3450877070426941,-0.10306260366866127,-0.176291823387146,-0.40256135165691376,-0.11330134798714653,-0.04742377996444702,-0.24498170614242554,-0.04847123478481308,-0.060845911502838135,-0.22795575857162476,-0.09790680189558998,-0.05431365966796875,-0.1195618212223053,-0.10578712453076378,-0.04809147119522095,-0.04516422748565674,-0.09724184502789512,-0.0018658041954040527,-0.2502981126308441,-0.057831566826791914,-0.014023303985595703,-0.2209840714931488,-0.09217104692885414,-0.01701033115386963,-0.14107924699783325,-0.09356484939286247,-0.018101394176483154,-0.0830838680267334,-0.086254354612322,No
0.0,0.0,0.0,-0.04924243688583374,-0.012880802154541016,-0.022681657020598323,-0.10278552770614624,-0.06015169620513916,-0.035988358576446444,-0.13773441314697266,-0.09156426787376404,-0.05037390234008399,-0.16572296619415283,-0.08916282653808594,-0.06481681929960814,-0.11571866273880005,-0.17818531394004822,-0.020199946854859263,-0.15158110857009888,-0.21429681777954102,-0.04659675972595778,-0.17508763074874878,-0.2404213845729828,-0.06746669279471007,-0.19223618507385254,-0.27890804409980774,-0.0824241133226451,-0.08170807361602783,-0.2237594723701477,-0.023976340685635478,-0.12833666801452637,-0.25230175256729126,-0.051125975121408374,-0.1555446982383728,-0.268690288066864,-0.06926832513943282,-0.1764172911643982,-0.29627710580825806,-0.08092638270989028,-0.04089921712875366,-0.2534865140914917,-0.03081338832214442,-0.06623226404190063,-0.23579472303390503,-0.06830087469950286,-0.05653059482574463,-0.13399890065193176,-0.07468535171881285,-0.04658794403076172,-0.06155276298522949,-0.07073342965975371,0.003254234790802002,-0.2643652558326721,-0.03994196446672049,-0.016685664653778076,-0.22603067755699158,-0.06978099213972655,-0.019961655139923096,-0.14360320568084717,-0.07234763519898024,-0.019820868968963623,-0.08195841312408447,-0.06830684261456099,No
0.0,0.0,0.0,-0.047942936420440674,-0.01790374517440796,-0.022814739844193355,-0.10061699151992798,-0.06931424140930176,-0.03726681170462598,-0.13159537315368652,-0.11647331714630127,-0.051415400928249255,-0.15150010585784912,-0.1477125883102417,-0.06398952600954999,-0.10777360200881958,-0.20091938972473145,-0.01278363668768634,-0.1398838758468628,-0.20491757988929749,-0.040870489901294604,-0.14994943141937256,-0.1977246105670929,-0.061633294796934024,-0.15743613243103027,-0.18126732110977173,-0.07243721035717954,-0.0750119686126709,-0.24218451976776123,-0.013712949468185798,-0.11215078830718994,-0.25700297951698303,-0.04074765962957372,-0.1255517601966858,-0.22618526220321655,-0.054200398153056994,-0.13517522811889648,-0.18881192803382874,-0.058709005242576495,-0.03744536638259888,-0.26511910557746887,-0.01876254787146081,-0.06897467374801636,-0.25593632459640503,-0.050568705773343936,-0.06258893013000488,-0.16556903719902039,-0.051640356308212176,-0.05263209342956543,-0.08985728025436401,-0.04433934984206189,0.003918051719665527,-0.26648780703544617,-0.02618854341505994,-0.024876296520233154,-0.24187785387039185,-0.051305806612958804,-0.02872753143310547,-0.16568732261657715,-0.050506024038782016,-0.02440732717514038,-0.10502120852470398,-0.04361795110105504,No
0.0,0.0,0.0,-0.050101637840270996,-0.012926697731018066,-0.021364041719323268,-0.1003766655921936,-0.05657351016998291,-0.03622664802122699,-0.12970566749572754,-0.10360509157180786,-0.05152211629200565,-0.15739506483078003,-0.13732054829597473,-0.06624830060053455,-0.10549944639205933,-0.1889345347881317,-0.01154806848961698,-0.13404643535614014,-0.2006385624408722,-0.0405535838787614,-0.15129011869430542,-0.20153462886810303,-0.064469437230116,-0.16660064458847046,-0.2014252245426178,-0.07836836122322666,-0.07204747200012207,-0.23083633184432983,-0.013696172389870753,-0.10923576354980469,-0.25806865096092224,-0.03978159197021114,-0.13187670707702637,-0.2358689308166504,-0.05555137537766086,-0.14949536323547363,-0.21370989084243774,-0.06319265358496295,-0.03383004665374756,-0.254630982875824,-0.01971930556345569,-0.06675279140472412,-0.25299355387687683,-0.05188612558293926,-0.06233561038970947,-0.15655773878097534,-0.055404636192804446,-0.05195438861846924,-0.07877618074417114,-0.050119257647281756,0.007174491882324219,-0.2583845555782318,-0.027861661392933,-0.02358102798461914,-0.2333081066608429,-0.052172391790634265,-0.028217434883117676,-0.15520936250686646,-0.051867916363960376,-0.02261817455291748,-0.09333252906799316,-0.046065169501787295,No
0.0,0.0,0.0,-0.050595879554748535,-0.011850357055664062,-0.019623207980146162,-0.10092675685882568,-0.05752652883529663,-0.033168667116513006,-0.12932217121124268,-0.10462936758995056,-0.04757161543642496,-0.15743982791900635,-0.13523614406585693,-0.061806463756909125,-0.1061047911643982,-0.18982404470443726,-0.009947329880048983,-0.13638603687286377,-0.20325535535812378,-0.03739592165624117,-0.1545444130897522,-0.20657217502593994,-0.06009161204968905,-0.17028695344924927,-0.2099533975124359,-0.07339815528069948,-0.071647047996521,-0.23202991485595703,-0.012762437695016615,-0.10962492227554321,-0.2616821825504303,-0.03678561852251505,-0.13318151235580444,-0.2436661422252655,-0.05140383274232363,-0.1511669158935547,-0.22593626379966736,-0.05882539332782244,-0.03264540433883667,-0.2555292248725891,-0.019295987793555014,-0.06599950790405273,-0.25330063700675964,-0.05041115836178278,-0.06324321031570435,-0.15618956089019775,-0.05374049127971148,-0.05397379398345947,-0.07829064130783081,-0.04858857870971178,0.008795320987701416,-0.2589434087276459,-0.02777973481391882,-0.022799968719482422,-0.2350941300392151,-0.05108293623601412,-0.028592586517333984,-0.15651589632034302,-0.05018530518685793,-0.023859083652496338,-0.09320947527885437,-0.04426772997652506,No
0.0,0.0,0.0,-0.05276358127593994,-0.018798470497131348,-0.017989858445730533,-0.10438597202301025,-0.06962454319000244,-0.027685997468438472,-0.1370830535888672,-0.11152541637420654,-0.03857399469336542,-0.1662766933441162,-0.12377142906188965,-0.049182645437326755,-0.1128922700881958,-0.18733105063438416,-0.010127585773375358,-0.1471041440963745,-0.2145821452140808,-0.033216513154116,-0.168129563331604,-0.2308827042579651,-0.05396299010237726,-0.18379533290863037,-0.26180198788642883,-0.06889445280751261,-0.07951605319976807,-0.22843435406684875,-0.013604520280864563,-0.12157684564590454,-0.2535548806190491,-0.03497772237381014,-0.14693868160247803,-0.25897452235221863,-0.05100865608176264,-0.16594195365905762,-0.27740082144737244,-0.06237520968636545,-0.03894859552383423,-0.25532084703445435,-0.02014302780946764,-0.06937932968139648,-0.24880170822143555,-0.051319818404522266,-0.06391173601150513,-0.15049567818641663,-0.05666720813235315,-0.053581178188323975,-0.07929325103759766,-0.053960292992201175,0.004927277565002441,-0.2650591731071472,-0.028651186657157268,-0.022026360034942627,-0.23726344108581543,-0.05350843390544924,-0.026380598545074463,-0.15820270776748657,-0.05481148084720644,-0.021587073802947998,-0.09940803050994873,-0.05101966431459459,No
0.0,0.0,0.0,-0.05152571201324463,-0.017909586429595947,-0.01758987872204898,-0.1017640233039856,-0.06843215227127075,-0.026944008155680876,-0.1335585117340088,-0.11257413029670715,-0.03773082090816615,-0.16497260332107544,-0.13070762157440186,-0.048445586546279173,-0.11247456073760986,-0.1910860538482666,-0.007524094975508433,-0.14722061157226562,-0.22310587763786316,-0.03081803625724433,-0.17098194360733032,-0.24520093202590942,-0.05267211837968944,-0.1878122091293335,-0.279829204082489,-0.06867032913766025,-0.07846254110336304,-0.23045629262924194,-0.011656731798268538,-0.1227118968963623,-0.26067423820495605,-0.033434011473275405,-0.15179526805877686,-0.27160629630088806,-0.051191367640115004,-0.1735696792602539,-0.2959231436252594,-0.06381360112033008,-0.03704923391342163,-0.255481481552124,-0.019009978010274153,-0.0682491660118103,-0.253683865070343,-0.05181301428279994,-0.06291943788528442,-0.1533036231994629,-0.058481939568139296,-0.05178946256637573,-0.07978612184524536,-0.05618144614896892,0.0072907209396362305,-0.26375430822372437,-0.02817778146169303,-0.020648062229156494,-0.24041402339935303,-0.05537870941958545,-0.025202155113220215,-0.15938979387283325,-0.057479732169724684,-0.02005791664123535,-0.09846770763397217,-0.05371784461937068,No
0.0,0.0,0.0,-0.04975014925003052,-0.016550779342651367,-0.020528143076944616,-0.09908461570739746,-0.05966067314147949,-0.03551482948546436,-0.12654566764831543,-0.10530126094818115,-0.051279907851267126,-0.15478187799453735,-0.13690942525863647,-0.06676814871912029,-0.1067894697189331,-0.19714048504829407,-0.013671312286305692,-0.13694286346435547,-0.21427208185195923,-0.040980303465175894,-0.15891903638839722,-0.22545886039733887,-0.06464311647300747,-0.17603564262390137,-0.24330183863639832,-0.08039238470678356,-0.07206529378890991,-0.2370392382144928,-0.016704600109505918,-0.11243259906768799,-0.2597495913505554,-0.04082346501832035,-0.14173215627670288,-0.25866153836250305,-0.05655186045055416,-0.1644570231437683,-0.26370853185653687,-0.06713853198175457,-0.031974852085113525,-0.2599421739578247,-0.023415138750124243,-0.06619149446487427,-0.2548747956752777,-0.055944228349972036,-0.06231647729873657,-0.1582561433315277,-0.059693535594988134,-0.051610708236694336,-0.08072751760482788,-0.0560968981969836,0.010898828506469727,-0.26376479864120483,-0.032329415707636144,-0.02004683017730713,-0.2430328130722046,-0.0583397054958823,-0.027507662773132324,-0.1626502275466919,-0.05860167536025074,-0.024322867393493652,-0.09713083505630493,-0.05405693295483616,No
0.0,0.0,0.0,-0.05028349161148071,-0.012671411037445068,-0.020866780295449416,-0.10087776184082031,-0.05408388376235962,-0.036040075808244865,-0.12896305322647095,-0.09819149971008301,-0.05190544271417252,-0.15625685453414917,-0.13020741939544678,-0.06756178358145348,-0.1067313551902771,-0.1859954297542572,-0.014692097655910175,-0.13828474283218384,-0.20423492789268494,-0.04263646596618287,-0.16080498695373535,-0.21398961544036865,-0.06563787975855462,-0.17950302362442017,-0.22754988074302673,-0.0801308683449804,-0.07340550422668457,-0.22856980562210083,-0.017679200261312644,-0.11450541019439697,-0.25630590319633484,-0.041792493998485725,-0.14444023370742798,-0.25471046566963196,-0.05703410574741952,-0.16810250282287598,-0.25745293498039246,-0.06666997143574349,-0.03421461582183838,-0.2543739378452301,-0.024313789545971076,-0.06871849298477173,-0.2480430006980896,-0.05663969063706986,-0.06468349695205688,-0.15138190984725952,-0.06066324257798783,-0.053802311420440674,-0.07564806938171387,-0.056852337657886665,0.007892608642578125,-0.2603965401649475,-0.033040900468307655,-0.023791134357452393,-0.23619377613067627,-0.05787421086378686,-0.030203163623809814,-0.155284583568573,-0.05754223906942002,-0.02603912353515625,-0.09028017520904541,-0.05249906772323243,No
0.0,0.0,0.0,-0.04963773488998413,-0.015287399291992188,-0.020407953489154806,-0.09928584098815918,-0.05803704261779785,-0.03606207967135333,-0.1276499629020691,-0.10384678840637207,-0.05261130184265994,-0.15084528923034668,-0.14149907231330872,-0.0684134356710615,-0.10446387529373169,-0.19674554467201233,-0.010426867011517515,-0.1340564489364624,-0.2044886350631714,-0.03867183924052142,-0.15109026432037354,-0.19978231191635132,-0.06122200116845988,-0.16579794883728027,-0.18980267643928528,-0.07380483970376872,-0.07105392217636108,-0.2358730435371399,-0.013314036842018595,-0.10728442668914795,-0.2542736828327179,-0.0408994361791315,-0.1272793412208557,-0.22269582748413086,-0.057375400516718855,-0.14214777946472168,-0.18987983465194702,-0.06441780850622081,-0.03336817026138306,-0.25844287872314453,-0.019866253438920012,-0.06691747903823853,-0.2506861686706543,-0.051905344429940214,-0.06191354990005493,-0.15617087483406067,-0.05532834232184314,-0.0511440634727478,-0.07959675788879395,-0.04981752410861873,0.007070422172546387,-0.26029855012893677,-0.02843826003703498,-0.024785757064819336,-0.23580965399742126,-0.05264900923106097,-0.028384029865264893,-0.15742293000221252,-0.0519380748305025,-0.02158564329147339,-0.09530234336853027,-0.045436124506920805,No
0.0,0.0,0.0,-0.049983203411102295,-0.014130353927612305,-0.021943361567451802,-0.1019437313079834,-0.057215750217437744,-0.03820204089780077,-0.1323501467704773,-0.09968209266662598,-0.05497675861616358,-0.15560966730117798,-0.13504928350448608,-0.07072758029599413,-0.10841190814971924,-0.19140681624412537,-0.013789236614599076,-0.14169758558273315,-0.20025554299354553,-0.04230931501288637,-0.1575809121131897,-0.18992602825164795,-0.0631745393147014,-0.17169946432113647,-0.17083770036697388,-0.07384969394107088,-0.07597380876541138,-0.23080229759216309,-0.01655658062000498,-0.11594009399414062,-0.25501906871795654,-0.04491308058996424,-0.134060800075531,-0.22158634662628174,-0.06039398636121973,-0.1471201777458191,-0.18106281757354736,-0.06610901753802523,-0.03841215372085571,-0.2532341778278351,-0.023102617891623822,-0.07147037982940674,-0.24701514840126038,-0.056088236229612676,-0.06407314538955688,-0.153167724609375,-0.058836394058658925,-0.052840471267700195,-0.07738667726516724,-0.05247220869560465,0.002983272075653076,-0.254373699426651,-0.03164638678927645,-0.026982486248016357,-0.23594367504119873,-0.05624194543261751,-0.030033111572265625,-0.15901508927345276,-0.054500357316925374,-0.024695634841918945,-0.09777575731277466,-0.047115829842283574,No
0.0,0.0,0.0,-0.05212956666946411,-0.014862537384033203,-0.01575755994571182,-0.10278761386871338,-0.05827987194061279,-0.026246919443735806,-0.1338428258895874,-0.09554067254066467,-0.03798562209857437,-0.16515809297561646,-0.11263474822044373,-0.049412909110913006,-0.11250948905944824,-0.19068095088005066,-0.011115645205507008,-0.14464443922042847,-0.2120402753353119,-0.03574351887954208,-0.1679074764251709,-0.22647249698638916,-0.057851604333052364,-0.18663084506988525,-0.2520677149295807,-0.07329435568107101,-0.07880669832229614,-0.2304460108280182,-0.01593908589137527,-0.11898869276046753,-0.24789968132972717,-0.03774521048916313,-0.145271897315979,-0.24814748764038086,-0.05351543348086807,-0.16612356901168823,-0.2611476182937622,-0.06451199125302765,-0.03790593147277832,-0.25635337829589844,-0.023593568390140263,-0.0682252049446106,-0.24077531695365906,-0.05320321317566368,-0.06243002414703369,-0.14421385526657104,-0.056701379975208965,-0.051614224910736084,-0.07293975353240967,-0.05339515503300163,0.0057329535484313965,-0.26389995217323303,-0.03320029299510452,-0.02316880226135254,-0.22775068879127502,-0.056473660429844585,-0.02787911891937256,-0.1468850076198578,-0.05618608291996452,-0.022836685180664062,-0.08740562200546265,-0.05140780579102966,No
0.0,0.0,0.0,-0.04792553186416626,-0.001529097557067871,-0.027408900482114973,-0.10252386331558228,-0.043779730796813965,-0.0441399838752119,-0.13983136415481567,-0.07674705982208252,-0.06201607994502467,-0.17120647430419922,-0.0723080039024353,-0.0793819677061407,-0.12045568227767944,-0.17766261100769043,-0.031190297377762022,-0.1547449827194214,-0.26495033502578735,-0.05910696349805278,-0.17468857765197754,-0.3178020417690277,-0.07562347762053889,-0.18711698055267334,-0.3695933222770691,-0.08587392680114192,-0.08355730772018433,-0.21963408589363098,-0.03485398627584857,-0.12548857927322388,-0.29218751192092896,-0.07113055400317592,-0.15067195892333984,-0.34583160281181335,-0.09253072254126948,-0.16796451807022095,-0.3989878296852112,-0.10254502556985301,-0.040654540061950684,-0.24108460545539856,-0.04092071838444156,-0.061118483543395996,-0.2260150909423828,-0.08579657487338466,-0.05383598804473877,-0.12250903248786926,-0.09116341434186381,-0.0457615852355957,-0.04872971773147583,-0.08191284052794856,0.004563510417938232,-0.2455185353755951,-0.04925261325901431,-0.016750812530517578,-0.21838697791099548,-0.08062217645114345,-0.018600404262542725,-0.13964563608169556,-0.08016892783111018,-0.016879260540008545,-0.08020639419555664,-0.07179948948090953,No
0.0,0.0,0.0,-0.04950207471847534,-0.001105666160583496,-0.028461139721301265,-0.1058010458946228,-0.03534120321273804,-0.04770488671722717,-0.14576107263565063,-0.04639172554016113,-0.06853019080820388,-0.18248319625854492,-0.024029672145843506,-0.08958612017097778,-0.12293320894241333,-0.18251433968544006,-0.03310284770789451,-0.15599042177200317,-0.27531322836875916,-0.06068320579591102,-0.1747952699661255,-0.33135315775871277,-0.07661248378219909,-0.18631988763809204,-0.38640521466732025,-0.08630150936308212,-0.08670085668563843,-0.223333477973938,-0.037894368243840404,-0.1275087594985962,-0.30679023265838623,-0.07235863439503021,-0.15080958604812622,-0.3655388355255127,-0.09162681184473342,-0.1666751503944397,-0.4256371110677719,-0.10009684793415374,-0.043357789516448975,-0.24289387464523315,-0.0454562009102375,-0.061408817768096924,-0.23032617568969727,-0.09102978192034072,-0.05453479290008545,-0.12413424253463745,-0.09786200903120346,-0.047509849071502686,-0.04937851428985596,-0.08908818296852417,0.002000570297241211,-0.2445250153541565,-0.05532648421588249,-0.01648890972137451,-0.2204301357269287,-0.087087001723674,-0.018622517585754395,-0.13973933458328247,-0.0867990516847641,-0.017226576805114746,-0.07961279153823853,-0.07846789441767044,No
0.0,0.0,0.0,-0.050821542739868164,-0.0009423494338989258,-0.028774689383993746,-0.10939979553222656,-0.033315062522888184,-0.04787861692179263,-0.15180093050003052,-0.0391920804977417,-0.06853331761826098,-0.18937385082244873,-0.014821767807006836,-0.0894586308525902,-0.12635189294815063,-0.18231704831123352,-0.0325372977780205,-0.15947437286376953,-0.277286171913147,-0.058732928209195734,-0.1772180199623108,-0.33383235335350037,-0.07339300351608813,-0.1887199878692627,-0.38883861899375916,-0.08222513037193835,-0.09005838632583618,-0.2254449725151062,-0.036733673386464716,-0.13040262460708618,-0.3086395263671875,-0.06909738617409289,-0.15365523099899292,-0.366213321685791,-0.08712661402691424,-0.17063313722610474,-0.42390644550323486,-0.09484283762444079,-0.04664534330368042,-0.24664801359176636,-0.043812686078439356,-0.0640406608581543,-0.22774171829223633,-0.08693403887022555,-0.056215643882751465,-0.12377458810806274,-0.09409300374258578,-0.04942631721496582,-0.050936877727508545,-0.08600073444117129,-0.0015786290168762207,-0.24919643998146057,-0.053375927232394815,-0.018736839294433594,-0.2172686755657196,-0.082915784292112,-0.02059239149093628,-0.13825824856758118,-0.08307141201962054,-0.01948845386505127,-0.07942962646484375,-0.07544370877016604,No
0.0,0.0,0.0,-0.050313472747802734,3.4689903259277344e-05,-0.027091817085207026,-0.10695397853851318,-0.03414279222488403,-0.044735730711877864,-0.14734232425689697,-0.05251443386077881,-0.06382379782623104,-0.18489933013916016,-0.043237268924713135,-0.08316940916007809,-0.12282049655914307,-0.17308157682418823,-0.03272574124163441,-0.16100025177001953,-0.25841909646987915,-0.060142089698970835,-0.18179714679718018,-0.3065618574619293,-0.07564793628877453,-0.19574153423309326,-0.35739758610725403,-0.08494413745826535,-0.0871967077255249,-0.21716660261154175,-0.03701381859606556,-0.1312655806541443,-0.28778693079948425,-0.0711517716688519,-0.1563807725906372,-0.33487802743911743,-0.08999598873084835,-0.1750776767730713,-0.3854708820581436,-0.0983431572956448,-0.04481661319732666,-0.24137645959854126,-0.04391935196942143,-0.06593108177185059,-0.21973276138305664,-0.08847781372493557,-0.05572575330734253,-0.11569812893867493,-0.09545505893653683,-0.04606926441192627,-0.04374748468399048,-0.0874449918908482,-6.556510925292969e-05,-0.24854642152786255,-0.053001799706876795,-0.02012503147125244,-0.21556565165519714,-0.08402104032462887,-0.02026921510696411,-0.13672113418579102,-0.08440394056266598,-0.017515480518341064,-0.07825776934623718,-0.07693360102599911,No
0.0,0.0,0.0,-0.05015510320663452,-0.007201492786407471,-0.025536924346511114,-0.10533255338668823,-0.05293089151382446,-0.040403101339165914,-0.14133471250534058,-0.0899924635887146,-0.05605440933925365,-0.17372292280197144,-0.10286691784858704,-0.07139055778009151,-0.1158718466758728,-0.1810835599899292,-0.0271873285315678,-0.1544783115386963,-0.23393085598945618,-0.054938256486479986,-0.17881673574447632,-0.26916268467903137,-0.07442269821387981,-0.19560790061950684,-0.3131941556930542,-0.08769631732923244,-0.0818101167678833,-0.22765585780143738,-0.029856806366865385,-0.12818694114685059,-0.26463571190834045,-0.06034582455379223,-0.15602731704711914,-0.29025396704673767,-0.07878943879825329,-0.17735785245895386,-0.3231385350227356,-0.08921274889928554,-0.041575610637664795,-0.2565031051635742,-0.035307004793708074,-0.0685722827911377,-0.2313494086265564,-0.07548856337291454,-0.0596463680267334,-0.1279107928276062,-0.0813540925524876,-0.04966139793395996,-0.055059731006622314,-0.07553458560926174,0.0013276338577270508,-0.26508665084838867,-0.043161019428794134,-0.023862123489379883,-0.22367873787879944,-0.07408009071571087,-0.025188565254211426,-0.14400696754455566,-0.07622720648271297,-0.02132958173751831,-0.08441373705863953,-0.07087622184974407,No
0.0,0.0,0.0,-0.05610138177871704,-0.01656728982925415,-0.01737808221136561,-0.11116057634353638,-0.0661587119102478,-0.028150068308463005,-0.14355099201202393,-0.10851430892944336,-0.03977888048743239,-0.1737346053123474,-0.12559214234352112,-0.05096177355503073,-0.1109316349029541,-0.19116228818893433,-0.012404484386792092,-0.14254522323608398,-0.2094537615776062,-0.03687740088557234,-0.16199809312820435,-0.22256293892860413,-0.05846781999920836,-0.1780131459236145,-0.2473568320274353,-0.07334972144221297,-0.07723730802536011,-0.2328762412071228,-0.016021631370534806,-0.11775654554367065,-0.24423959851264954,-0.03692888067220679,-0.14377987384796143,-0.24567320942878723,-0.051798116128196625,-0.16466647386550903,-0.25797492265701294,-0.06242497609113684,-0.03724473714828491,-0.2590637505054474,-0.02260113665019503,-0.07060426473617554,-0.23378753662109375,-0.051908075521936325,-0.06428837776184082,-0.13678079843521118,-0.0551468801603221,-0.053753435611724854,-0.06574630737304688,-0.05179175705765715,0.00513768196105957,-0.26548558473587036,-0.03133575962041846,-0.024352192878723145,-0.22923260927200317,-0.05415080831502905,-0.02994459867477417,-0.1472727358341217,-0.053408112089385895,-0.02648615837097168,-0.08645176887512207,-0.04852787376498213,No
0.0,0.0,0.0,-0.05227714776992798,-0.01212000846862793,-0.018485597230835538,-0.10496050119400024,-0.05806821584701538,-0.030989001401110272,-0.13602179288864136,-0.1046430766582489,-0.04448826321248589,-0.166115403175354,-0.13213995099067688,-0.05759992533211289,-0.10934656858444214,-0.18710476160049438,-0.009527427971704583,-0.13875746726989746,-0.20419356226921082,-0.034634207271381,-0.1591804027557373,-0.2092888355255127,-0.055622567318721394,-0.17740750312805176,-0.21621954441070557,-0.06834938459877549,-0.0757245421409607,-0.22914588451385498,-0.012353910960598569,-0.11037248373031616,-0.24471062421798706,-0.03435609199885903,-0.1332911252975464,-0.23128274083137512,-0.048176203750415425,-0.15182805061340332,-0.2225513756275177,-0.055932995759292226,-0.036905884742736816,-0.2536517083644867,-0.01861212112788735,-0.0686560869216919,-0.23627930879592896,-0.04773354985599099,-0.06460613012313843,-0.14087921380996704,-0.05051122316007195,-0.055285513401031494,-0.06711441278457642,-0.04576995306496201,0.00447160005569458,-0.2580741345882416,-0.02684586019103108,-0.02588486671447754,-0.22809633612632751,-0.04853164114837227,-0.03070908784866333,-0.14996981620788574,-0.047035259090705495,-0.02601855993270874,-0.08846235275268555,-0.041001156799836735,No
0.0,0.0,0.0,-0.04990494251251221,-0.01547229290008545,-0.022788994924781036,-0.10517764091491699,-0.06211531162261963,-0.038915579186436844,-0.13990706205368042,-0.10491770505905151,-0.05515941323494644,-0.16511225700378418,-0.14327985048294067,-0.07008154036259384,-0.10373884439468384,-0.19448405504226685,-0.015647611559984398,-0.13727223873138428,-0.201393723487854,-0.0427381405398819,-0.15215784311294556,-0.1854259967803955,-0.061307609991786194,-0.16554784774780273,-0.16042912006378174,-0.07023310007309647,-0.07265645265579224,-0.23275333642959595,-0.01714892217671604,-0.11294597387313843,-0.24733522534370422,-0.0445975186095211,-0.13043677806854248,-0.21009957790374756,-0.05803145559286804,-0.14272397756576538,-0.16653645038604736,-0.06238568292712898,-0.03677809238433838,-0.25413933396339417,-0.022347849772927475,-0.07097792625427246,-0.23713114857673645,-0.05425176488017769,-0.06457072496414185,-0.14490336179733276,-0.055725720690247726,-0.05441164970397949,-0.07076746225357056,-0.04884579496240349,0.0025568604469299316,-0.254077285528183,-0.029649174751398277,-0.028570055961608887,-0.2304632067680359,-0.053630714283940506,-0.03176778554916382,-0.1535104215145111,-0.05157464833712311,-0.026825308799743652,-0.0922200083732605,-0.0440486939415905,No
0.0,0.0,0.0,-0.04925888776779175,-0.011709332466125488,-0.0220774861614359,-0.10400390625,-0.05632638931274414,-0.037457894776309786,-0.13733911514282227,-0.09996378421783447,-0.053020671252454576,-0.16270464658737183,-0.13524594902992249,-0.06704909378692037,-0.10803097486495972,-0.18910494446754456,-0.01421466587140685,-0.1403672695159912,-0.19627398252487183,-0.04145679647132283,-0.15508610010147095,-0.18942219018936157,-0.06112517068191892,-0.16810280084609985,-0.1735759973526001,-0.07114265883370763,-0.07601982355117798,-0.23003557324409485,-0.015804168079341707,-0.11175650358200073,-0.24535205960273743,-0.04249679321452504,-0.13024663925170898,-0.2157503068447113,-0.05620226288243657,-0.1455884575843811,-0.17919248342514038,-0.061164025459731874,-0.03889387845993042,-0.25416263937950134,-0.02109527984663373,-0.06942719221115112,-0.23771429061889648,-0.05204641843243962,-0.06376266479492188,-0.14550960063934326,-0.052880194280589876,-0.05534839630126953,-0.06992495059967041,-0.04570569494768506,0.0016353726387023926,-0.25579148530960083,-0.0286371915231598,-0.026346981525421143,-0.22855007648468018,-0.051555708293165026,-0.030170321464538574,-0.15144917368888855,-0.04921398336097127,-0.02639549970626831,-0.08944898843765259,-0.04163680249854451,No
0.0,0.0,0.0,-0.04939323663711548,-0.011978864669799805,-0.019677702212192116,-0.10101091861724854,-0.05455350875854492,-0.03432101743803173,-0.13071882724761963,-0.09947463870048523,-0.049644559496499596,-0.15925806760787964,-0.13205918669700623,-0.06420637282118946,-0.10697728395462036,-0.19255724549293518,-0.0107119333608523,-0.1381300687789917,-0.19724524021148682,-0.03775354834780842,-0.1547146439552307,-0.19516345858573914,-0.06026113765821606,-0.1682090163230896,-0.1926247477531433,-0.07356138887391239,-0.07372099161148071,-0.2333204448223114,-0.013852705122388898,-0.10739779472351074,-0.24429109692573547,-0.03944496425376087,-0.1273917555809021,-0.21685612201690674,-0.054536145055152474,-0.1431185007095337,-0.19057121872901917,-0.061640877151347695,-0.036020874977111816,-0.25645628571510315,-0.02052228326485306,-0.06722980737686157,-0.24214854836463928,-0.0503750330446735,-0.0634756088256836,-0.14804989099502563,-0.05175592365250736,-0.05449497699737549,-0.07360506057739258,-0.04572650405154377,0.004785001277923584,-0.2581999897956848,-0.029428150379516183,-0.025824010372161865,-0.2296735942363739,-0.051177222156383095,-0.03053957223892212,-0.1518021821975708,-0.04884516435251385,-0.025107920169830322,-0.09161025285720825,-0.0419175474582687,No
0.0,0.0,0.0,-0.04907268285751343,-0.012853801250457764,-0.019246520338839446,-0.10375791788101196,-0.06639766693115234,-0.032321199639028464,-0.13280707597732544,-0.11408817768096924,-0.046248115463441763,-0.15214389562606812,-0.1374153196811676,-0.05956056327957526,-0.10526072978973389,-0.194923996925354,-0.010982450893408213,-0.1357663869857788,-0.21088466048240662,-0.036363348229116355,-0.15598547458648682,-0.21762293577194214,-0.05533463121790305,-0.17391175031661987,-0.21810710430145264,-0.06625670553583518,-0.07117551565170288,-0.23415020108222961,-0.014065234786158953,-0.10871642827987671,-0.26276662945747375,-0.03778855489034072,-0.13564574718475342,-0.2516150176525116,-0.05026276396054641,-0.15794724225997925,-0.23619699478149414,-0.05603413642782584,-0.03178614377975464,-0.25564947724342346,-0.020751384882515822,-0.06676268577575684,-0.24914050102233887,-0.051987934721893225,-0.06268006563186646,-0.15149766206741333,-0.05323610813755408,-0.052670061588287354,-0.07350605726242065,-0.04658151404399291,0.010587751865386963,-0.2560855448246002,-0.02935899594265834,-0.022457659244537354,-0.2349318563938141,-0.05300660417813674,-0.029081761837005615,-0.15509343147277832,-0.05110247419614211,-0.025470077991485596,-0.0906294584274292,-0.04435898722547904,No
0.0,0.0,0.0,-0.05313456058502197,-0.010688960552215576,-0.020021100976379103,-0.10681885480880737,-0.06764715909957886,-0.031170611717612928,-0.1395164132118225,-0.11266475915908813,-0.04406767848959703,-0.17281180620193481,-0.13240286707878113,-0.05690121788612146,-0.11630815267562866,-0.18886762857437134,-0.020831996091516203,-0.15620821714401245,-0.26475709676742554,-0.04545835916033525,-0.1777159571647644,-0.3104538321495056,-0.06275060538283128,-0.1918579339981079,-0.3576449602842331,-0.07449097696772355,-0.08027881383895874,-0.22241422533988953,-0.026398185157091802,-0.1255488395690918,-0.29489263892173767,-0.05488559369078416,-0.15286916494369507,-0.34025853872299194,-0.07342159513464708,-0.17349082231521606,-0.3856615126132965,-0.08390146259299058,-0.03812307119369507,-0.23992523550987244,-0.034352367260368055,-0.06563615798950195,-0.2541370391845703,-0.07326734576454896,-0.058934688568115234,-0.15505295991897583,-0.07897298548451204,-0.049980223178863525,-0.08285874128341675,-0.07301591102114457,0.007409632205963135,-0.2412455677986145,-0.043942054250152296,-0.02055180072784424,-0.23563823103904724,-0.0746374106787755,-0.024704933166503906,-0.1586952805519104,-0.07524720344773073,-0.02167665958404541,-0.09757110476493835,-0.06886050615540285,No
0.0,0.0,0.0,-0.052137792110443115,-0.00895923376083374,-0.025113624677176816,-0.10853725671768188,-0.055459022521972656,-0.040732593432183606,-0.14768141508102417,-0.08762246370315552,-0.05759563405823265,-0.1844678521156311,-0.08919712901115417,-0.0743012327403978,-0.11892688274383545,-0.18224963545799255,-0.02790277187537704,-0.15686923265457153,-0.26547449827194214,-0.0537604625971273,-0.17809975147247314,-0.3153024911880493,-0.0704482394905046,-0.19235605001449585,-0.36596012115478516,-0.08135165010404144,-0.08326077461242676,-0.2184956967830658,-0.03218851719808136,-0.12815111875534058,-0.2963730990886688,-0.06306005005549942,-0.15460878610610962,-0.34654998779296875,-0.08166447018098388,-0.17430222034454346,-0.3968522548675537,-0.09136205647897278,-0.040881991386413574,-0.23775714635849,-0.03898247440170799,-0.06622648239135742,-0.24769830703735352,-0.07997673486184631,-0.061594367027282715,-0.1463545262813568,-0.08498956744384323,-0.05531376600265503,-0.07238107919692993,-0.07727826868009124,0.005028843879699707,-0.24072733521461487,-0.047870391205067975,-0.020688891410827637,-0.23680144548416138,-0.07840709869575058,-0.024978697299957275,-0.15933546423912048,-0.07761112336825882,-0.023428380489349365,-0.09699246287345886,-0.06971344833087478,No
0.0,0.0,0.0,-0.05315971374511719,-0.008373618125915527,-0.029047757731305524,-0.11148726940155029,-0.04603219032287598,-0.049144493760096,-0.15494471788406372,-0.06045299768447876,-0.07048871216319696,-0.19305944442749023,-0.044170379638671875,-0.09209906903051035,-0.12001949548721313,-0.18487071990966797,-0.031933630229460164,-0.15597140789031982,-0.2698611617088318,-0.05713417974256174,-0.1766057014465332,-0.32103216648101807,-0.07252006080888407,-0.19033503532409668,-0.3726782649755478,-0.08262599852822916,-0.08404016494750977,-0.224676251411438,-0.03564832580231325,-0.12642014026641846,-0.3020968735218048,-0.06650985625527994,-0.15238964557647705,-0.35380540788173676,-0.08432251063130991,-0.17183047533035278,-0.40612874925136566,-0.09310377237342493,-0.04107344150543213,-0.243236243724823,-0.0421307779564728,-0.06324493885040283,-0.23939669132232666,-0.08325173553966181,-0.05893772840499878,-0.13716822862625122,-0.08900024590037958,-0.054106831550598145,-0.06303524971008301,-0.08144282397769587,0.00429457426071167,-0.24210187792778015,-0.051111767412649556,-0.017912685871124268,-0.22855216264724731,-0.08069901761554377,-0.021463453769683838,-0.15073752403259277,-0.07982415554069178,-0.02043992280960083,-0.08781719207763672,-0.07190227356694834,No
0.0,0.0,0.0,-0.0529441237449646,-0.002083420753479004,-0.027093519186749404,-0.11265677213668823,-0.03556013107299805,-0.04570583879031176,-0.15478187799453735,-0.04471886157989502,-0.06611881657518381,-0.19269776344299316,-0.0291864275932312,-0.08706786735929484,-0.12019932270050049,-0.17697975039482117,-0.030399513160958236,-0.15575134754180908,-0.26187315583229065,-0.05512339501656527,-0.17628955841064453,-0.31284499168395996,-0.06974954410470957,-0.1903247833251953,-0.36456942558288574,-0.07920165612377161,-0.08417767286300659,-0.21891134977340698,-0.03497740878738398,-0.12661433219909668,-0.2957055866718292,-0.06582556917346949,-0.15187042951583862,-0.34757840633392334,-0.08386689676918024,-0.1707727313041687,-0.4007975906133652,-0.09259616090930933,-0.0411992073059082,-0.2399832308292389,-0.04216393335737223,-0.06225317716598511,-0.22963887453079224,-0.08395812167800898,-0.05644667148590088,-0.12600314617156982,-0.09089562549270624,-0.05120736360549927,-0.05243420600891113,-0.08382079257644648,0.004315853118896484,-0.24173879623413086,-0.051638900032415336,-0.015024900436401367,-0.22134393453598022,-0.08208815260805125,-0.018535852432250977,-0.1422695815563202,-0.08224095656551356,-0.019095003604888916,-0.07998818159103394,-0.07486538841403956,No
0.0,0.0,0.0,-0.048902273178100586,-0.0035469532012939453,-0.025513926436232737,-0.1048126220703125,-0.040629565715789795,-0.04237390673630159,-0.14388132095336914,-0.06564408540725708,-0.060606069778131655,-0.1810646653175354,-0.06675952672958374,-0.07898415244095247,-0.11749285459518433,-0.1702250838279724,-0.028578204949425867,-0.15487074851989746,-0.23879998922348022,-0.056255131875204256,-0.17772942781448364,-0.2767552435398102,-0.07546960926525514,-0.19432049989700317,-0.3210318982601166,-0.08830765253775041,-0.08166050910949707,-0.21299222111701965,-0.03270032993428629,-0.1231798529624939,-0.26319846510887146,-0.06426190203897875,-0.15086454153060913,-0.2984365224838257,-0.08372251308433931,-0.17333245277404785,-0.3413322865962982,-0.09453595793716829,-0.039285898208618164,-0.23912882804870605,-0.03953197962515276,-0.06247991323471069,-0.22962552309036255,-0.0802130065011255,-0.05469048023223877,-0.12491685152053833,-0.08493648088447969,-0.04635632038116455,-0.050780653953552246,-0.07786156601183336,0.0063512325286865234,-0.24708306789398193,-0.04871212310068529,-0.015109062194824219,-0.22403207421302795,-0.0783952809023134,-0.01860874891281128,-0.1450449526309967,-0.07760833567850511,-0.016965031623840332,-0.08444702625274658,-0.07027093685142916,No
0.0,0.0,0.0,-0.0533069372177124,-0.012439846992492676,-0.018696231917886053,-0.1076238751411438,-0.06865501403808594,-0.02950965814426354,-0.14055150747299194,-0.11535075306892395,-0.0408220795555394,-0.16783905029296875,-0.11826625466346741,-0.05230822242930344,-0.1053653359413147,-0.1851646900177002,-0.012469970771519456,-0.13345783948898315,-0.20582157373428345,-0.033692294882087026,-0.15376520156860352,-0.21800920367240906,-0.05223413013055733,-0.1715131402015686,-0.24056610465049744,-0.06527723573282174,-0.0713738203048706,-0.22956523299217224,-0.014432534725813184,-0.1075754165649414,-0.24420985579490662,-0.0329529141648095,-0.13502627611160278,-0.24693822860717773,-0.04550128631427697,-0.15839886665344238,-0.2586827874183655,-0.054442921803740774,-0.03203326463699341,-0.25650811195373535,-0.019210910574940954,-0.06595844030380249,-0.23911899328231812,-0.04677066780760697,-0.061264097690582275,-0.1421162188053131,-0.04997993461921624,-0.05204349756240845,-0.06625485420227051,-0.046679539756325994,0.009028851985931396,-0.2643623352050781,-0.02610706739261559,-0.021470248699188232,-0.2308894693851471,-0.04752716623380593,-0.027531325817108154,-0.1503283679485321,-0.04714445226028374,-0.024796366691589355,-0.0863237977027893,-0.04293354429438523,No
0.0,0.0,0.0,-0.04830509424209595,-0.011761784553527832,-0.016891008691914067,-0.10280907154083252,-0.06076866388320923,-0.028396521212584958,-0.13762056827545166,-0.10220101475715637,-0.04085308172000168,-0.16614657640457153,-0.11444413661956787,-0.053303568141586766,-0.10470432043075562,-0.1877865493297577,-0.00903722875011681,-0.1303836703300476,-0.1956595480442047,-0.03289684139383553,-0.14934706687927246,-0.19323593378067017,-0.05328013979089974,-0.16873586177825928,-0.19401103258132935,-0.06612369649303673,-0.07268279790878296,-0.22707077860832214,-0.012336467841691956,-0.10488247871398926,-0.23936855792999268,-0.03522238366497277,-0.12541347742080688,-0.21386921405792236,-0.05010749258292435,-0.14372438192367554,-0.19532933831214905,-0.05791086562169312,-0.03513139486312866,-0.25160497426986694,-0.018468261214025006,-0.06739616394042969,-0.2388954758644104,-0.046031447576410756,-0.061500370502471924,-0.1444740891456604,-0.048719319032556996,-0.052184343338012695,-0.07125043869018555,-0.04424026839626549,0.004804134368896484,-0.25678980350494385,-0.026532724948651776,-0.026651203632354736,-0.22919464111328125,-0.04678325213683365,-0.029596328735351562,-0.15287134051322937,-0.04532487549079178,-0.02311486005783081,-0.09446701407432556,-0.03966956071747063,No
0.0,0.0,0.0,-0.05378013849258423,-0.020245373249053955,-0.017765169078188592,-0.11081326007843018,-0.06961715221405029,-0.03192247361846512,-0.14824122190475464,-0.10696077346801758,-0.04708375320740288,-0.17158430814743042,-0.12740027904510498,-0.061154372105079347,-0.10002964735031128,-0.19941172003746033,-0.012927275197284871,-0.13155633211135864,-0.20840829610824585,-0.037098485091405564,-0.14483577013015747,-0.18167898058891296,-0.052427436271386796,-0.15731191635131836,-0.14502796530723572,-0.05947645292587822,-0.07006317377090454,-0.23179534077644348,-0.01652129092224186,-0.1109466552734375,-0.24748623371124268,-0.04346957714267319,-0.12632840871810913,-0.1987670660018921,-0.05562890605040138,-0.13569778203964233,-0.14557456970214844,-0.05854988754697388,-0.03522443771362305,-0.24949583411216736,-0.023065530741291695,-0.07092386484146118,-0.23377594351768494,-0.05296329320378845,-0.06246471405029297,-0.14159533381462097,-0.053220483520703965,-0.050574541091918945,-0.06929486989974976,-0.04566068858810013,0.003059983253479004,-0.24776780605316162,-0.03130657509871071,-0.02792835235595703,-0.2258789837360382,-0.052882126578765565,-0.0305631160736084,-0.1506689488887787,-0.04981662244506424,-0.0252913236618042,-0.09346288442611694,-0.041937599936204606,No
0.0,0.0,0.0,-0.049664318561553955,-0.012987673282623291,-0.015071504563110238,-0.10426050424575806,-0.06598114967346191,-0.02518834434451378,-0.13916301727294922,-0.1055641770362854,-0.036681976914422876,-0.16903650760650635,-0.10727149248123169,-0.04848493337632931,-0.10522711277008057,-0.1873835027217865,-0.006309448555128938,-0.13117092847824097,-0.1937577724456787,-0.028526174649613267,-0.15023213624954224,-0.191366046667099,-0.04746083989741123,-0.17016011476516724,-0.19057577848434448,-0.059325997531431085,-0.07408249378204346,-0.2266794741153717,-0.010568034648912317,-0.10611993074417114,-0.2374245524406433,-0.03277780190111912,-0.12429934740066528,-0.2117834985256195,-0.04679748117925442,-0.1405925750732422,-0.19158056378364563,-0.05363019630314625,-0.03718161582946777,-0.2504936158657074,-0.017552423104660875,-0.06975698471069336,-0.23462694883346558,-0.04515851736070431,-0.06163686513900757,-0.14052462577819824,-0.04729705005885876,-0.05084419250488281,-0.06769782304763794,-0.0421377837658099,0.002720355987548828,-0.25416409969329834,-0.02633752562107361,-0.028243601322174072,-0.2281283736228943,-0.046838105469959146,-0.030841171741485596,-0.14890825748443604,-0.04468062594534672,-0.024852991104125977,-0.08769232034683228,-0.03848563209177769,No
0.0,0.0,0.0,-0.04947322607040405,-0.01324307918548584,-0.01656920971700515,-0.10246855020523071,-0.060785651206970215,-0.02796093883344497,-0.13553756475448608,-0.10041767358779907,-0.04058561796674098,-0.1651521921157837,-0.11082935333251953,-0.05320347423085536,-0.10805130004882812,-0.1853354573249817,-0.0099798985419568,-0.13845115900039673,-0.1980721354484558,-0.03432034278640117,-0.1606563925743103,-0.2021191120147705,-0.05453339169153537,-0.18132269382476807,-0.20710211992263794,-0.0668621691537794,-0.07608634233474731,-0.22788703441619873,-0.013876445092051881,-0.11061286926269531,-0.24152600765228271,-0.03611799279579486,-0.1346890926361084,-0.22556844353675842,-0.050319779164880174,-0.15544497966766357,-0.21428972482681274,-0.05795865083464946,-0.03785616159439087,-0.2535240948200226,-0.020601083956449884,-0.06945282220840454,-0.23280522227287292,-0.04887480983862247,-0.06379365921020508,-0.13693761825561523,-0.051641769207805055,-0.05365556478500366,-0.0643044114112854,-0.046878244228452104,0.0029764175415039062,-0.2582923173904419,-0.029202078901022333,-0.026100873947143555,-0.22469773888587952,-0.049212522305339235,-0.029468417167663574,-0.1469351053237915,-0.047052479781001466,-0.023433268070220947,-0.08759379386901855,-0.04085774669775333,No
0.0,0.0,0.0,-0.052130699157714844,-0.016965150833129883,-0.017572183231152394,-0.10412877798080444,-0.06010138988494873,-0.03201119608644376,-0.13643181324005127,-0.09973925352096558,-0.047653772006071904,-0.1626037359237671,-0.1298443078994751,-0.062364645371474126,-0.10180014371871948,-0.1949796974658966,-0.013461919570602277,-0.13354986906051636,-0.20929622650146484,-0.04047015316251645,-0.151628315448761,-0.1901957392692566,-0.059235964039601186,-0.16852819919586182,-0.16076236963272095,-0.06816313422683606,-0.07150322198867798,-0.2313656210899353,-0.017107104951776364,-0.11208492517471313,-0.24687474966049194,-0.04421278096202741,-0.1326075792312622,-0.20649081468582153,-0.057408202508725026,-0.14687764644622803,-0.15989935398101807,-0.061553653398789265,-0.03644216060638428,-0.25311559438705444,-0.02392210445765386,-0.07214438915252686,-0.23887255787849426,-0.05369807041648755,-0.06631308794021606,-0.1469241976737976,-0.0549758189118279,-0.05501371622085571,-0.07350295782089233,-0.048620622674263814,0.0018769502639770508,-0.25505200028419495,-0.03258955858115087,-0.030936121940612793,-0.22841903567314148,-0.05471758178833852,-0.03353869915008545,-0.15208768844604492,-0.05287799991134534,-0.026265382766723633,-0.0940479040145874,-0.045931484619416096,No
0.0,0.0,0.0,-0.04990953207015991,-0.011181116104125977,-0.01434160680162222,-0.09879350662231445,-0.05681198835372925,-0.025462212084107705,-0.12760478258132935,-0.10147741436958313,-0.03871452812688858,-0.15662866830825806,-0.12840479612350464,-0.05234811459320099,-0.10409778356552124,-0.1928078532218933,-0.004555572798722096,-0.1338372826576233,-0.2023107409477234,-0.029333610130720444,-0.1566193699836731,-0.20192807912826538,-0.05056792874472649,-0.17826002836227417,-0.20330274105072021,-0.06315912310617477,-0.07233911752700806,-0.2346418797969818,-0.00953233805137188,-0.10916966199874878,-0.24754032492637634,-0.032066579951219865,-0.13462024927139282,-0.226419597864151,-0.04731797431247742,-0.15562474727630615,-0.20961812138557434,-0.05516874049442322,-0.03470611572265625,-0.2585914134979248,-0.017490414945655175,-0.06905937194824219,-0.2386491894721985,-0.046388354195528336,-0.06429612636566162,-0.14264726638793945,-0.05028584603803665,-0.05419325828552246,-0.06978744268417358,-0.04599612583058388,0.005250155925750732,-0.2622241675853729,-0.02701660622494728,-0.026733875274658203,-0.22890719771385193,-0.04766892273562462,-0.030409514904022217,-0.14963865280151367,-0.04596078027623207,-0.023846924304962158,-0.08838272094726562,-0.039774231655769654,No
0.0,0.0,0.0,-0.04975020885467529,-0.01217883825302124,-0.016972576358000424,-0.09928923845291138,-0.05643105506896973,-0.030030905359069493,-0.12736546993255615,-0.10139897465705872,-0.04453352195827165,-0.1530313491821289,-0.13291168212890625,-0.05883490396348634,-0.10375332832336426,-0.18986240029335022,-0.007811183199862626,-0.13341915607452393,-0.19789549708366394,-0.033672516324202206,-0.15321189165115356,-0.19392579793930054,-0.05456673828570047,-0.1711001992225647,-0.1886090636253357,-0.06642974270192781,-0.07173037528991699,-0.2305683195590973,-0.011509669103304532,-0.10813558101654053,-0.24443739652633667,-0.03621369329897561,-0.13110846281051636,-0.21815946698188782,-0.05141509053913751,-0.14937293529510498,-0.19301626086235046,-0.05834693563787141,-0.03460097312927246,-0.255106657743454,-0.01842100461630025,-0.06901299953460693,-0.23864364624023438,-0.04857484353391328,-0.06291288137435913,-0.1428534984588623,-0.051968679853359845,-0.051523029804229736,-0.06797027587890625,-0.046910897918621686,0.005014538764953613,-0.2592349946498871,-0.027062899523059514,-0.027587473392486572,-0.22949540615081787,-0.04928988320438066,-0.03026336431503296,-0.1507207453250885,-0.048148994424025204,-0.02274191379547119,-0.08973073959350586,-0.04191022468415895,No
0.0,0.0,0.0,-0.05127602815628052,-0.015861153602600098,-0.012499812598321114,-0.10095757246017456,-0.06304061412811279,-0.02253950999954668,-0.12918031215667725,-0.10516291856765747,-0.03436370061615435,-0.158247709274292,-0.12600979208946228,-0.04638837518075434,-0.1070472002029419,-0.19755971431732178,-0.00776899706477252,-0.13854515552520752,-0.20419782400131226,-0.03185815604308573,-0.16225183010101318,-0.20562651753425598,-0.052526603060755406,-0.18419110774993896,-0.21078747510910034,-0.06522520499208895,-0.07339119911193848,-0.23595905303955078,-0.01315505204627243,-0.11039668321609497,-0.24505850672721863,-0.03358492122868029,-0.13589876890182495,-0.23024901747703552,-0.04797129200676409,-0.15662938356399536,-0.22324472665786743,-0.056750240343603764,-0.03397709131240845,-0.25866007804870605,-0.02091706784347025,-0.06764161586761475,-0.23919087648391724,-0.04723821448067156,-0.06295228004455566,-0.14270415902137756,-0.05027156563380686,-0.051813364028930664,-0.07083344459533691,-0.04693177582601038,0.007407009601593018,-0.2624340355396271,-0.03018048087039915,-0.02448946237564087,-0.22692197561264038,-0.04909790174940554,-0.029320240020751953,-0.14665943384170532,-0.04679358245709864,-0.022476553916931152,-0.08778274059295654,-0.0410219715712401,No
0.0,0.0,0.0,-0.05118018388748169,-0.013862133026123047,-0.014827694054361018,-0.10085886716842651,-0.06418544054031372,-0.02563723107766691,-0.12816768884658813,-0.11272633075714111,-0.038295067157264384,-0.1529935598373413,-0.14569604396820068,-0.050529635753150615,-0.10481435060501099,-0.19820335507392883,-0.00396188791808072,-0.1360025405883789,-0.2084505259990692,-0.027974822800274524,-0.1584981083869934,-0.20126411318778992,-0.04705663328957144,-0.1798626184463501,-0.18958693742752075,-0.057405873443599376,-0.07367843389511108,-0.23585152626037598,-0.008326492514129313,-0.11213761568069458,-0.24524837732315063,-0.030863120462413463,-0.13654732704162598,-0.21978214383125305,-0.044859639610763224,-0.1556481122970581,-0.19612625241279602,-0.05130220880698744,-0.03715682029724121,-0.25779783725738525,-0.015849407072778376,-0.07062923908233643,-0.23990729451179504,-0.0443995178301293,-0.06604361534118652,-0.14665895700454712,-0.04739026283812109,-0.05568820238113403,-0.07509875297546387,-0.042577120717282924,0.0022499561309814453,-0.26075971126556396,-0.024968407358642253,-0.029174745082855225,-0.23020458221435547,-0.04633184080910269,-0.03223824501037598,-0.15232503414154053,-0.04471155932139936,-0.024977147579193115,-0.0933728814125061,-0.03827728262137953,No
0.0,0.0,0.0,-0.049176573753356934,-0.009123504161834717,-0.015620208477173492,-0.10158151388168335,-0.06800329685211182,-0.02592648299554412,-0.12773960828781128,-0.12321197986602783,-0.03801638366797988,-0.15241867303848267,-0.16589590907096863,-0.050179445316587135,-0.10083931684494019,-0.18971899151802063,-0.004741099794898673,-0.13483619689941406,-0.2083214521408081,-0.028540837710295364,-0.15897029638290405,-0.21195703744888306,-0.04731470080236022,-0.17916154861450195,-0.20836785435676575,-0.05799296604612891,-0.06919050216674805,-0.22925636172294617,-0.008738182616923496,-0.11342191696166992,-0.2524639964103699,-0.031174480115566894,-0.14273929595947266,-0.2382650375366211,-0.04451617704847877,-0.16554737091064453,-0.22160327434539795,-0.051121444573198005,-0.031953275203704834,-0.252822607755661,-0.01611941600361888,-0.07035726308822632,-0.24696680903434753,-0.04720391439417426,-0.06346982717514038,-0.1515909731388092,-0.05066163944223945,-0.051391422748565674,-0.076191246509552,-0.04608645023921554,0.008460581302642822,-0.2566782534122467,-0.02484238067785327,-0.02640599012374878,-0.24047979712486267,-0.05012181507566993,-0.03183603286743164,-0.15811234712600708,-0.04935710238436286,-0.027329206466674805,-0.09090441465377808,-0.043382019867692634,No
0.0,0.0,0.0,-0.052470266819000244,-0.017357945442199707,-0.014251548712252315,-0.10627102851867676,-0.07399630546569824,-0.022765753706096348,-0.1371944546699524,-0.1184060275554657,-0.03280686019837731,-0.16634291410446167,-0.13309752941131592,-0.042996441860793766,-0.10374611616134644,-0.18869322538375854,-0.007323939734249052,-0.13734084367752075,-0.21370908617973328,-0.028278646906017002,-0.16191601753234863,-0.2255782186985016,-0.04635081618010872,-0.18332868814468384,-0.24355727434158325,-0.05833697124302262,-0.07109040021896362,-0.2273682951927185,-0.011462743309436974,-0.11500895023345947,-0.25430038571357727,-0.02972223042428368,-0.148479163646698,-0.2581130564212799,-0.042557401497958836,-0.1757398247718811,-0.2684607207775116,-0.05143275289714211,-0.031719744205474854,-0.25176674127578735,-0.018261728723643955,-0.06980240345001221,-0.24458855390548706,-0.044972164471744236,-0.06358754634857178,-0.14731204509735107,-0.04799659355461472,-0.05190616846084595,-0.07287520170211792,-0.04473880856215828,0.01031118631362915,-0.25858423113822937,-0.02672990775585049,-0.023773133754730225,-0.23230406641960144,-0.04669911219656342,-0.029961764812469482,-0.15223455429077148,-0.044996099461911854,-0.025642454624176025,-0.09019902348518372,-0.040023593147395786,No
0.0,0.0,0.0,-0.0501018762588501,-0.019483208656311035,-0.020056505716922857,-0.0997157096862793,-0.06611204147338867,-0.03568156532156763,-0.12974399328231812,-0.1117590069770813,-0.052253888018015004,-0.15357530117034912,-0.1491251289844513,-0.06757231525290308,-0.10161745548248291,-0.1919579803943634,-0.012343440234246827,-0.13382500410079956,-0.20515644550323486,-0.04066754228580294,-0.15127021074295044,-0.19620704650878906,-0.06067839360940752,-0.16574305295944214,-0.17376703023910522,-0.07025218478548823,-0.07015842199325562,-0.22932139039039612,-0.014817434392455198,-0.10696393251419067,-0.250383198261261,-0.043077734328392125,-0.1275387406349182,-0.21962052583694458,-0.056716670311573125,-0.1427728533744812,-0.18013212084770203,-0.06093249193537531,-0.03383570909500122,-0.25149670243263245,-0.02110404989826975,-0.06550025939941406,-0.24550718069076538,-0.05323162025916872,-0.06186318397521973,-0.15350109338760376,-0.05433355740416346,-0.05274564027786255,-0.0758240818977356,-0.047036637581470586,0.005706489086151123,-0.2534171938896179,-0.02939657031703291,-0.025464773178100586,-0.2311435341835022,-0.05304438344347773,-0.029916465282440186,-0.15433043241500854,-0.05123650006163416,-0.024449825286865234,-0.09187418222427368,-0.0439448887776166,No
0.0,0.0,0.0,-0.04985719919204712,-0.023109078407287598,-0.02093231111092564,-0.10042566061019897,-0.07668328285217285,-0.03610545388681885,-0.13002169132232666,-0.12366852164268494,-0.05193799353463646,-0.14695978164672852,-0.16003945469856262,-0.06643175698144432,-0.10330116748809814,-0.2018515169620514,-0.014118681580555403,-0.1375335454940796,-0.20798936486244202,-0.043431840755772555,-0.1525765061378479,-0.19609278440475464,-0.06300374484879967,-0.1650761365890503,-0.1697162389755249,-0.07154867417438027,-0.07080584764480591,-0.24126091599464417,-0.016455704265069926,-0.10960131883621216,-0.25657907128334045,-0.044700473465752566,-0.1267881989479065,-0.22613435983657837,-0.057357110001873934,-0.13831764459609985,-0.18393433094024658,-0.060427877970766986,-0.03373253345489502,-0.26153674721717834,-0.02270510970873829,-0.06376105546951294,-0.24558109045028687,-0.0557043961368322,-0.05866724252700806,-0.15367662906646729,-0.0564489252053022,-0.04944711923599243,-0.07736194133758545,-0.048201545991730654,0.006321132183074951,-0.2598593831062317,-0.03096919871194359,-0.021155476570129395,-0.2338627576828003,-0.05541082463486191,-0.02473771572113037,-0.1581515073776245,-0.05308332658631798,-0.020592212677001953,-0.09706750512123108,-0.04472471392972466,No
0.0,0.0,0.0,-0.049543142318725586,-0.01530236005783081,-0.020485337626496403,-0.10001921653747559,-0.06381714344024658,-0.03258715922788724,-0.13297516107559204,-0.10149377584457397,-0.046336576145449726,-0.16572612524032593,-0.10706380009651184,-0.059904355358639805,-0.11363887786865234,-0.18701571226119995,-0.019454777043620197,-0.1542627215385437,-0.2366330921649933,-0.04431993867115125,-0.18143385648727417,-0.26852378249168396,-0.06322216967896566,-0.20172005891799927,-0.3079347610473633,-0.07639728466824636,-0.07927590608596802,-0.22993308305740356,-0.024062678020754902,-0.12413531541824341,-0.2725818455219269,-0.05025836805657491,-0.15260052680969238,-0.29719623923301697,-0.06751470993117437,-0.17625612020492554,-0.3280770182609558,-0.07802996019677266,-0.037728309631347656,-0.25675931572914124,-0.03133359159187421,-0.06568330526351929,-0.24129825830459595,-0.0667703373248969,-0.0578189492225647,-0.13846302032470703,-0.07249617556885823,-0.047935664653778076,-0.063873291015625,-0.06810816357688054,0.00662541389465332,-0.26447421312332153,-0.040761165123740284,-0.018642306327819824,-0.2283126413822174,-0.06778012941435918,-0.022660911083221436,-0.14754438400268555,-0.0690407527501975,-0.020126760005950928,-0.0856817364692688,-0.06414718906239614,No
0.0,0.0,0.0,-0.05330759286880493,-0.013790249824523926,-0.014946636605372987,-0.10221433639526367,-0.07210546731948853,-0.024196535210421644,-0.12714338302612305,-0.12628984451293945,-0.03570775301318463,-0.1545417308807373,-0.15713167190551758,-0.04745824993710812,-0.10307431221008301,-0.18968474864959717,-0.0034153702215462545,-0.1384705901145935,-0.21763235330581665,-0.025620583306363187,-0.16474974155426025,-0.23049214482307434,-0.04507572562556561,-0.18703079223632812,-0.251945436000824,-0.057916201512625776,-0.07000207901000977,-0.22780850529670715,-0.008194340254476629,-0.11521226167678833,-0.25770220160484314,-0.028270911286881528,-0.14988654851913452,-0.2639816105365753,-0.043041430275252424,-0.1774861216545105,-0.2802259922027588,-0.05271406085353192,-0.031160414218902588,-0.25141698122024536,-0.016202144186308942,-0.06998682022094727,-0.2505480647087097,-0.045979201655200086,-0.06458181142807007,-0.15015175938606262,-0.05033499361138638,-0.05293029546737671,-0.07506060600280762,-0.046970248083880506,0.01030731201171875,-0.25860369205474854,-0.025802237774541936,-0.024305999279022217,-0.23816528916358948,-0.04869294897775944,-0.031318724155426025,-0.1562027633190155,-0.047875799100211225,-0.02780669927597046,-0.09222275018692017,-0.04278673962812718,No
0.0,0.0,0.0,-0.05401480197906494,-0.01667267084121704,-0.01602327490661537,-0.10199463367462158,-0.06969702243804932,-0.027313696616033667,-0.12609022855758667,-0.12106609344482422,-0.040407196082810515,-0.15166860818862915,-0.15478703379631042,-0.05323224926803505,-0.10066938400268555,-0.18934130668640137,-0.007185478624592179,-0.13425284624099731,-0.21575763821601868,-0.030429471679667586,-0.15932828187942505,-0.22608870267868042,-0.04998063708160316,-0.18109893798828125,-0.24035847187042236,-0.06256956646654999,-0.06775915622711182,-0.22537216544151306,-0.011419683159033411,-0.11170375347137451,-0.2533174157142639,-0.033106424309949034,-0.14345961809158325,-0.2554725408554077,-0.04812863881204521,-0.16856586933135986,-0.2645367383956909,-0.05796530882332718,-0.029196739196777344,-0.2490583062171936,-0.018801862769464606,-0.06783175468444824,-0.25133129954338074,-0.04952764550660049,-0.06320619583129883,-0.15328732132911682,-0.0536106940588752,-0.052101314067840576,-0.07810342311859131,-0.05031598026369011,0.012257754802703857,-0.2568366527557373,-0.027778465696314925,-0.022283494472503662,-0.24100878834724426,-0.0518152419707576,-0.02948993444442749,-0.15798050165176392,-0.051236428715924376,-0.025988519191741943,-0.09227335453033447,-0.04627695719216263,No
0.0,0.0,0.0,-0.05009502172470093,-0.01360023021697998,-0.01726036509722917,-0.100250244140625,-0.06313091516494751,-0.030542734919492887,-0.12611156702041626,-0.11288416385650635,-0.045648263676469014,-0.15254747867584229,-0.15183082222938538,-0.06063032327443807,-0.10105592012405396,-0.19624924659729004,-0.006704227442298816,-0.13243615627288818,-0.2132885754108429,-0.03451851187497823,-0.15350830554962158,-0.2119165062904358,-0.05752461953312604,-0.17319601774215698,-0.20705968141555786,-0.07064191056639402,-0.06901335716247559,-0.2330150306224823,-0.01124575911313741,-0.10844594240188599,-0.2573646306991577,-0.0378593000605747,-0.13694113492965698,-0.235276997089386,-0.054346451444928334,-0.16047805547714233,-0.21264004707336426,-0.062164543105666326,-0.03170198202133179,-0.254146009683609,-0.019382407797877477,-0.06811171770095825,-0.2487379014492035,-0.052661040706937,-0.06323999166488647,-0.15155768394470215,-0.05649761287719457,-0.052686452865600586,-0.07537949085235596,-0.051173517389599965,0.008258402347564697,-0.25594407320022583,-0.029204342423383878,-0.024526000022888184,-0.2361442744731903,-0.0545456240907356,-0.030533969402313232,-0.1548384726047516,-0.0533479246333286,-0.0264432430267334,-0.08915936946868896,-0.04663239224106519,No
0.0,0.0,0.0,-0.04925501346588135,-0.013321280479431152,-0.019675921688588005,-0.09763050079345703,-0.06128740310668945,-0.03214049343279157,-0.12483584880828857,-0.10901069641113281,-0.04604874182751928,-0.15328752994537354,-0.14031243324279785,-0.05958876762798582,-0.10857284069061279,-0.18161267042160034,-0.012646300758035522,-0.14718002080917358,-0.20794662833213806,-0.037527613381655556,-0.17402136325836182,-0.22260144352912903,-0.057975821236880165,-0.1947978138923645,-0.24871155619621277,-0.07171433422973905,-0.07572400569915771,-0.22350367903709412,-0.016501676331074577,-0.12362372875213623,-0.2520639896392822,-0.03960451860240255,-0.15514981746673584,-0.2612532377243042,-0.05538608137777601,-0.17952841520309448,-0.28187909722328186,-0.06588286165407453,-0.03609955310821533,-0.25167301297187805,-0.023675801272304398,-0.0710635781288147,-0.24216076731681824,-0.056232810060294014,-0.06304788589477539,-0.14450335502624512,-0.06072989482692037,-0.050849199295043945,-0.07298809289932251,-0.057066082994253975,0.006873488426208496,-0.2617710828781128,-0.03291415054610525,-0.02336585521697998,-0.23296231031417847,-0.05757594857624326,-0.02845090627670288,-0.15220874547958374,-0.05742632601669584,-0.025132358074188232,-0.09005257487297058,-0.052520610431940895,No
0.0,0.0,0.0,-0.051552534103393555,-0.016662657260894775,-0.018867111884759424,-0.09876376390457153,-0.06658518314361572,-0.030230763488219736,-0.12437719106674194,-0.11793914437294006,-0.04281036288361406,-0.15372419357299805,-0.1526952087879181,-0.05499991507153368,-0.11211222410202026,-0.1965150237083435,-0.012481766872809885,-0.14958417415618896,-0.2265261709690094,-0.03578945726971483,-0.17615020275115967,-0.24768900871276855,-0.05543532327632761,-0.1961851716041565,-0.27942535281181335,-0.06922278658370828,-0.0771588683128357,-0.23648646473884583,-0.016285642170117853,-0.12359786033630371,-0.2645203173160553,-0.03829446167569017,-0.15441161394119263,-0.27769437432289124,-0.05404764146427965,-0.17859351634979248,-0.3027290999889374,-0.06487890438060617,-0.03596329689025879,-0.2611936330795288,-0.02311388880829668,-0.07095587253570557,-0.24715158343315125,-0.05497508973698473,-0.06479138135910034,-0.1484805941581726,-0.060024493493841646,-0.05328822135925293,-0.0774451494216919,-0.05701125890831804,0.007272541522979736,-0.2667655348777771,-0.031917688556717394,-0.025271475315093994,-0.23743009567260742,-0.0573080490611062,-0.030772507190704346,-0.15550798177719116,-0.05803656310658312,-0.026204347610473633,-0.09300932288169861,-0.05363003269653177,No
0.0,0.0,0.0,-0.049300312995910645,-0.01614511013031006,-0.018914981323121083,-0.100868821144104,-0.07063186168670654,-0.0315114283438902,-0.12935632467269897,-0.12512236833572388,-0.04499491541349698,-0.14553791284561157,-0.156436026096344,-0.05738619579636861,-0.10480332374572754,-0.18806931376457214,-0.0077259699318688035,-0.14132875204086304,-0.2067927122116089,-0.03206375105941106,-0.1548333764076233,-0.20663458108901978,-0.04896339266264249,-0.1621972918510437,-0.19399750232696533,-0.057018718260167134,-0.07140851020812988,-0.22711661458015442,-0.009320620025334847,-0.11070406436920166,-0.24818867444992065,-0.03350918977224637,-0.1305617094039917,-0.22532597184181213,-0.04473297535145093,-0.1446084976196289,-0.1950250267982483,-0.047685275363562596,-0.03324395418167114,-0.2487669587135315,-0.014593374493358624,-0.0689246654510498,-0.24707618355751038,-0.04528195648157407,-0.06385278701782227,-0.1560041308403015,-0.0464262874301653,-0.05226939916610718,-0.07866257429122925,-0.038766367870209706,0.007323265075683594,-0.2522142231464386,-0.021611249583600056,-0.02583092451095581,-0.2364213764667511,-0.045799142258999836,-0.030641913414001465,-0.16119375824928284,-0.04487079246604253,-0.024407267570495605,-0.09709709882736206,-0.037724191832182896,No
0.0,0.0,0.0,-0.05088508129119873,-0.016698002815246582,-0.016007980399564303,-0.09972268342971802,-0.06278246641159058,-0.027250265770391024,-0.1278199553489685,-0.10931563377380371,-0.0402084310285602,-0.15698450803756714,-0.13656768202781677,-0.05321598618550638,-0.10480761528015137,-0.18631261587142944,-0.006111844510570563,-0.13760709762573242,-0.2014199197292328,-0.028118616037801303,-0.16030746698379517,-0.21176791191101074,-0.04732553481383661,-0.17834830284118652,-0.23210498690605164,-0.060173986547425784,-0.07192403078079224,-0.2267601490020752,-0.010355980203286208,-0.11185705661773682,-0.2487543523311615,-0.03009630746467451,-0.1408146619796753,-0.24578696489334106,-0.04353838606996874,-0.16319632530212402,-0.25067514181137085,-0.052231466465428866,-0.03324383497238159,-0.25092148780822754,-0.01764980710370878,-0.06785112619400024,-0.2425193190574646,-0.04675852327866892,-0.06328558921813965,-0.14424702525138855,-0.04967818602247576,-0.05249136686325073,-0.06926167011260986,-0.04532451003117899,0.0080108642578125,-0.25703513622283936,-0.026630049639180697,-0.023781418800354004,-0.2339249849319458,-0.048353022032216586,-0.029783666133880615,-0.15401893854141235,-0.046375004642442264,-0.025128483772277832,-0.08988296985626221,-0.040432984077170886,No
0.0,0.0,0.0,-0.04656338691711426,-0.009409427642822266,-0.027272675934319146,-0.0995626449584961,-0.053691089153289795,-0.0444203939317509,-0.13590008020401,-0.0783655047416687,-0.06324694939244235,-0.1649816632270813,-0.07363981008529663,-0.08213055767405475,-0.11547607183456421,-0.18020424246788025,-0.028649938109402306,-0.15469926595687866,-0.2551799416542053,-0.05532120801794971,-0.17776542901992798,-0.2996273338794708,-0.07179359235156024,-0.19279801845550537,-0.34713616967201233,-0.08221486099350894,-0.07858926057815552,-0.2238313853740692,-0.031771722066287644,-0.12240833044052124,-0.28347963094711304,-0.06441918649065936,-0.14932125806808472,-0.33148545026779175,-0.08430713303673709,-0.16948974132537842,-0.37929387390613556,-0.09422424324143375,-0.036087751388549805,-0.24825894832611084,-0.03764270879614795,-0.058209776878356934,-0.2254790961742401,-0.0803834188758179,-0.052251458168029785,-0.11959612369537354,-0.08754468597758258,-0.04542946815490723,-0.04148465394973755,-0.08037947751868213,0.008935630321502686,-0.2533513307571411,-0.04583303891408885,-0.012041091918945312,-0.21598303318023682,-0.0763555754004761,-0.015918850898742676,-0.1343226432800293,-0.07710777856696094,-0.015831291675567627,-0.0687415599822998,-0.06995728500473941,No
0.0,0.0,0.0,-0.04927033185958862,-0.02035701274871826,-0.024915347149004674,-0.0995681881904602,-0.07149696350097656,-0.04066564356290314,-0.12746357917785645,-0.12822294235229492,-0.05639211302005265,-0.1344836950302124,-0.165033221244812,-0.07018719454609368,-0.10478460788726807,-0.18668025732040405,-0.015369701472451425,-0.13991665840148926,-0.2053886353969574,-0.04163787727557633,-0.14824175834655762,-0.21212539076805115,-0.0567233136793277,-0.15134549140930176,-0.20201259851455688,-0.062453108181586,-0.06901925802230835,-0.2286480963230133,-0.013930221361448503,-0.1002892255783081,-0.24940752983093262,-0.04178373356663201,-0.10783815383911133,-0.22604554891586304,-0.05192106058203194,-0.1147565245628357,-0.18942171335220337,-0.05229081799589608,-0.030247926712036133,-0.25280269980430603,-0.016652707283725476,-0.05920612812042236,-0.23511135578155518,-0.05069346566997979,-0.05178111791610718,-0.1461012065410614,-0.05194286470614884,-0.042811691761016846,-0.06597346067428589,-0.04244175394379113,0.00954979658126831,-0.2575908899307251,-0.021510111441244817,-0.016601145267486572,-0.22991982102394104,-0.04746805717550728,-0.021141529083251953,-0.15563273429870605,-0.04774294634663079,-0.019726872444152832,-0.08836016058921814,-0.040222285588612294,No
0.0,0.0,0.0,-0.05058121681213379,-0.023329973220825195,-0.016550976011728835,-0.09806603193283081,-0.06856399774551392,-0.026544272128319335,-0.12719732522964478,-0.10692048072814941,-0.03791919646022279,-0.15495014190673828,-0.11994951963424683,-0.04908123162744005,-0.10749012231826782,-0.1838887631893158,-0.013396189708089423,-0.13753283023834229,-0.21182814240455627,-0.035518328819250655,-0.1561986207962036,-0.23130151629447937,-0.05446214896795709,-0.1692725419998169,-0.26700666546821594,-0.06813077924010713,-0.07288843393325806,-0.22195687890052795,-0.017721546042537284,-0.10880017280578613,-0.2523176968097687,-0.03929510262963731,-0.12943333387374878,-0.2673105299472809,-0.05495505330321748,-0.145624041557312,-0.29354360699653625,-0.06579284665343721,-0.031406939029693604,-0.24722811579704285,-0.02451134954748113,-0.05666041374206543,-0.23384997248649597,-0.05638163087127168,-0.051139771938323975,-0.1345071792602539,-0.06158354428765733,-0.042437613010406494,-0.06250327825546265,-0.05813988221046884,0.012821435928344727,-0.2539866864681244,-0.03299099874851663,-0.008964061737060547,-0.22560203075408936,-0.056912253770804,-0.014351487159729004,-0.14482057094573975,-0.056940312657332015,-0.011933088302612305,-0.08325445652008057,-0.0521386742329355,No
0.0,0.0,0.0,-0.04575169086456299,0.0004926919937133789,-0.059273246026009474,-0.07758069038391113,-0.025945425033569336,-0.09726317161914722,-0.0958561897277832,-0.06397277116775513,-0.13024973059293643,-0.12123358249664307,-0.072909414768219,-0.16219086135026828,-0.09401112794876099,-0.1718994379043579,-0.06663938546773807,-0.10473227500915527,-0.23875755071640015,-0.11005696589347735,-0.10798585414886475,-0.28649890422821045,-0.13896924937364474,-0.10459721088409424,-0.33656689524650574,-0.1570561000168027,-0.05913805961608887,-0.20677977800369263,-0.056652366465300474,-0.0656999945640564,-0.26964226365089417,-0.1063027077376546,-0.06723260879516602,-0.31960898637771606,-0.13325539911386386,-0.06890314817428589,-0.37203481793403625,-0.14667256856557742,-0.02246570587158203,-0.22571372985839844,-0.05223818430897609,-0.012013852596282959,-0.22872009873390198,-0.1095734083115758,-0.011557936668395996,-0.1338629126548767,-0.12038889462348834,-0.012917757034301758,-0.06402254104614258,-0.11357912356254474,0.014884889125823975,-0.23123231530189514,-0.05238806018826381,0.022823989391326904,-0.22388607263565063,-0.09479065174457446,0.01797783374786377,-0.15015104413032532,-0.1025514745175542,0.01167386770248413,-0.0930929183959961,-0.09931240165826694,No
0.0,0.0,0.0,-0.044326603412628174,-0.03424352407455444,-0.034922022212761306,-0.08073824644088745,-0.09489178657531738,-0.05815592019678917,-0.09251463413238525,-0.1732657551765442,-0.07970420627714958,-0.0743710994720459,-0.22242283821105957,-0.0988302191984829,-0.08869791030883789,-0.19117355346679688,-0.026530466814058684,-0.11061882972717285,-0.23932161927223206,-0.05790186657430496,-0.09870004653930664,-0.22328200936317444,-0.07571569441677894,-0.08246105909347534,-0.2032749056816101,-0.08435771225811806,-0.051387786865234375,-0.21486535668373108,-0.021809028301852607,-0.060576677322387695,-0.26617538928985596,-0.06060061960341301,-0.04601740837097168,-0.2047950029373169,-0.07546204685093727,-0.03869056701660156,-0.1525052785873413,-0.07739393769623604,-0.013146579265594482,-0.22816115617752075,-0.021848600198048018,-0.021362662315368652,-0.26802727580070496,-0.06389129518391456,-0.013830959796905518,-0.176454097032547,-0.06643490104796257,-0.011233150959014893,-0.10308176279067993,-0.0569237543535408,0.022631347179412842,-0.2302100658416748,-0.024312853653448485,0.015041351318359375,-0.2584230899810791,-0.05499296991946068,0.013384819030761719,-0.19001755118370056,-0.0561353786182579,0.011283695697784424,-0.13307014107704163,-0.049286477108019255,No
0.0,0.0,0.0,-0.04076731204986572,-0.021886825561523438,-0.03499859742041167,-0.07187485694885254,-0.06605511903762817,-0.05378557539697226,-0.08906674385070801,-0.0952068567276001,-0.07239948011155661,-0.11469656229019165,-0.09271717071533203,-0.09007488734241065,-0.09266763925552368,-0.20497792959213257,-0.02785648948665198,-0.10419213771820068,-0.29614943265914917,-0.052863431937652194,-0.10979801416397095,-0.3531723916530609,-0.0686228404116207,-0.10975849628448486,-0.4085211157798767,-0.0780285427641445,-0.05446594953536987,-0.23052385449409485,-0.0271193011027151,-0.06636667251586914,-0.31755512952804565,-0.057405194110828006,-0.0706944465637207,-0.38537685573101044,-0.07534588671441611,-0.07293355464935303,-0.4502548575401306,-0.08364564723487433,-0.015311121940612793,-0.2373276948928833,-0.030920130975204074,-0.006145298480987549,-0.24561411142349243,-0.07573703474517401,-0.006660580635070801,-0.1538153886795044,-0.08658877558227118,-0.010253429412841797,-0.0829363465309143,-0.08039396054263648,0.023366212844848633,-0.23060619831085205,-0.03734033725376662,0.029912889003753662,-0.2275492548942566,-0.07105289942737159,0.022174715995788574,-0.15953528881072998,-0.07549103147502478,0.013005375862121582,-0.10142695903778076,-0.07030971146340903,No
0.0,0.0,0.0,-0.04395371675491333,-0.020400941371917725,-0.02912637918546812,-0.07436573505401611,-0.06260281801223755,-0.045304392942339344,-0.08283263444900513,-0.1157534122467041,-0.06163992873683588,-0.09749400615692139,-0.16106796264648438,-0.07620991534844057,-0.09597760438919067,-0.18547287583351135,-0.014805795171410008,-0.11238670349121094,-0.24569952487945557,-0.038236667879969044,-0.11799967288970947,-0.27988195419311523,-0.05590115628495829,-0.11646431684494019,-0.3208291828632355,-0.06738353289023058,-0.05818265676498413,-0.21515989303588867,-0.014507375204116268,-0.07737010717391968,-0.2829948663711548,-0.04093479506030695,-0.08214032649993896,-0.3219565451145172,-0.05773612997785227,-0.08379936218261719,-0.36225196719169617,-0.06678492344275133,-0.018718957901000977,-0.2284311056137085,-0.01902133553579466,-0.02464193105697632,-0.255083292722702,-0.06121736160770075,-0.01886153221130371,-0.1631811261177063,-0.07075391478195803,-0.01351255178451538,-0.09182065725326538,-0.06599773980036394,0.02195030450820923,-0.22978678345680237,-0.02524822346225397,0.014447808265686035,-0.2396550476551056,-0.05849216274276392,0.008418023586273193,-0.16974499821662903,-0.06255712128534929,0.0049901604652404785,-0.11076757311820984,-0.05804342544928209,No
0.0,0.0,0.0,-0.043050944805145264,-0.029334723949432373,-0.044227778710563825,-0.07663732767105103,-0.06681787967681885,-0.07402006516619508,-0.08502370119094849,-0.12125450372695923,-0.10088510791226213,-0.09901738166809082,-0.1689128577709198,-0.1248400134818155,-0.09800523519515991,-0.21884596347808838,-0.03730643147989099,-0.1163870096206665,-0.25094518065452576,-0.07774128744765108,-0.11045050621032715,-0.22125941514968872,-0.10458546111746614,-0.10180747509002686,-0.19931316375732422,-0.11903811226054017,-0.05892723798751831,-0.2454778254032135,-0.03249056989713495,-0.07701945304870605,-0.3024314045906067,-0.0765028295890886,-0.0690542459487915,-0.23746657371520996,-0.09535891542597597,-0.06160390377044678,-0.18635931611061096,-0.10028903911276643,-0.01802539825439453,-0.25665754079818726,-0.033698413320024656,-0.026297450065612793,-0.2685204744338989,-0.08040989170237367,-0.02162790298461914,-0.1700384020805359,-0.08464924225970094,-0.019131958484649658,-0.10176467895507812,-0.07611164430542772,0.021551907062530518,-0.25153419375419617,-0.038457076795538114,0.013221025466918945,-0.25155940651893616,-0.06971678117676561,0.007672786712646484,-0.17858415842056274,-0.0704966930524904,0.003992021083831787,-0.12696486711502075,-0.06392677108212297,No
0.0,0.0,0.0,-0.04010254144668579,-0.02414071559906006,-0.04225583301032998,-0.07178789377212524,-0.05917090177536011,-0.07053631843174912,-0.0858454704284668,-0.10318833589553833,-0.09632624239768006,-0.11182010173797607,-0.12360462546348572,-0.11974744797791459,-0.10397148132324219,-0.20188522338867188,-0.03906676099742867,-0.12627750635147095,-0.24546197056770325,-0.07388157696570374,-0.12169855833053589,-0.22437229752540588,-0.09608253390635468,-0.11366283893585205,-0.21351683139801025,-0.10827822537268617,-0.06411051750183105,-0.23423898220062256,-0.03413231597389199,-0.08524751663208008,-0.2839239835739136,-0.07200984955872514,-0.08194178342819214,-0.2604692578315735,-0.0893211618169687,-0.0785326361656189,-0.24982184171676636,-0.09603490234459855,-0.021664738655090332,-0.24971413612365723,-0.03447564617837884,-0.025577127933502197,-0.255374014377594,-0.08007622064198472,-0.020027577877044678,-0.15701442956924438,-0.08612276167716004,-0.016713380813598633,-0.08237433433532715,-0.07907270194138505,0.02126401662826538,-0.24894553422927856,-0.03803697527493455,0.017017483711242676,-0.2430610954761505,-0.07136796713913895,0.010357022285461426,-0.16546320915222168,-0.0740289270981691,0.006065547466278076,-0.10313397645950317,-0.06857348532523133,No
0.0,0.0,0.0,-0.04522985219955444,-0.015650272369384766,-0.04166946224998469,-0.08434563875198364,-0.05143040418624878,-0.06679514460395808,-0.10581159591674805,-0.08434003591537476,-0.09145665578674311,-0.12243515253067017,-0.08088171482086182,-0.11478467695545191,-0.1049795150756836,-0.19114387035369873,-0.03359930627178187,-0.12473487854003906,-0.27934759855270386,-0.061647322402706095,-0.13539665937423706,-0.333296000957489,-0.07886025719474787,-0.13904500007629395,-0.3867983818054199,-0.08963768594097132,-0.06821852922439575,-0.22733154892921448,-0.031016001851668307,-0.09008455276489258,-0.3011538088321686,-0.06623987518381114,-0.1014091968536377,-0.3628959208726883,-0.08662581853698725,-0.10907125473022461,-0.4221563935279846,-0.09594653211664195,-0.029063522815704346,-0.24406281113624573,-0.03364197574686045,-0.023568809032440186,-0.23988106846809387,-0.0816079791648292,-0.020935773849487305,-0.14102011919021606,-0.09294435791801448,-0.021204113960266113,-0.06758540868759155,-0.08663228564094538,0.01209324598312378,-0.24536263942718506,-0.03959064223002429,0.016938984394073486,-0.22693869471549988,-0.07373670153450007,0.011190295219421387,-0.15237271785736084,-0.0791234638554954,0.004039287567138672,-0.09201687574386597,-0.0746141191584968,No
0.0,0.0,0.0,-0.04737907648086548,-0.00916355848312378,-0.04108635397017224,-0.08991056680679321,-0.04170805215835571,-0.06698268712818845,-0.11433720588684082,-0.06610840559005737,-0.09169364781439526,-0.13108795881271362,-0.05939209461212158,-0.11469499827683194,-0.10821998119354248,-0.18479305505752563,-0.044298247111441924,-0.1279200315475464,-0.27748045325279236,-0.07598362178862317,-0.13864660263061523,-0.33528342843055725,-0.0941121882325433,-0.14307522773742676,-0.391847625374794,-0.10454526604473813,-0.07195550203323364,-0.22237756848335266,-0.04228557334602101,-0.09135568141937256,-0.30332309007644653,-0.0813241160041116,-0.10258430242538452,-0.37127622961997986,-0.10216493220389111,-0.10943865776062012,-0.43508002161979675,-0.11113523752749188,-0.03233182430267334,-0.23828640580177307,-0.04431605772435887,-0.02665424346923828,-0.2261204719543457,-0.09193664104998334,-0.025991618633270264,-0.12913507223129272,-0.09886580766499264,-0.026466310024261475,-0.06019008159637451,-0.08960492969811185,0.00940638780593872,-0.23667389154434204,-0.04981256337225659,0.013014614582061768,-0.21643486618995667,-0.08171320022404416,0.006276071071624756,-0.14206013083457947,-0.0829829654222749,-0.001091301441192627,-0.08710038661956787,-0.07571854503214581,No
0.0,0.0,0.0,-0.046895384788513184,-0.007882118225097656,-0.048594218024447855,-0.08309954404830933,-0.04525017738342285,-0.07706612376256317,-0.10076123476028442,-0.08860242366790771,-0.10324232307954162,-0.12230229377746582,-0.10678809881210327,-0.12746207443757385,-0.1055610179901123,-0.1809830665588379,-0.046645764538482126,-0.12700170278549194,-0.26199647784233093,-0.08161640194936126,-0.13825637102127075,-0.3137252926826477,-0.10347869274897903,-0.14257478713989258,-0.3665591925382614,-0.11715992567820877,-0.0696755051612854,-0.21566471457481384,-0.04207373810692161,-0.09270179271697998,-0.2898014485836029,-0.08511071679873794,-0.10502511262893677,-0.34752994775772095,-0.10942365256829589,-0.11259537935256958,-0.40515851974487305,-0.12113339481635421,-0.030715107917785645,-0.23351839184761047,-0.04287773025913566,-0.02999269962310791,-0.23878884315490723,-0.0964793416647467,-0.025843441486358643,-0.13980326056480408,-0.10645563183112472,-0.021855175495147705,-0.07025492191314697,-0.0990258458046469,0.010791182518005371,-0.23754647374153137,-0.04756182087345451,0.009638845920562744,-0.22689440846443176,-0.08635253486914962,0.004852175712585449,-0.1511957049369812,-0.09208977250142425,0.0010567307472229004,-0.09411543607711792,-0.08768539158387512,No
0.0,0.0,0.0,-0.0483662486076355,-0.0357898473739624,-0.03222629367951413,-0.08813261985778809,-0.09583991765975952,-0.054775401350298125,-0.10709720849990845,-0.16610342264175415,-0.07627590313200017,-0.10675537586212158,-0.21822193264961243,-0.09502167567256947,-0.09370869398117065,-0.21524494886398315,-0.023477708321252067,-0.11599677801132202,-0.2464073896408081,-0.05424494608882924,-0.10441076755523682,-0.2206149697303772,-0.07161937966588994,-0.089621901512146,-0.18659690022468567,-0.0796484903955843,-0.054815709590911865,-0.24165785312652588,-0.020540063601174552,-0.05949258804321289,-0.2614663243293762,-0.061445142474212844,-0.043318092823028564,-0.17344903945922852,-0.07643728270772954,-0.03469264507293701,-0.09716290235519409,-0.07714337423090001,-0.01602417230606079,-0.2547876834869385,-0.02231454044226666,-0.022967278957366943,-0.25649404525756836,-0.06367574199680348,-0.015649020671844482,-0.16351968050003052,-0.06648806050066014,-0.012236356735229492,-0.08603399991989136,-0.057284529652633864,0.020099759101867676,-0.25241464376449585,-0.026533591892757613,0.012330710887908936,-0.24371126294136047,-0.05620595380310078,0.009981632232666016,-0.1727128028869629,-0.05772630065325757,0.008315324783325195,-0.11466735601425171,-0.050964045670070846,No
0.0,0.0,0.0,-0.047543883323669434,-0.011096775531768799,-0.05018831529795875,-0.08108681440353394,-0.04728943109512329,-0.0823372613745903,-0.09430593252182007,-0.0944817066192627,-0.111284160252211,-0.12009865045547485,-0.12267321348190308,-0.13849884384453048,-0.10583478212356567,-0.17958307266235352,-0.05058526360571136,-0.12844359874725342,-0.23690593242645264,-0.0906438391762947,-0.13475006818771362,-0.26062607765197754,-0.11695716642915954,-0.1347559690475464,-0.2916475236415863,-0.1331427108603691,-0.06815636157989502,-0.21490859985351562,-0.04482217245876541,-0.0903518795967102,-0.2687750458717346,-0.09090724700271835,-0.09613430500030518,-0.2930346429347992,-0.11471547299206009,-0.09949368238449097,-0.32493531703948975,-0.12624129765808334,-0.02791529893875122,-0.2332531213760376,-0.04484750443279495,-0.03253936767578125,-0.23686864972114563,-0.10008557998716583,-0.028070688247680664,-0.13899695873260498,-0.10823267066061248,-0.02383488416671753,-0.06978046894073486,-0.10081017130195846,0.01312488317489624,-0.23682931065559387,-0.04877292850196113,0.008591890335083008,-0.22337043285369873,-0.08975081258594741,0.0027747750282287598,-0.1471724510192871,-0.09537128471910705,-0.0008781552314758301,-0.09059977531433105,-0.09122774117767563,No
0.0,0.0,0.0,-0.04673033952713013,-0.013180553913116455,-0.044671818607213254,-0.08382606506347656,-0.049562692642211914,-0.07187309115445828,-0.09964096546173096,-0.09345537424087524,-0.09751704334533429,-0.11848419904708862,-0.12148857116699219,-0.121425122015836,-0.10445982217788696,-0.18458926677703857,-0.039804894470336194,-0.12388855218887329,-0.2521887719631195,-0.07410498707807278,-0.13387417793273926,-0.29454511404037476,-0.09747077523982739,-0.13733452558517456,-0.3428911566734314,-0.11261670290744519,-0.06757092475891113,-0.21780318021774292,-0.036918461315991635,-0.08905822038650513,-0.2799570560455322,-0.07761409132993435,-0.09946209192276001,-0.3270634114742279,-0.10129225253379559,-0.10650807619094849,-0.3794792592525482,-0.11342666297471737,-0.02738344669342041,-0.2344488501548767,-0.03951130806720471,-0.02881520986557007,-0.23846718668937683,-0.09248545020139431,-0.024582862854003906,-0.13922959566116333,-0.10210856794631695,-0.020352303981781006,-0.06937211751937866,-0.0951000749996922,0.014734148979187012,-0.2355329394340515,-0.0455845743349812,0.012715458869934082,-0.22789499163627625,-0.08496075122869229,0.007018327713012695,-0.15124616026878357,-0.08990386127746319,0.0031023025512695312,-0.09237343072891235,-0.08500968664205288,No
0.0,0.0,0.0,-0.04593324661254883,-0.013487577438354492,-0.036210076754684906,-0.08250445127487183,-0.053898751735687256,-0.05629390278994606,-0.10417765378952026,-0.09378218650817871,-0.0762297900968747,-0.13084161281585693,-0.10011214017868042,-0.09451963180839584,-0.10918784141540527,-0.19183549284934998,-0.028555584942694168,-0.1297624707221985,-0.284590482711792,-0.05486791381775902,-0.14070963859558105,-0.34061360359191895,-0.07134589726268814,-0.1455744504928589,-0.3959003686904907,-0.0815049501711087,-0.07325917482376099,-0.2242526412010193,-0.028300652151699524,-0.09599429368972778,-0.3116147518157959,-0.061521524434681396,-0.1069381833076477,-0.37714216113090515,-0.08176940852939651,-0.11353957653045654,-0.440777450799942,-0.09141725475132034,-0.033398449420928955,-0.23747164011001587,-0.032545113807316284,-0.030966639518737793,-0.24868729710578918,-0.07931464338838623,-0.026977896690368652,-0.1495589017868042,-0.08885909045278595,-0.024932444095611572,-0.07775574922561646,-0.08161635125219391,0.00901728868484497,-0.2359933853149414,-0.0395655686610894,0.01040804386138916,-0.23385027050971985,-0.07335373187601135,0.004686892032623291,-0.15973025560379028,-0.07639613175928162,-0.0009338259696960449,-0.10103070735931396,-0.07034228170454071,No
0.0,0.0,0.0,-0.046797096729278564,-0.007820844650268555,-0.041901924693831916,-0.08505076169967651,-0.048719584941864014,-0.06688927584315252,-0.10737019777297974,-0.08658832311630249,-0.09082960807705831,-0.1305149793624878,-0.08986371755599976,-0.11273806267405462,-0.10813003778457642,-0.18672984838485718,-0.03893561013961744,-0.1295090913772583,-0.2775016129016876,-0.06902695172453832,-0.1401093602180481,-0.33433473110198975,-0.08732506358052206,-0.14432650804519653,-0.38858407735824585,-0.09877740317011785,-0.07142013311386108,-0.2179459035396576,-0.03744473033572149,-0.09407246112823486,-0.3042561709880829,-0.07590548419381093,-0.10619121789932251,-0.3704608231782913,-0.09841950708056402,-0.11329054832458496,-0.43281787633895874,-0.10933290147210073,-0.031600773334503174,-0.22948038578033447,-0.040438898885497565,-0.032639145851135254,-0.24341359734535217,-0.08913124077940893,-0.029036283493041992,-0.14290443062782288,-0.0959636020007224,-0.025509297847747803,-0.07158327102661133,-0.08698194199229192,0.011102437973022461,-0.22686263918876648,-0.04687579073930692,0.008468687534332275,-0.22782593965530396,-0.08125214749003362,0.0035163164138793945,-0.15239840745925903,-0.08293788605357122,-0.0006027817726135254,-0.09496504068374634,-0.07607745849514913,No
0.0,0.0,0.0,-0.04573178291320801,-0.010303497314453125,-0.037125274737149994,-0.0818447470664978,-0.048981547355651855,-0.0586152115955656,-0.1021239161491394,-0.08981406688690186,-0.07983708401468448,-0.12933528423309326,-0.10194578766822815,-0.099243074853689,-0.10863018035888672,-0.18580904603004456,-0.030125048209697525,-0.13004624843597412,-0.27560722827911377,-0.057482049067289154,-0.14126712083816528,-0.3295377492904663,-0.07472211887386493,-0.14571374654769897,-0.3827206939458847,-0.08541440238502673,-0.07243579626083374,-0.21838444471359253,-0.029666295473248283,-0.09466421604156494,-0.30105751752853394,-0.0645108970001047,-0.10667657852172852,-0.3629492223262787,-0.08576249351051501,-0.11407482624053955,-0.4241499602794647,-0.09608117510822467,-0.03252667188644409,-0.23232334852218628,-0.03367760052231006,-0.031173110008239746,-0.24647274613380432,-0.08112040926960162,-0.026577353477478027,-0.1467309594154358,-0.08979152907875232,-0.022980451583862305,-0.07528358697891235,-0.08215582390573672,0.010149121284484863,-0.23143133521080017,-0.040496327181131164,0.009264588356018066,-0.23285794258117676,-0.07485908289697818,0.004524946212768555,-0.15720444917678833,-0.0774823205664461,0.0005901455879211426,-0.09812432527542114,-0.07112760861662082,No
0.0,0.0,0.0,-0.045616209506988525,-0.006193578243255615,-0.03664814533023275,-0.08072817325592041,-0.04457497596740723,-0.05776246861843504,-0.09491747617721558,-0.09017676115036011,-0.07818108649281896,-0.12076294422149658,-0.12440487742424011,-0.09675015361337103,-0.10540002584457397,-0.17500197887420654,-0.030003339436930787,-0.12782585620880127,-0.254209965467453,-0.059447335464042794,-0.13897866010665894,-0.3016444146633148,-0.07848114372519888,-0.14258593320846558,-0.35217051208019257,-0.09011877925424017,-0.06963241100311279,-0.20758789777755737,-0.02908339389888681,-0.09542852640151978,-0.28615474700927734,-0.06389301867513097,-0.1075049638748169,-0.33708733320236206,-0.08412192614106573,-0.11461246013641357,-0.39037445187568665,-0.09375894666938223,-0.030180156230926514,-0.22329890727996826,-0.03293575571207441,-0.03722989559173584,-0.24757236242294312,-0.08255763949183859,-0.030563831329345703,-0.14859908819198608,-0.09191638828544058,-0.02353423833847046,-0.07654088735580444,-0.0845577031495992,0.011449098587036133,-0.22579771280288696,-0.03921346218614019,0.004135191440582275,-0.23218438029289246,-0.07777018697289861,0.0011533498764038086,-0.15659743547439575,-0.08233940453557409,0.00031185150146484375,-0.0971449613571167,-0.07664842755822576,No
0.0,0.0,0.0,-0.04703056812286377,-0.027727365493774414,-0.025500781368890557,-0.08376067876815796,-0.07941603660583496,-0.04384437529412821,-0.10022687911987305,-0.14071279764175415,-0.06274259043900088,-0.10458934307098389,-0.1920723021030426,-0.08087572408882693,-0.09222167730331421,-0.18083393573760986,-0.016831956338563714,-0.12158167362213135,-0.21216952800750732,-0.043447572272697244,-0.12045514583587646,-0.2152380645275116,-0.06057949690190867,-0.1113693118095398,-0.2066268026828766,-0.06945256097284869,-0.05523407459259033,-0.21072664856910706,-0.0164735275324972,-0.07462024688720703,-0.25799795985221863,-0.051206055563369546,-0.0650896430015564,-0.20037883520126343,-0.06613200856415347,-0.05495285987854004,-0.13427847623825073,-0.06860566837755755,-0.016855835914611816,-0.22734364867210388,-0.01996529614595488,-0.03720235824584961,-0.2600068747997284,-0.05776591924993113,-0.030377209186553955,-0.1740356981754303,-0.062355827074924264,-0.021377742290496826,-0.09343189001083374,-0.055429618340411935,0.022487521171569824,-0.2275371551513672,-0.025038787629881654,0.0012552738189697266,-0.24496570229530334,-0.05286103813020304,-0.002688586711883545,-0.178860604763031,-0.05463242111770228,-0.0009631514549255371,-0.11559957265853882,-0.04924388183323458,No
0.0,0.0,0.0,-0.04575181007385254,-0.02091902494430542,-0.03329502175294863,-0.08188438415527344,-0.06080293655395508,-0.055868787120218144,-0.09753298759460449,-0.11533182859420776,-0.07778328786336886,-0.109951913356781,-0.1634972095489502,-0.09820965806686388,-0.09678590297698975,-0.17432957887649536,-0.023913496534461842,-0.1248311996459961,-0.2158387005329132,-0.05466549227678286,-0.1250838041305542,-0.21701893210411072,-0.07389572391950594,-0.11591535806655884,-0.1978224515914917,-0.08287774900638567,-0.05955493450164795,-0.2079700231552124,-0.020535369764203892,-0.08483964204788208,-0.2620074450969696,-0.05511367450201021,-0.08445298671722412,-0.2377270758152008,-0.07095383236848818,-0.07895869016647339,-0.19657322764396667,-0.0752981914087485,-0.020708918571472168,-0.22621509432792664,-0.02231552208506571,-0.04001682996749878,-0.25958818197250366,-0.06309604773962008,-0.03383404016494751,-0.17423582077026367,-0.07054573426687227,-0.02286285161972046,-0.09163123369216919,-0.06520050893270479,0.020020902156829834,-0.22719663381576538,-0.02637312317931162,0.00046557188034057617,-0.23729968070983887,-0.05921670178615557,-0.0035108327865600586,-0.1683519184589386,-0.06508464495384203,-0.0001195073127746582,-0.10251492261886597,-0.061851685295934544,No
0.0,0.0,0.0,-0.046374380588531494,-0.014633119106292725,-0.02174207372478676,-0.08498883247375488,-0.0640990138053894,-0.0327333862882061,-0.10549557209014893,-0.11263790726661682,-0.045885456631700516,-0.13508856296539307,-0.14568659663200378,-0.05809284550956917,-0.10234951972961426,-0.18179500102996826,-0.008915102015058518,-0.127261221408844,-0.2665841579437256,-0.029160132537405015,-0.1405806541442871,-0.3144516944885254,-0.04374940870217514,-0.14738690853118896,-0.36426734924316406,-0.05327036036066246,-0.06729429960250854,-0.21113580465316772,-0.01319079184792471,-0.09841799736022949,-0.29739683866500854,-0.037876119742910386,-0.11291003227233887,-0.3489956259727478,-0.055184816847364426,-0.12346547842025757,-0.40073713660240173,-0.06430816082171631,-0.027313590049743652,-0.22533416748046875,-0.02123109800628853,-0.03901582956314087,-0.25838014483451843,-0.061904983500759125,-0.03359222412109375,-0.1594112515449524,-0.0709804016154213,-0.028600752353668213,-0.08672565221786499,-0.06562566934041214,0.01576775312423706,-0.22675064206123352,-0.03061711592487526,0.004828095436096191,-0.23810723423957825,-0.06278946427516174,-0.0015302300453186035,-0.16338032484054565,-0.06540102688483429,-0.004299938678741455,-0.1028892993927002,-0.059833085070173264,No
0.0,0.0,0.0,-0.05104970932006836,-0.01184701919555664,-0.030424598554844806,-0.09154534339904785,-0.05985826253890991,-0.0480486284445476,-0.11593490839004517,-0.10613077878952026,-0.06656315731513018,-0.14606750011444092,-0.12195348739624023,-0.08430345165240283,-0.10548985004425049,-0.19471660256385803,-0.02580258245276923,-0.12857460975646973,-0.292271226644516,-0.05199693697201724,-0.14038318395614624,-0.3487900495529175,-0.0688659976671886,-0.14533740282058716,-0.404433012008667,-0.07930479007470126,-0.06949883699417114,-0.21872326731681824,-0.028350392306919048,-0.09809821844100952,-0.32214388251304626,-0.05931141781317706,-0.1117485761642456,-0.38818465173244476,-0.0779495741676044,-0.11996281147003174,-0.4517356604337692,-0.08712522494303698,-0.029219865798950195,-0.22532671689987183,-0.0348124820243072,-0.04051029682159424,-0.2595866918563843,-0.08018280374514575,-0.036410748958587646,-0.15925639867782593,-0.08804271924006457,-0.0316891074180603,-0.08497405052185059,-0.08045825170981402,0.013087987899780273,-0.21973687410354614,-0.04349528434383387,0.0015146136283874512,-0.23341864347457886,-0.07786515908944125,-0.005109310150146484,-0.15840557217597961,-0.079500636036272,-0.007747948169708252,-0.097603440284729,-0.07259342628228183,No
0.0,0.0,0.0,-0.05226653814315796,-0.007919073104858398,-0.033792486840440006,-0.09264308214187622,-0.05346393585205078,-0.0541007392644417,-0.11842793226242065,-0.09592914581298828,-0.07491012146468279,-0.14840716123580933,-0.10476630926132202,-0.09459945043320772,-0.10575246810913086,-0.1900414228439331,-0.03197946255798456,-0.1284947395324707,-0.28930819034576416,-0.05975090196128008,-0.14068830013275146,-0.3481955975294113,-0.07642291715140459,-0.14538002014160156,-0.40480248630046844,-0.08674489935631868,-0.06823396682739258,-0.2167089581489563,-0.03386679148073313,-0.09574508666992188,-0.3197043836116791,-0.0683006071090233,-0.11049509048461914,-0.38932354748249054,-0.08855559160704729,-0.11865276098251343,-0.45406073331832886,-0.09853203823561785,-0.02753347158432007,-0.2243138551712036,-0.03950830032820818,-0.03652632236480713,-0.2544657588005066,-0.08659631242747423,-0.03431594371795654,-0.15102678537368774,-0.09325132002825853,-0.03066563606262207,-0.07509124279022217,-0.08444818338151094,0.014923155307769775,-0.21975713968276978,-0.047759561294270725,0.005155742168426514,-0.2279549539089203,-0.08256440838570711,-0.0011414885520935059,-0.15121683478355408,-0.08393056919570085,-0.0043135881423950195,-0.0901176929473877,-0.07669435670371172,No
0.0,0.0,0.0,-0.05122947692871094,-0.009470462799072266,-0.03386977239605926,-0.09174114465713501,-0.05367463827133179,-0.0542147226547911,-0.11850911378860474,-0.09553125500679016,-0.07539516984579109,-0.14849227666854858,-0.10273247957229614,-0.09560587554332756,-0.10464662313461304,-0.19304054975509644,-0.029595407835216747,-0.1279049515724182,-0.29251301288604736,-0.057036458692522274,-0.13996243476867676,-0.351378858089447,-0.07423350512144111,-0.14477676153182983,-0.4075189381837845,-0.0848483100449755,-0.06741416454315186,-0.21833476424217224,-0.03157775401231788,-0.09486645460128784,-0.31928548216819763,-0.06526001094934486,-0.10924464464187622,-0.39000368118286133,-0.0854693159377291,-0.11778295040130615,-0.4547037184238434,-0.09539573191759132,-0.026855409145355225,-0.22531038522720337,-0.037712990484209286,-0.03701508045196533,-0.25530120730400085,-0.08457853197214149,-0.03447246551513672,-0.15464749932289124,-0.09244386403915428,-0.03112846612930298,-0.0787515640258789,-0.08432949631568931,0.015633702278137207,-0.22076323628425598,-0.04651370941755317,0.006525933742523193,-0.23379674553871155,-0.08131594508049034,-0.00033587217330932617,-0.1607351303100586,-0.0832357287323191,-0.00432276725769043,-0.10036057233810425,-0.07635034172889732,No
0.0,0.0,0.0,-0.04696822166442871,-0.005373477935791016,-0.03363791563090501,-0.08735525608062744,-0.044051945209503174,-0.05340490200099168,-0.10933256149291992,-0.08837023377418518,-0.07339285769042192,-0.1385481357574463,-0.12274396419525146,-0.09207552381333528,-0.10541045665740967,-0.1745503544807434,-0.028258918677536826,-0.1275101900100708,-0.2605314254760742,-0.05608001806315599,-0.13901549577713013,-0.309676855802536,-0.0743016422587317,-0.14381545782089233,-0.36199191212654114,-0.08557021327790437,-0.06974053382873535,-0.20713260769844055,-0.02870606713470636,-0.09613478183746338,-0.28634941577911377,-0.061949868579475265,-0.10855430364608765,-0.341528058052063,-0.0821189925867003,-0.11662757396697998,-0.3986117094755173,-0.09228140570697008,-0.030079185962677002,-0.22384345531463623,-0.033433371116487365,-0.03715026378631592,-0.24476191401481628,-0.08067430265721498,-0.03301149606704712,-0.14448177814483643,-0.08927339770373521,-0.029004454612731934,-0.07116061449050903,-0.08218767203864275,0.012263774871826172,-0.22571605443954468,-0.04049590684947191,0.005387604236602783,-0.23071077466011047,-0.07676692761954484,0.0001055002212524414,-0.15329205989837646,-0.07979208685931383,-0.0028435587882995605,-0.09072989225387573,-0.07353235491093812,No
0.0,0.0,0.0,-0.048944294452667236,-0.010938942432403564,-0.0290649668643983,-0.08790820837020874,-0.048385441303253174,-0.045428215093425095,-0.10807681083679199,-0.09583336114883423,-0.06257368115287143,-0.13648444414138794,-0.13584208488464355,-0.07847043362956363,-0.10321599245071411,-0.16980403661727905,-0.015782451755812943,-0.12512242794036865,-0.2360682487487793,-0.041491954154780686,-0.13768386840820312,-0.27213048934936523,-0.061600039280465424,-0.14271974563598633,-0.31648141145706177,-0.07526971635918933,-0.0669746994972229,-0.20229250192642212,-0.01672234808605033,-0.0949980616569519,-0.2660778760910034,-0.04620262099008876,-0.10851395130157471,-0.3043188154697418,-0.06690601495604831,-0.11698269844055176,-0.34930458664894104,-0.07919193295340854,-0.02711540460586548,-0.221510648727417,-0.022306783623507798,-0.04249835014343262,-0.24962392449378967,-0.0668011629353078,-0.03864032030105591,-0.1505555510520935,-0.0766910487185033,-0.031697869300842285,-0.07577270269393921,-0.0721657076249631,0.015311598777770996,-0.22919493913650513,-0.029864734537413895,-0.0004146695137023926,-0.2369728982448578,-0.06581402061086017,-0.006321907043457031,-0.16159066557884216,-0.07067758081059772,-0.006702780723571777,-0.09925323724746704,-0.06652271983723956,No
0.0,0.0,0.0,-0.04878723621368408,-0.007712721824645996,-0.041683822948240135,-0.08832401037216187,-0.04317289590835571,-0.06583442919304261,-0.10821545124053955,-0.09150737524032593,-0.08873250715782532,-0.13510042428970337,-0.13210970163345337,-0.11062074832966218,-0.10347670316696167,-0.16511771082878113,-0.032620925534271095,-0.12426859140396118,-0.23015213012695312,-0.06395589195539841,-0.13739681243896484,-0.2650788724422455,-0.08764954291632066,-0.142225444316864,-0.30913424491882324,-0.10415506743242631,-0.06707066297531128,-0.2000415325164795,-0.029640276062988136,-0.0944373607635498,-0.2569465935230255,-0.066611427891754,-0.1072508692741394,-0.29215893149375916,-0.0919126757269133,-0.11526155471801758,-0.33748874068260193,-0.1072674059157599,-0.026789367198944092,-0.22079980373382568,-0.03194791086366067,-0.040662288665771484,-0.24074018001556396,-0.0827230178599585,-0.036564648151397705,-0.14386561512947083,-0.09667284421970734,-0.02986961603164673,-0.07069694995880127,-0.09472792230894456,0.015724360942840576,-0.22976359724998474,-0.03716522835543046,0.0009342432022094727,-0.23365411162376404,-0.07839031897833237,-0.004109323024749756,-0.15961682796478271,-0.08738818399956116,-0.004682421684265137,-0.09764069318771362,-0.08629110090782532,No
0.0,0.0,0.0,-0.04879951477050781,-0.011780619621276855,-0.030200119420427995,-0.08742952346801758,-0.049191415309906006,-0.04727707180335017,-0.10783475637435913,-0.09709176421165466,-0.06444962817384692,-0.13535678386688232,-0.13353228569030762,-0.08028681325866671,-0.10254013538360596,-0.16962695121765137,-0.019283225118655878,-0.12445509433746338,-0.23019802570343018,-0.045570035755176264,-0.137068510055542,-0.26341167092323303,-0.06633501249505969,-0.1420995593070984,-0.30558842420578003,-0.08071171987010928,-0.06669771671295166,-0.20212730765342712,-0.01926595467283221,-0.09417569637298584,-0.262652188539505,-0.04883233207418414,-0.10605770349502563,-0.2936317026615143,-0.0690684666032979,-0.11284345388412476,-0.331510990858078,-0.08135509240581484,-0.026789844036102295,-0.22161686420440674,-0.023793434083003717,-0.0413893461227417,-0.24810752272605896,-0.06767239171220751,-0.03741753101348877,-0.1493588387966156,-0.0774760817284772,-0.03020685911178589,-0.07382452487945557,-0.07347032177402468,0.015618622303009033,-0.2290239930152893,-0.030432778700728136,0.0015720129013061523,-0.23477789759635925,-0.06603211659147235,-0.0040700435638427734,-0.15987944602966309,-0.07152726995899172,-0.004288375377655029,-0.09836351871490479,-0.06822959083272906,No
0.0,0.0,0.0,-0.04707401990890503,-0.012219727039337158,-0.03230510780312912,-0.08514755964279175,-0.04452717304229736,-0.05148309597470657,-0.10573869943618774,-0.08960902690887451,-0.06997785472967522,-0.1339837908744812,-0.12341982126235962,-0.08692722523310081,-0.10440129041671753,-0.16718026995658875,-0.026078504861377638,-0.12435829639434814,-0.21984177827835083,-0.05508040392496483,-0.13545119762420654,-0.2492823600769043,-0.07725562656023399,-0.13908207416534424,-0.28992506861686707,-0.09228442365028755,-0.06835877895355225,-0.20252937078475952,-0.024829323754691046,-0.09291619062423706,-0.25274381041526794,-0.05728002765872375,-0.10368102788925171,-0.2790679931640625,-0.07812960201599495,-0.10993987321853638,-0.3142532706260681,-0.09043494367697136,-0.02829766273498535,-0.2251618206501007,-0.028000508786224287,-0.03878200054168701,-0.23733457922935486,-0.07299858087398903,-0.035218775272369385,-0.13886648416519165,-0.08228292071916954,-0.028595685958862305,-0.06488502025604248,-0.07776363694765465,0.013848602771759033,-0.23402827978134155,-0.0335081791291465,0.003230869770050049,-0.22923529148101807,-0.06862490379907982,-0.002005279064178467,-0.15496087074279785,-0.07410170638658897,-0.002171158790588379,-0.096213698387146,-0.0708486040840377,No
0.0,0.0,0.0,-0.045401573181152344,-0.010882735252380371,-0.036112418052223205,-0.08340418338775635,-0.040915727615356445,-0.05719503911998558,-0.10561585426330566,-0.08687043190002441,-0.07717640849616814,-0.13371092081069946,-0.11890426278114319,-0.09583275171783256,-0.10198956727981567,-0.16408461332321167,-0.026701865371730804,-0.12219280004501343,-0.2155284285545349,-0.054522415277030944,-0.1332336664199829,-0.24078011512756348,-0.07623858156469154,-0.13630294799804688,-0.27805328369140625,-0.09131745400693703,-0.06642574071884155,-0.20038989186286926,-0.023620022114780426,-0.09239357709884644,-0.2503242790699005,-0.0551878601577549,-0.10344898700714111,-0.27266955375671387,-0.0768659800555973,-0.10966646671295166,-0.3043842613697052,-0.09016668203141975,-0.026204943656921387,-0.22349372506141663,-0.025262854647305488,-0.03731381893157959,-0.23828336596488953,-0.0699208319452076,-0.034439802169799805,-0.14239484071731567,-0.08162439766195106,-0.028837263584136963,-0.06727093458175659,-0.07910624298122215,0.016130387783050537,-0.2334427535533905,-0.02941152232554245,0.0038816332817077637,-0.23153316974639893,-0.06481120142009544,-0.0012949109077453613,-0.16003349423408508,-0.0719986871149807,-0.0016064643859863281,-0.09883618354797363,-0.07016280445125389,No
0.0,0.0,0.0,-0.04530113935470581,-0.01138007640838623,-0.031127122668905827,-0.08435648679733276,-0.04483842849731445,-0.052096068365855785,-0.09791922569274902,-0.09493523836135864,-0.07235174949316558,-0.10545104742050171,-0.14590084552764893,-0.09032154406456527,-0.10345709323883057,-0.17695927619934082,-0.024236130966230007,-0.12620580196380615,-0.21535524725914001,-0.05251879940776405,-0.11994647979736328,-0.20943185687065125,-0.0692512872353035,-0.10759848356246948,-0.18387937545776367,-0.07675086285023269,-0.06531679630279541,-0.21542036533355713,-0.021529742954655262,-0.08749806880950928,-0.25999560952186584,-0.05166687021998939,-0.08258324861526489,-0.23407578468322754,-0.0649637910261589,-0.07488161325454712,-0.19649070501327515,-0.06888086671976623,-0.02477806806564331,-0.235283762216568,-0.02348776484875259,-0.03835541009902954,-0.2497028410434723,-0.060856960220618816,-0.029442965984344482,-0.16108176112174988,-0.06562784637360153,-0.019406139850616455,-0.08111238479614258,-0.05952006901650009,0.01796853542327881,-0.23434683680534363,-0.02766371096520004,0.004209399223327637,-0.23907509446144104,-0.05763402159361419,0.0002416372299194336,-0.1647602617740631,-0.06025824646501121,0.0011830329895019531,-0.0973392128944397,-0.055085312081857296,No
0.0,0.0,0.0,-0.046740174293518066,-0.008677124977111816,-0.03406179038548629,-0.0838996171951294,-0.0441625714302063,-0.05573443410658996,-0.10296541452407837,-0.0849233865737915,-0.07684092683458488,-0.1330689787864685,-0.11077660322189331,-0.09654395742082755,-0.10712271928787231,-0.1687910258769989,-0.03279279632234733,-0.12913364171981812,-0.22741654515266418,-0.06588085455560844,-0.14059245586395264,-0.26506054401397705,-0.08971634966993491,-0.145207941532135,-0.31086355447769165,-0.105136227735521,-0.07145380973815918,-0.2011975646018982,-0.033365906157733605,-0.0963478684425354,-0.2623511850833893,-0.07053205830717246,-0.10774213075637817,-0.2999444305896759,-0.09259296668434303,-0.11500447988510132,-0.34550100564956665,-0.10452113760376136,-0.031342148780822754,-0.22091537714004517,-0.0382230588581578,-0.040569186210632324,-0.23752883076667786,-0.08769139362239997,-0.035560011863708496,-0.13706743717193604,-0.09535855514669578,-0.028364360332489014,-0.06527739763259888,-0.08828359557056586,0.011037826538085938,-0.22743257880210876,-0.045526263245584175,0.0018292069435119629,-0.22835418581962585,-0.08242661220693748,-0.0028946399688720703,-0.15088987350463867,-0.08506993664169471,-0.0032470226287841797,-0.09293544292449951,-0.07910396618509452,No
0.0,0.0,0.0,-0.04992270469665527,-0.0041081905364990234,-0.04444181589454388,-0.09084796905517578,-0.039865314960479736,-0.07213857812851643,-0.11652547121047974,-0.07451832294464111,-0.09836870474785542,-0.13980716466903687,-0.08277022838592529,-0.12293986273974156,-0.10898256301879883,-0.17783018946647644,-0.04558842672079777,-0.1305980086326599,-0.26133933663368225,-0.07904347075194096,-0.14260715246200562,-0.31321287155151367,-0.09923054320782398,-0.14782243967056274,-0.3655071556568146,-0.11208047015637135,-0.07353967428207397,-0.21049857139587402,-0.04362756801813816,-0.09709221124649048,-0.2876014709472656,-0.08681394947737431,-0.11053240299224854,-0.3460713326931,-0.11124052895277714,-0.11855548620223999,-0.40397506952285767,-0.12327069086998677,-0.03488403558731079,-0.22570309042930603,-0.04616169674366688,-0.036011576652526855,-0.2372729778289795,-0.09976416124075627,-0.032835543155670166,-0.13454663753509521,-0.1080185849782822,-0.029331445693969727,-0.06166726350784302,-0.09955987377136921,0.006304562091827393,-0.22776645421981812,-0.05215409068435406,0.004211485385894775,-0.22268840670585632,-0.09142427934378361,-0.00033152103424072266,-0.1438160538673401,-0.0955933560249207,-0.004673004150390625,-0.08481472730636597,-0.09007010651797032,No
0.0,0.0,0.0,-0.052232325077056885,-0.0027402639389038086,-0.049426181828607696,-0.09312433004379272,-0.03530740737915039,-0.08010174578987517,-0.11794906854629517,-0.06750249862670898,-0.1084282869752542,-0.14082157611846924,-0.07341694831848145,-0.13515335566364683,-0.11050814390182495,-0.1786895990371704,-0.05144297949038901,-0.13088995218276978,-0.26394471526145935,-0.0869577104505197,-0.14251452684402466,-0.318302720785141,-0.10879494494759001,-0.147774338722229,-0.3717031180858612,-0.1226538146194116,-0.0732467770576477,-0.21262621879577637,-0.047607502555479186,-0.0955052375793457,-0.290327250957489,-0.09298023081385054,-0.1091204285621643,-0.35262948274612427,-0.11901607609354414,-0.11771053075790405,-0.4130958765745163,-0.13194056100212492,-0.03321528434753418,-0.22704234719276428,-0.04856039456092276,-0.036289870738983154,-0.23121914267539978,-0.10325856751762785,-0.034775495529174805,-0.12802687287330627,-0.11226123816334166,-0.031452178955078125,-0.05587136745452881,-0.10408722109161772,0.008631885051727295,-0.22815588116645813,-0.05348229653202452,0.0038747191429138184,-0.21567809581756592,-0.0931416178401605,-0.0007448196411132812,-0.13768494129180908,-0.09798237181269087,-0.0036417245864868164,-0.0808786153793335,-0.09290698415600218,No
0.0,0.0,0.0,-0.04738110303878784,-0.004028499126434326,-0.03593490320170645,-0.08686584234237671,-0.0388527512550354,-0.05756072002375845,-0.10876816511154175,-0.07721525430679321,-0.07873113128269438,-0.13683336973190308,-0.09551513195037842,-0.09833858582103971,-0.10874283313751221,-0.17315971851348877,-0.03414380597794775,-0.13051652908325195,-0.25292637944221497,-0.06420188072050337,-0.1425086259841919,-0.3010791540145874,-0.08334244462574247,-0.14800375699996948,-0.3524501174688339,-0.09526528838003401,-0.07335793972015381,-0.20853358507156372,-0.033870034393913784,-0.09771424531936646,-0.28169912099838257,-0.07124334993685011,-0.11054795980453491,-0.3351172208786011,-0.09315242293203596,-0.1186947226524353,-0.39139649271965027,-0.1038865340026689,-0.033647775650024414,-0.22729557752609253,-0.03764430108392958,-0.03861290216445923,-0.23899751901626587,-0.08716760995710615,-0.034201860427856445,-0.1372660994529724,-0.09543183865869764,-0.02914416790008545,-0.06413084268569946,-0.08745649876917128,0.008512258529663086,-0.23154520988464355,-0.04400657537306074,0.0029308199882507324,-0.2286851704120636,-0.08085002425039534,-0.0006899237632751465,-0.15227538347244263,-0.08430578979576353,-0.0025011301040649414,-0.09381181001663208,-0.07818761887872938,No
0.0,0.0,0.0,-0.04683661460876465,-0.021875441074371338,-0.028485279021964516,-0.08350247144699097,-0.062403202056884766,-0.04832803220878645,-0.0993337631225586,-0.11807724833488464,-0.06817181171308562,-0.11232233047485352,-0.17141267657279968,-0.08668655665050551,-0.09882253408432007,-0.18480190634727478,-0.019544979049072708,-0.1263853907585144,-0.21874350309371948,-0.047100593758926834,-0.12752580642700195,-0.21595299243927002,-0.06461434574256941,-0.12130081653594971,-0.20256856083869934,-0.07332946868072554,-0.06066024303436279,-0.21961164474487305,-0.017940584061847176,-0.08562874794006348,-0.2669242322444916,-0.049825520677671875,-0.08132964372634888,-0.22514590620994568,-0.06401654095779463,-0.07412785291671753,-0.17559784650802612,-0.06757972152362868,-0.020776331424713135,-0.2392103672027588,-0.020722796632156815,-0.04117560386657715,-0.257676362991333,-0.05850996212492987,-0.03381067514419556,-0.16748598217964172,-0.06367137791048094,-0.023999571800231934,-0.08734804391860962,-0.05741148204933211,0.020681381225585938,-0.24187663197517395,-0.025444635613069977,5.936622619628906e-05,-0.24622014164924622,-0.05434578792582556,-0.004416406154632568,-0.17443451285362244,-0.05690131844411894,-0.002636432647705078,-0.10914924740791321,-0.05185375870595976,No
0.0,0.0,0.0,-0.048216938972473145,-0.028240323066711426,-0.026680601192367703,-0.08692079782485962,-0.07428181171417236,-0.046140327481282384,-0.10351341962814331,-0.13425353169441223,-0.06603922265554729,-0.11112815141677856,-0.1829460859298706,-0.084440569756282,-0.10178148746490479,-0.19226378202438354,-0.016670414609563977,-0.12761849164962769,-0.22141629457473755,-0.04571693706299129,-0.12047994136810303,-0.20888975262641907,-0.06386208104873958,-0.10667020082473755,-0.18884652853012085,-0.0728639991858131,-0.06387090682983398,-0.22653737664222717,-0.01646957489634815,-0.08427047729492188,-0.26371440291404724,-0.05109425204778972,-0.07658523321151733,-0.21616768836975098,-0.06609762030626598,-0.0677875280380249,-0.1653963327407837,-0.06919209229732814,-0.024327874183654785,-0.24506664276123047,-0.020738841397417218,-0.04193103313446045,-0.2548915445804596,-0.06062676328207317,-0.033138811588287354,-0.16253182291984558,-0.0648584471919662,-0.022161364555358887,-0.08156746625900269,-0.057161531774056584,0.017161309719085693,-0.2444763481616974,-0.026949179721725613,-0.001225292682647705,-0.2422381043434143,-0.057128399042142064,-0.004183173179626465,-0.16852957010269165,-0.05879988091970745,-0.001305997371673584,-0.10463935136795044,-0.05243204104687038,No
0.0,0.0,0.0,-0.045129239559173584,-0.011783361434936523,-0.034023767205354716,-0.08024483919143677,-0.04744863510131836,-0.057751553001281763,-0.09514564275741577,-0.09582436084747314,-0.08064757460581973,-0.11893254518508911,-0.13151150941848755,-0.10067939931380465,-0.1115918755531311,-0.18225955963134766,-0.03413437852489665,-0.14082461595535278,-0.26290059089660645,-0.07065718049037173,-0.13182878494262695,-0.22061505913734436,-0.09052968943345263,-0.121487557888031,-0.17856565117835999,-0.09774284982907488,-0.07369500398635864,-0.21532392501831055,-0.03261341700184062,-0.1039460301399231,-0.29394492506980896,-0.06850421601760104,-0.09670823812484741,-0.24712243676185608,-0.08287878507601931,-0.09176576137542725,-0.20810523629188538,-0.08552863621937945,-0.03197735548019409,-0.23273563385009766,-0.0359890478275986,-0.04222512245178223,-0.2435452938079834,-0.0772684159301491,-0.03162962198257446,-0.14431115984916687,-0.08117108965146258,-0.02531033754348755,-0.07484090328216553,-0.07277853960025027,0.01151365041732788,-0.23625817894935608,-0.041710277887460734,-0.0008707642555236816,-0.23802462220191956,-0.06853664094435885,-0.0038161873817443848,-0.16014325618743896,-0.06653794074284747,-0.0061664581298828125,-0.09921503067016602,-0.0583070831917496,No
0.0,0.0,0.0,-0.053912580013275146,0.0020034313201904297,-0.053928445680128334,-0.09835296869277954,-0.01932424306869507,-0.08733197639702439,-0.1315990686416626,-0.041693806648254395,-0.11708890984772324,-0.1640843152999878,-0.04821807146072388,-0.14606419543741822,-0.11044681072235107,-0.1669345498085022,-0.063683744175421,-0.1272396445274353,-0.2508150339126587,-0.10484890977858186,-0.1368066668510437,-0.3024950921535492,-0.1293323669862616,-0.13862764835357666,-0.3566466271877289,-0.1437938396167624,-0.073635995388031,-0.20582431554794312,-0.05763914401649117,-0.09268492460250854,-0.28071141242980957,-0.10830186645506501,-0.10241639614105225,-0.33661723136901855,-0.1344290409517157,-0.10704213380813599,-0.3927241265773773,-0.14618079702376008,-0.03334122896194458,-0.22680842876434326,-0.05668983201502442,-0.034209489822387695,-0.21431398391723633,-0.1171783838701117,-0.03188121318817139,-0.11252233386039734,-0.1281770948600638,-0.028223276138305664,-0.04548829793930054,-0.12012399326084733,0.007179856300354004,-0.23523005843162537,-0.05972776527522683,0.0029201507568359375,-0.20850950479507446,-0.10209118167875886,-0.0013992786407470703,-0.12913131713867188,-0.10802901129244447,-0.0037436485290527344,-0.0778852105140686,-0.10341771285055756,No
0.0,0.0,0.0,-0.04975980520248413,0.0039160847663879395,-0.037314467806510265,-0.10532724857330322,-0.013676226139068604,-0.06216765262573176,-0.14517569541931152,-0.007390439510345459,-0.08594980903356486,-0.18237388134002686,0.020272791385650635,-0.10966290600984507,-0.11266130208969116,-0.1694371998310089,-0.047401954163007076,-0.13167500495910645,-0.2629369795322418,-0.07437641241043025,-0.1427639126777649,-0.32136228680610657,-0.08886855163066798,-0.14896327257156372,-0.37952978909015656,-0.09706491299360209,-0.07732141017913818,-0.2146928608417511,-0.046787609089307125,-0.09787052869796753,-0.30300435423851013,-0.07863705672710353,-0.10908174514770508,-0.3674646317958832,-0.09475713290660792,-0.11621218919754028,-0.42965199053287506,-0.10143074460714274,-0.03614366054534912,-0.2358962893486023,-0.049287189472607906,-0.032033681869506836,-0.20937559008598328,-0.09066474505155497,-0.02852421998977661,-0.11452558636665344,-0.09879001297443324,-0.027994096279144287,-0.051214516162872314,-0.09210884638517314,0.0058844685554504395,-0.23908555507659912,-0.05482990734665805,0.006872296333312988,-0.21318963170051575,-0.08188656784980708,0.00414121150970459,-0.13905122876167297,-0.08248858966319972,0.00027447938919067383,-0.08802908658981323,-0.07616006650417262,No
0.0,0.0,0.0,-0.04748964309692383,-0.009457051753997803,-0.028752252711427673,-0.09800726175308228,-0.03835189342498779,-0.04821195851124571,-0.13619810342788696,-0.03859156370162964,-0.06826271886981772,-0.1725403070449829,-0.015959322452545166,-0.08800385172523306,-0.1115766167640686,-0.18457967042922974,-0.03460799555338667,-0.13079380989074707,-0.2805688679218292,-0.060807746155632,-0.14135342836380005,-0.3400784134864807,-0.07503000672019766,-0.14708739519119263,-0.39821377396583557,-0.08278115863956259,-0.07680487632751465,-0.22562026977539062,-0.037365660323274597,-0.0981302261352539,-0.3160307705402374,-0.06944579656280325,-0.110024094581604,-0.38247859477996826,-0.0861928241983776,-0.11710727214813232,-0.44533444941043854,-0.09278006876863287,-0.035616934299468994,-0.2438659965991974,-0.042817484839332565,-0.03477287292480469,-0.22540876269340515,-0.08325468028940008,-0.03304874897003174,-0.1295146942138672,-0.0889921861425762,-0.03153228759765625,-0.0639415979385376,-0.08034005786336706,0.006774842739105225,-0.2440357506275177,-0.05076091389216231,0.0038796663284301758,-0.21327334642410278,-0.07641804243482397,-0.0006217360496520996,-0.13776105642318726,-0.07515979583419607,-0.00433039665222168,-0.0870281457901001,-0.06716029371179388,No
0.0,0.0,0.0,-0.04875361919403076,-0.004911363124847412,-0.03111988049212755,-0.09630227088928223,-0.044203221797943115,-0.050311436170972,-0.1304989457130432,-0.07434159517288208,-0.06980582814875902,-0.16107988357543945,-0.06506460905075073,-0.08804385107222856,-0.11335563659667969,-0.17386078834533691,-0.032022361869252336,-0.1361614465713501,-0.2635393440723419,-0.058323116267359865,-0.14889061450958252,-0.3175196945667267,-0.07347873341504396,-0.1559883952140808,-0.3709121346473694,-0.08276865374509157,-0.07913804054260254,-0.21222639083862305,-0.03384523954454721,-0.105380117893219,-0.29446887969970703,-0.06735813360873522,-0.12059289216995239,-0.3553926348686218,-0.08586286496583284,-0.13022714853286743,-0.413922518491745,-0.09416681271258653,-0.039383113384246826,-0.23060467839241028,-0.03878904622260393,-0.043017685413360596,-0.23662787675857544,-0.08189274113837541,-0.0369754433631897,-0.1393251121044159,-0.08665404957000078,-0.03127181529998779,-0.06933361291885376,-0.07720247399274172,0.003298163414001465,-0.23366272449493408,-0.046374683494008195,-0.0021071434020996094,-0.22073817253112793,-0.07706337165299715,-0.004875063896179199,-0.14618399739265442,-0.07749628018800081,-0.006030738353729248,-0.08992010354995728,-0.06995455663863481,No
0.0,0.0,0.0,-0.04575139284133911,-0.006800293922424316,-0.02910401720572864,-0.08203887939453125,-0.04345571994781494,-0.04573054473866378,-0.10133934020996094,-0.0918726921081543,-0.062332628779305566,-0.13106268644332886,-0.12717324495315552,-0.07730097185839568,-0.10621887445449829,-0.16252446174621582,-0.01834167588521396,-0.13185077905654907,-0.22366401553153992,-0.04342290248741065,-0.1461406946182251,-0.25712376832962036,-0.062452862523688424,-0.15287619829177856,-0.2985627353191376,-0.07541502129305755,-0.0719342827796936,-0.19913184642791748,-0.018422335870756257,-0.10273003578186035,-0.2587759494781494,-0.04749968882669364,-0.11683601140975952,-0.2913833260536194,-0.06670467417706405,-0.12627935409545898,-0.3332071900367737,-0.07760725777615463,-0.03365492820739746,-0.22045108675956726,-0.02268711339701568,-0.04729115962982178,-0.24682539701461792,-0.0645663873480693,-0.03940528631210327,-0.15174931287765503,-0.07218522440661346,-0.029536128044128418,-0.08461391925811768,-0.0668992758916751,0.007970690727233887,-0.22915774583816528,-0.02899614024926578,-0.0056452155113220215,-0.23055565357208252,-0.06220900502075111,-0.008874118328094482,-0.15757706761360168,-0.06604354690779601,-0.007081210613250732,-0.10390982031822205,-0.061688518636120904,No
0.0,0.0,0.0,-0.048434436321258545,-0.023898541927337646,-0.02906469052487637,-0.08970695734024048,-0.07081931829452515,-0.04996239935809399,-0.10790902376174927,-0.13102614879608154,-0.07038254087620999,-0.10855597257614136,-0.1833496391773224,-0.0891038308089378,-0.09930586814880371,-0.18364089727401733,-0.02100758423858906,-0.12570440769195557,-0.20741629600524902,-0.049639189446509135,-0.12109601497650146,-0.1990322768688202,-0.06698599999600674,-0.11042076349258423,-0.18555107712745667,-0.07601441984826351,-0.06034964323043823,-0.21528348326683044,-0.019419444555580867,-0.07768970727920532,-0.24994322657585144,-0.056579975241959346,-0.06289887428283691,-0.1798022985458374,-0.07100301032716061,-0.04979020357131958,-0.11473199725151062,-0.07276257669383313,-0.021082520484924316,-0.2338009774684906,-0.02206749265843655,-0.04084986448287964,-0.2584427297115326,-0.0609605739062431,-0.03136551380157471,-0.1687900424003601,-0.06323455070906903,-0.02083498239517212,-0.09334272146224976,-0.0548279823904636,0.01837944984436035,-0.2354738712310791,-0.02679275331848885,-0.0029338598251342773,-0.24188926815986633,-0.05514268001371647,-0.004924476146697998,-0.17407551407814026,-0.05625030940228726,-0.0013114213943481445,-0.11765903234481812,-0.0502564104443195,No
0.0,0.0,0.0,-0.04554504156112671,-0.02111363410949707,-0.03186447292108596,-0.08397156000137329,-0.06033211946487427,-0.05554439618725837,-0.09994161128997803,-0.1143229603767395,-0.07785134881277145,-0.10665369033813477,-0.16110676527023315,-0.09866401671905578,-0.10186976194381714,-0.16888964176177979,-0.03155559047598899,-0.12813031673431396,-0.18961066007614136,-0.06300377219457687,-0.12334221601486206,-0.18989726901054382,-0.08228606849451126,-0.11220443248748779,-0.1828676164150238,-0.09272688745994628,-0.06423318386077881,-0.20577165484428406,-0.02947749502499164,-0.08018910884857178,-0.2387964427471161,-0.06847357123632491,-0.06350570917129517,-0.17433708906173706,-0.08301659792203964,-0.049602627754211426,-0.10847115516662598,-0.08523970216054977,-0.025415420532226562,-0.22889548540115356,-0.03137797235984863,-0.04128539562225342,-0.2509910762310028,-0.07137499868412078,-0.03058725595474243,-0.16504201292991638,-0.0731209826423651,-0.019711196422576904,-0.08924531936645508,-0.06473176300067962,0.014677286148071289,-0.23414787650108337,-0.03564563512344421,-0.0026463866233825684,-0.2387019395828247,-0.06537597000141204,-0.0033495426177978516,-0.17089256644248962,-0.06664484112997116,-5.4836273193359375e-06,-0.11284327507019043,-0.06087321161766113,No
0.0,0.0,0.0,-0.042299747467041016,-0.009965717792510986,-0.044361847135089505,-0.07773923873901367,-0.04313725233078003,-0.07347111279036866,-0.09461897611618042,-0.09118950366973877,-0.09977903092172014,-0.12211894989013672,-0.12495815753936768,-0.12409540885951387,-0.1085473895072937,-0.17295116186141968,-0.04604110741879808,-0.13695406913757324,-0.2347652018070221,-0.08413907760646211,-0.13588237762451172,-0.22936218976974487,-0.10808662200238572,-0.12839335203170776,-0.216119647026062,-0.12029045695330964,-0.07334911823272705,-0.21002036333084106,-0.04067122438814508,-0.10241514444351196,-0.2694433033466339,-0.08110542470481263,-0.10140007734298706,-0.25546544790267944,-0.1002332406666504,-0.09836483001708984,-0.23989006876945496,-0.10719621801640855,-0.03258395195007324,-0.23071792721748352,-0.04055697345998155,-0.03854990005493164,-0.23947715759277344,-0.0867369534995781,-0.029447317123413086,-0.14712968468666077,-0.0933726193931328,-0.022263407707214355,-0.07551050186157227,-0.08653417849805223,0.010106146335601807,-0.23607990145683289,-0.04377325499322282,0.004445195198059082,-0.23663881421089172,-0.07640280449654924,0.0014348626136779785,-0.16391077637672424,-0.0784623535897957,-0.00018972158432006836,-0.10618472099304199,-0.07276664549376832,No
0.0,0.0,0.0,-0.0411832332611084,-0.010880589485168457,-0.03871432861208035,-0.07573121786117554,-0.04048401117324829,-0.06275868957757069,-0.09399771690368652,-0.08846300840377808,-0.08425713127373768,-0.12295150756835938,-0.12237381935119629,-0.1047365794134052,-0.1033429503440857,-0.16034379601478577,-0.039252882654658094,-0.12428885698318481,-0.20493194460868835,-0.07034521346806599,-0.13687974214553833,-0.23113691806793213,-0.09320676868676259,-0.14108657836914062,-0.2701635956764221,-0.10867804830788685,-0.06895941495895386,-0.2034033238887787,-0.034566765482416884,-0.09672951698303223,-0.2483358085155487,-0.06754550879715993,-0.1082373857498169,-0.266947865486145,-0.08697093075036122,-0.11448830366134644,-0.2991759777069092,-0.09836964106082036,-0.02890026569366455,-0.23172232508659363,-0.03399403562664105,-0.03690505027770996,-0.23777949810028076,-0.07738739048956944,-0.03183186054229736,-0.14032098650932312,-0.085928549821368,-0.02394646406173706,-0.06880950927734375,-0.08207899128912999,0.013564646244049072,-0.2445681095123291,-0.036188868637076155,0.0035867691040039062,-0.23188278079032898,-0.06957173144339635,-0.0002619028091430664,-0.1579805612564087,-0.07477394288300587,0.001766800880432129,-0.10253113508224487,-0.07206807827471806,No
0.0,0.0,0.0,-0.04111510515213013,-0.009164750576019287,-0.04319541572223898,-0.07606512308120728,-0.03762829303741455,-0.07035105718861814,-0.09472614526748657,-0.08482939004898071,-0.09473414762507673,-0.122378408908844,-0.1212211549282074,-0.11839121623526808,-0.1028662919998169,-0.1602908968925476,-0.04350857480059858,-0.12355983257293701,-0.20834875106811523,-0.07484696103821989,-0.1362282633781433,-0.23443713784217834,-0.0970007707048535,-0.14074909687042236,-0.27190807461738586,-0.11183001889477964,-0.0680006742477417,-0.20389515161514282,-0.037205502824890574,-0.0953635573387146,-0.25002235174179077,-0.07077942086945768,-0.10648512840270996,-0.26801565289497375,-0.08999202443848844,-0.11308163404464722,-0.2988206744194031,-0.10093255384455915,-0.027974963188171387,-0.23055824637413025,-0.035417221920597514,-0.035741984844207764,-0.2335643470287323,-0.07895386262427564,-0.029751479625701904,-0.13916271924972534,-0.08818912549506422,-0.02246105670928955,-0.06973880529403687,-0.08486632301102873,0.013786852359771729,-0.24118182063102722,-0.0367699567843556,0.005838751792907715,-0.2267298400402069,-0.06944103582392927,0.002296268939971924,-0.15582889318466187,-0.07517248435508009,0.003074944019317627,-0.10054975748062134,-0.07321945621262785,No
0.0,0.0,0.0,-0.04830819368362427,-0.006754934787750244,-0.03544122579385345,-0.08594584465026855,-0.04348558187484741,-0.05663889872719352,-0.10523349046707153,-0.08718353509902954,-0.07749512645293777,-0.1321251392364502,-0.11776697635650635,-0.09693068864633148,-0.10564059019088745,-0.16977179050445557,-0.030426025789871858,-0.1286521553993225,-0.23726090788841248,-0.06134829523850982,-0.1410602331161499,-0.27612021565437317,-0.08279897126246993,-0.14645153284072876,-0.3211674392223358,-0.09661176654388015,-0.07067012786865234,-0.20490020513534546,-0.030215459343686746,-0.09589004516601562,-0.2671443223953247,-0.06621506663848464,-0.10864579677581787,-0.3089367747306824,-0.08769751193811004,-0.11667543649673462,-0.3566024899482727,-0.09895411732484405,-0.03179144859313965,-0.22458171844482422,-0.034721067574515985,-0.03884744644165039,-0.23785048723220825,-0.08246993127156799,-0.033318281173706055,-0.1411898136138916,-0.09082327636767928,-0.02596372365951538,-0.07446789741516113,-0.08439645024825637,0.01008540391921997,-0.23076215386390686,-0.041951915648475335,0.00292891263961792,-0.22368010878562927,-0.07751364859630172,-0.002106308937072754,-0.14965927600860596,-0.08141989114572112,-0.0030019283294677734,-0.09608075022697449,-0.07658874842216079,No
0.0,0.0,0.0,-0.047105252742767334,-0.007460296154022217,-0.03557106240899088,-0.08557015657424927,-0.04427307844161987,-0.05639798700124743,-0.10645163059234619,-0.08638918399810791,-0.0770214176109505,-0.13394826650619507,-0.11332458257675171,-0.09603682666332247,-0.10661596059799194,-0.18049746751785278,-0.033425041877336525,-0.13004851341247559,-0.2674873173236847,-0.06202465801746371,-0.14238208532333374,-0.3169412612915039,-0.0797803229025078,-0.14799630641937256,-0.36882489919662476,-0.0905925309589577,-0.07161891460418701,-0.21478259563446045,-0.03324812039048197,-0.09734749794006348,-0.2912278473377228,-0.06775251536876681,-0.11087942123413086,-0.3455565571784973,-0.08785085886032107,-0.11994856595993042,-0.4024653732776642,-0.09763515501529696,-0.03229629993438721,-0.23172912001609802,-0.037239791297025704,-0.03375810384750366,-0.2410922348499298,-0.08400172501117709,-0.02933800220489502,-0.1417941153049469,-0.09250173478633883,-0.025700509548187256,-0.07272148132324219,-0.08544314413578036,0.009472548961639404,-0.23329219222068787,-0.043911219977445626,0.008176028728485107,-0.22649550437927246,-0.07739986240179064,0.0023608803749084473,-0.15425503253936768,-0.08020285277873995,-0.0022356510162353516,-0.10002303123474121,-0.07444737612516406,No
0.0,0.0,0.0,-0.047576963901519775,-0.005260050296783447,-0.03541684819030877,-0.08593648672103882,-0.04130500555038452,-0.05623549891281243,-0.10600590705871582,-0.08421701192855835,-0.07699224648642655,-0.13294315338134766,-0.11072033643722534,-0.09607197640109177,-0.10792452096939087,-0.17694294452667236,-0.03220629615354653,-0.13174057006835938,-0.2608187794685364,-0.06196145636606332,-0.14440792798995972,-0.30995967984199524,-0.08097523746657487,-0.1503053903579712,-0.3612988442182541,-0.09264526066947099,-0.07297706604003906,-0.21223986148834229,-0.03218636585044976,-0.09877777099609375,-0.285356730222702,-0.06882307229209061,-0.11195290088653564,-0.3400614261627197,-0.09043234137463685,-0.12059468030929565,-0.397510290145874,-0.10107937005925294,-0.03363442420959473,-0.23025834560394287,-0.036421059794903954,-0.0351906418800354,-0.24143213033676147,-0.08488420692849274,-0.030896127223968506,-0.1410297155380249,-0.09343678800034638,-0.02713876962661743,-0.06995421648025513,-0.08605105725693818,0.008537828922271729,-0.23279860615730286,-0.04333457646536942,0.007364332675933838,-0.2272161841392517,-0.07837034312653657,0.0016025900840759277,-0.1533549427986145,-0.08160159287619706,-0.0031311511993408203,-0.09760075807571411,-0.07584662286210175,No
0.0,0.0,0.0,-0.046099841594696045,-0.009009242057800293,-0.0274073042944174,-0.0832248330116272,-0.046419620513916016,-0.042894481591890354,-0.10256266593933105,-0.09079205989837646,-0.05982695790381243,-0.13068276643753052,-0.12285226583480835,-0.07562168212981035,-0.10638093948364258,-0.17450666427612305,-0.018697473131130238,-0.12994587421417236,-0.25520947575569153,-0.04318319159002115,-0.14313173294067383,-0.2990313470363617,-0.06032293560356905,-0.14999496936798096,-0.3484044671058655,-0.07142567905039598,-0.07210701704025269,-0.21061760187149048,-0.021149759091446896,-0.10065227746963501,-0.28117895126342773,-0.0505831045135956,-0.11499953269958496,-0.3282491862773895,-0.07028181376309206,-0.12571507692337036,-0.37984462082386017,-0.08069949122519304,-0.03280514478683472,-0.2308519184589386,-0.027572653166959782,-0.03825277090072632,-0.24649125337600708,-0.07146737249941637,-0.032990872859954834,-0.14636889100074768,-0.08116089078039934,-0.029011011123657227,-0.0755535364151001,-0.07560426267237474,0.009622931480407715,-0.23678460717201233,-0.03587249936909487,0.004853188991546631,-0.23697423934936523,-0.06898609819264223,-0.0005425214767456055,-0.16479957103729248,-0.07226159694046785,-0.0041994452476501465,-0.10786235332489014,-0.06684981556982805,No
0.0,0.0,0.0,-0.045067667961120605,-0.012093842029571533,-0.03367317185773544,-0.08085232973098755,-0.04273796081542969,-0.053896577069899365,-0.09846639633178711,-0.08981919288635254,-0.07292550147547416,-0.12446492910385132,-0.12843552231788635,-0.09029652268662147,-0.10534775257110596,-0.1655651330947876,-0.026178025612971112,-0.1286756992340088,-0.21635138988494873,-0.05351948455943756,-0.13988876342773438,-0.23952308297157288,-0.07421093524470024,-0.14324355125427246,-0.27621161937713623,-0.08840107263102226,-0.06842178106307983,-0.20068567991256714,-0.024077446172377392,-0.09803575277328491,-0.2539753317832947,-0.05416820288672142,-0.10961699485778809,-0.2734813094139099,-0.0728493565417736,-0.11568331718444824,-0.3042246997356415,-0.08384059459938698,-0.027856409549713135,-0.2209787368774414,-0.026492667356869504,-0.03877699375152588,-0.2395888864994049,-0.06822285146488838,-0.032937467098236084,-0.146459698677063,-0.07558270634188347,-0.0243416428565979,-0.07878589630126953,-0.07101747483982734,0.014747023582458496,-0.2278393805027008,-0.03137829617633514,0.004187524318695068,-0.2235395908355713,-0.06325235308184318,-0.0017188787460327148,-0.15072479844093323,-0.06698976547493629,-0.001663804054260254,-0.09556320309638977,-0.0634143510557621,No
0.0,0.0,0.0,-0.0447535514831543,-0.017911911010742188,-0.032830361122222484,-0.07957780361175537,-0.04817920923233032,-0.05370911567840153,-0.09624004364013672,-0.09699147939682007,-0.07363288834127957,-0.12106215953826904,-0.13043469190597534,-0.09207916989359433,-0.1057094931602478,-0.16981342434883118,-0.025833630779715122,-0.12789183855056763,-0.21891623735427856,-0.05135338365468556,-0.13528835773468018,-0.2337656319141388,-0.0698312072399574,-0.13646811246871948,-0.2566717863082886,-0.08206579073700482,-0.06813782453536987,-0.2053861916065216,-0.023787351170511783,-0.09655588865280151,-0.25700294971466064,-0.05264885708126599,-0.10374701023101807,-0.26088181138038635,-0.06895710512432629,-0.10703891515731812,-0.27229321002960205,-0.07767717524799878,-0.02657526731491089,-0.22652187943458557,-0.02609843559000069,-0.03941488265991211,-0.24732553958892822,-0.06547692402634198,-0.03449827432632446,-0.15647119283676147,-0.07220499947104031,-0.028403043746948242,-0.08438831567764282,-0.06759036316904599,0.01703542470932007,-0.23378852009773254,-0.030791126036973537,0.002939164638519287,-0.2368050515651703,-0.06106917544636303,-0.0032549500465393066,-0.16730588674545288,-0.06416297688517147,-0.004566490650177002,-0.1078152060508728,-0.06017339959177548,No
0.0,0.0,0.0,-0.03962832689285278,-0.014549076557159424,-0.03511834044795137,-0.077023446559906,-0.04273909330368042,-0.061135287329960875,-0.09671241044998169,-0.08762717247009277,-0.08560506154637437,-0.11791670322418213,-0.12780174612998962,-0.10784405370097261,-0.10776698589324951,-0.17324888706207275,-0.03476776455383401,-0.1338484287261963,-0.21486765146255493,-0.06399474938254457,-0.12884849309921265,-0.20624706149101257,-0.0806480636153708,-0.11765074729919434,-0.18899860978126526,-0.08901896227936845,-0.07154291868209839,-0.20854419469833374,-0.031696434066105894,-0.09905195236206055,-0.2497774064540863,-0.06213593010645013,-0.09409797191619873,-0.22453638911247253,-0.07439160992245775,-0.08725869655609131,-0.20333051681518555,-0.07867149163823228,-0.031023085117340088,-0.2281397581100464,-0.03307106618623834,-0.04199951887130737,-0.24640411138534546,-0.06939729948382478,-0.03229635953903198,-0.15840551257133484,-0.07223517347912889,-0.02354639768600464,-0.08529424667358398,-0.0660715614710341,0.012412011623382568,-0.2313109040260315,-0.03714591909985643,0.002071857452392578,-0.23660314083099365,-0.06497181107144456,-0.0008029341697692871,-0.16694432497024536,-0.06634969909529786,-0.0004131197929382324,-0.10705897212028503,-0.0614166696820746,No
0.0,0.0,0.0,-0.044892728328704834,-0.018727421760559082,-0.026675198079914253,-0.08684974908828735,-0.06243085861206055,-0.046456251146167915,-0.10531502962112427,-0.11796987056732178,-0.06565517172393243,-0.10607528686523438,-0.17259681224822998,-0.08283439263877312,-0.10772538185119629,-0.1860511600971222,-0.022492538990348976,-0.12860018014907837,-0.20646965503692627,-0.049945838602155845,-0.12060743570327759,-0.19299882650375366,-0.06615300461825768,-0.10963010787963867,-0.1704540252685547,-0.07405600682076852,-0.07053059339523315,-0.22230809926986694,-0.021776612700790565,-0.0864863395690918,-0.24917742609977722,-0.05352794364270608,-0.07457941770553589,-0.198961079120636,-0.06602340176877419,-0.06632876396179199,-0.14785566926002502,-0.06810811892327706,-0.030238449573516846,-0.24105480313301086,-0.024818638192385833,-0.04328709840774536,-0.2515583038330078,-0.06088490024384896,-0.030655264854431152,-0.16103604435920715,-0.061626560838789146,-0.01995640993118286,-0.08374392986297607,-0.05299242571172158,0.01257622241973877,-0.24078816175460815,-0.0298022905754749,-0.0013516545295715332,-0.23892009258270264,-0.05861466735777299,-0.0016487836837768555,-0.16707992553710938,-0.05869620278653542,0.001003265380859375,-0.10715144872665405,-0.05149807393726746,No
0.0,0.0,0.0,-0.04512739181518555,-0.016925036907196045,-0.026360974477483978,-0.08613651990890503,-0.058232128620147705,-0.04693451786215519,-0.10613161325454712,-0.11062479019165039,-0.06727015116985058,-0.11590361595153809,-0.1605636477470398,-0.08610607573564266,-0.10512220859527588,-0.17948397994041443,-0.02319484839017605,-0.12339252233505249,-0.20538446307182312,-0.05103099608595585,-0.11535686254501343,-0.19409650564193726,-0.06884232798392986,-0.10447770357131958,-0.1767514944076538,-0.07828028389985775,-0.06895959377288818,-0.21484899520874023,-0.023092082532002678,-0.08687931299209595,-0.24700728058815002,-0.05342280009563183,-0.08022850751876831,-0.20480561256408691,-0.06624868402059292,-0.0746152400970459,-0.16342425346374512,-0.06986690947587704,-0.029603958129882812,-0.23464921116828918,-0.026800072582318535,-0.04404479265213013,-0.2503832280635834,-0.061456392349555244,-0.032952308654785156,-0.16001325845718384,-0.061984973790004005,-0.021875381469726562,-0.08368819952011108,-0.054120882244660606,0.012739598751068115,-0.23575705289840698,-0.03256339842255329,-0.002631843090057373,-0.23879587650299072,-0.059045917184903374,-0.003976225852966309,-0.16541537642478943,-0.057769263924910774,-0.0005486607551574707,-0.10388946533203125,-0.050631827505185356,No
0.0,0.0,0.0,-0.0437016487121582,-0.013979434967041016,-0.034186414776925744,-0.07958859205245972,-0.044853389263153076,-0.05919240727889985,-0.09561216831207275,-0.09171772003173828,-0.08332338496911973,-0.1153644323348999,-0.13272807002067566,-0.10604244783390016,-0.10526490211486816,-0.17019689083099365,-0.0320648246990487,-0.1322229504585266,-0.2135794460773468,-0.06355006560552567,-0.1346033215522766,-0.2146112024784088,-0.08281761720645875,-0.13098418712615967,-0.20853686332702637,-0.09269950106609315,-0.06911343336105347,-0.20868656039237976,-0.030046462415342035,-0.09831947088241577,-0.25473111867904663,-0.06334360256660432,-0.09865987300872803,-0.2350861132144928,-0.07749068304765672,-0.096199631690979,-0.21574166417121887,-0.08221044704187364,-0.02969914674758911,-0.23092952370643616,-0.03274345338213891,-0.046252429485321045,-0.2445802390575409,-0.0733756975816533,-0.035155296325683594,-0.15387919545173645,-0.07842123076189011,-0.023936986923217773,-0.07942235469818115,-0.07200340494382829,0.012418746948242188,-0.23766112327575684,-0.037904831914786996,-0.0038428306579589844,-0.2409413754940033,-0.06864897474515885,-0.0056610107421875,-0.16754043102264404,-0.07075146153438538,-0.002844512462615967,-0.10518598556518555,-0.0654917390631482,No
0.0,0.0,0.0,-0.04221189022064209,-0.012831687927246094,-0.035188641458489656,-0.07756191492080688,-0.04260754585266113,-0.05806466197941518,-0.0938522219657898,-0.08953988552093506,-0.07951155683372235,-0.11745339632034302,-0.1267971694469452,-0.09950887790296292,-0.10497438907623291,-0.16058263182640076,-0.030271699711420297,-0.12785375118255615,-0.2046232521533966,-0.05914904555652356,-0.13647031784057617,-0.22014737129211426,-0.07956089457843518,-0.13866019248962402,-0.2395126223564148,-0.09217375895354962,-0.06975394487380981,-0.2000027596950531,-0.027279455274083375,-0.09769600629806519,-0.24525988101959229,-0.058022111713626146,-0.10592657327651978,-0.250297874212265,-0.07394282153222775,-0.11013251543045044,-0.2593481242656708,-0.08189298590991712,-0.029924452304840088,-0.2236485481262207,-0.029017768859603166,-0.044203341007232666,-0.23906481266021729,-0.06923270603988385,-0.036209940910339355,-0.15047207474708557,-0.07480514427993512,-0.026643991470336914,-0.08048224449157715,-0.06928141793582654,0.012684047222137451,-0.23244395852088928,-0.033386629134156465,-0.0016217231750488281,-0.23632147908210754,-0.06374580791566586,-0.005524814128875732,-0.16641229391098022,-0.06580163916919446,-0.004143655300140381,-0.10722798109054565,-0.06101554265592313,No
0.0,0.0,0.0,-0.042889952659606934,-0.012628555297851562,-0.03555920514718025,-0.07873779535293579,-0.041347384452819824,-0.058033695253286055,-0.09495419263839722,-0.08792752027511597,-0.07860886100188225,-0.11784672737121582,-0.1275368332862854,-0.09723763707533806,-0.10624045133590698,-0.16235649585723877,-0.03237228262678116,-0.1271960735321045,-0.20605409145355225,-0.061069855275306395,-0.1352253556251526,-0.22175106406211853,-0.0809028649653527,-0.13738465309143066,-0.24019166827201843,-0.0932450720991227,-0.07036972045898438,-0.20167791843414307,-0.028762999730858496,-0.09697669744491577,-0.24512997269630432,-0.058882204624566725,-0.10507798194885254,-0.2520725131034851,-0.07446088436499565,-0.10970675945281982,-0.2640942335128784,-0.08279879930869072,-0.029912471771240234,-0.2254261076450348,-0.02975464220598667,-0.04229593276977539,-0.2380443513393402,-0.06896258685246437,-0.03537583351135254,-0.14917171001434326,-0.07353945616141289,-0.027286052703857422,-0.07977569103240967,-0.06799257341280907,0.013304650783538818,-0.23300674557685852,-0.03352205622449844,0.0009340047836303711,-0.23252975940704346,-0.06336191091195076,-0.0042234063148498535,-0.1628066897392273,-0.06536946240321129,-0.004987597465515137,-0.10553187131881714,-0.060876672896299056,No
0.0,0.0,0.0,-0.04352700710296631,-0.01095724105834961,-0.03022837176916937,-0.0801575779914856,-0.04016035795211792,-0.04871737867591719,-0.09603244066238403,-0.08375203609466553,-0.06654661431906561,-0.11967825889587402,-0.1239619255065918,-0.08259761616585592,-0.10549575090408325,-0.16475790739059448,-0.023265724107602637,-0.12971442937850952,-0.2141047716140747,-0.048917229324558775,-0.14205431938171387,-0.23840293288230896,-0.0678681088983808,-0.14716023206710815,-0.27383196353912354,-0.08054900452492575,-0.06930792331695557,-0.20310157537460327,-0.022327293679097693,-0.09994137287139893,-0.2513906955718994,-0.05043212607500891,-0.11207854747772217,-0.27061763405799866,-0.06713047161696295,-0.11931335926055908,-0.3012819290161133,-0.07648322269318442,-0.028844833374023438,-0.2251577079296112,-0.02555421836672167,-0.04380279779434204,-0.2359265387058258,-0.06480271652338843,-0.03584498167037964,-0.1425628662109375,-0.07020411178467612,-0.02609074115753174,-0.07592356204986572,-0.06435285791752676,0.014147520065307617,-0.23157891631126404,-0.031045719087103407,-6.03795051574707e-05,-0.22577986121177673,-0.06049040615556578,-0.005301296710968018,-0.15359628200531006,-0.062058656513670485,-0.004700124263763428,-0.09934312105178833,-0.056865873783806364,No
0.0,0.0,0.0,-0.04612076282501221,-0.006121695041656494,-0.03858460427638022,-0.08433043956756592,-0.03795003890991211,-0.06201369257088629,-0.10177171230316162,-0.0791826844215393,-0.08453483448739973,-0.12538230419158936,-0.11517727375030518,-0.10523178742643324,-0.10644370317459106,-0.16741880774497986,-0.03393148945089308,-0.1306813359260559,-0.22970041632652283,-0.06506547646041838,-0.1435297131538391,-0.2670688331127167,-0.08620026276823012,-0.14913243055343628,-0.31192296743392944,-0.10004358307834593,-0.07110017538070679,-0.20450198650360107,-0.03274473117109267,-0.09866023063659668,-0.26311060786247253,-0.06872963474508254,-0.11128485202789307,-0.30096498131752014,-0.08892466442104308,-0.11866378784179688,-0.34426112473011017,-0.09939885453697173,-0.03172224760055542,-0.22462540864944458,-0.03661742748137442,-0.04131126403808594,-0.23403006792068481,-0.08514546917196242,-0.03524124622344971,-0.13501417636871338,-0.09290325210805861,-0.027244508266448975,-0.06574881076812744,-0.08604518638368575,0.010434389114379883,-0.23044952750205994,-0.04350614116903273,0.0013644099235534668,-0.2220832109451294,-0.08025575743432967,-0.0029842257499694824,-0.14817243814468384,-0.08458499179597823,-0.002936840057373047,-0.0934755802154541,-0.08001134858842818,No
0.0,0.0,0.0,-0.046484172344207764,-0.00404965877532959,-0.0371465099502295,-0.08393412828445435,-0.03491377830505371,-0.05954086533672509,-0.10170316696166992,-0.07534003257751465,-0.08133453256375489,-0.12735778093338013,-0.10820284485816956,-0.10172382122761903,-0.10682922601699829,-0.16663405299186707,-0.03318685046322045,-0.12946867942810059,-0.23314765095710754,-0.06373739368207154,-0.1422218680381775,-0.2723381817340851,-0.084526011114189,-0.14826834201812744,-0.3182457685470581,-0.09794081128127274,-0.07154279947280884,-0.2048017978668213,-0.03241165480501351,-0.09824484586715698,-0.26578283309936523,-0.06760703152901826,-0.11207038164138794,-0.305988073348999,-0.08814978725201783,-0.1211203932762146,-0.35188111662864685,-0.09888602173812089,-0.03209483623504639,-0.22541368007659912,-0.03634441397077737,-0.03784459829330444,-0.23336869478225708,-0.08413297063595948,-0.03287607431411743,-0.13270488381385803,-0.0923077700186461,-0.027034878730773926,-0.062364935874938965,-0.08569333082921204,0.009761214256286621,-0.23052963614463806,-0.04310390106327233,0.003930449485778809,-0.22080957889556885,-0.07914479947573838,-0.0011278390884399414,-0.14514648914337158,-0.08304847157485185,-0.0032346248626708984,-0.08840668201446533,-0.07810118920094666,No
0.0,0.0,0.0,-0.04691725969314575,-0.00801706314086914,-0.03518342074964309,-0.08475929498672485,-0.041509270668029785,-0.0560717157742765,-0.10360062122344971,-0.08337700366973877,-0.07692413252804542,-0.13025063276290894,-0.11642369627952576,-0.09627357346031928,-0.10834872722625732,-0.17313703894615173,-0.028002402158715967,-0.1313043236732483,-0.24148303270339966,-0.0570739455244329,-0.14390623569488525,-0.2805081307888031,-0.07720553350661064,-0.1499425768852234,-0.3265826404094696,-0.09028329920981193,-0.07302659749984741,-0.20991989970207214,-0.028057461949327234,-0.09950906038284302,-0.27036869525909424,-0.06243501079294944,-0.11268186569213867,-0.3111720085144043,-0.0828898943683889,-0.12156826257705688,-0.3585818111896515,-0.09345053357098365,-0.03347104787826538,-0.22939413785934448,-0.03295941871617103,-0.0401042103767395,-0.23962780833244324,-0.08067461323950553,-0.03378862142562866,-0.13729089498519897,-0.08876591396544242,-0.02710026502609253,-0.06680822372436523,-0.0817345626375463,0.008977711200714111,-0.23382747173309326,-0.04050457325790191,0.00243455171585083,-0.2299719750881195,-0.07637132179949546,-0.002074897289276123,-0.15486043691635132,-0.07979084772084022,-0.0036088228225708008,-0.09915807843208313,-0.07432715815518165,No
0.0,0.0,0.0,-0.045338571071624756,-0.004126906394958496,-0.03874253114640425,-0.08298987150192261,-0.033974289894104004,-0.06204405432522009,-0.10218745470046997,-0.07464015483856201,-0.0847699195700855,-0.12850421667099,-0.1096331775188446,-0.10624053334772299,-0.10851967334747314,-0.16932711005210876,-0.03392057126342962,-0.13115370273590088,-0.24165552854537964,-0.064874649103281,-0.14449584484100342,-0.2823319137096405,-0.08653761452018927,-0.15086430311203003,-0.33061349391937256,-0.10088989889204214,-0.07238882780075073,-0.21029061079025269,-0.03263438126027296,-0.09912741184234619,-0.2683526873588562,-0.06896306579887579,-0.11326199769973755,-0.3088955283164978,-0.09170800453006933,-0.12349814176559448,-0.3585333526134491,-0.10414214437782476,-0.03216385841369629,-0.2324608862400055,-0.036086514647600154,-0.03783291578292847,-0.2406718134880066,-0.08546702569305609,-0.03251981735229492,-0.13808539509773254,-0.09559066599189947,-0.027445435523986816,-0.06624585390090942,-0.09007434552490423,0.010266005992889404,-0.23785820603370667,-0.04233107348859022,0.003626227378845215,-0.23233577609062195,-0.08020962035238455,-0.0005208849906921387,-0.15758976340293884,-0.08526103949129293,-0.0022957921028137207,-0.10002273321151733,-0.08083524560510824,No
0.0,0.0,0.0,-0.044908106327056885,-0.004322052001953125,-0.033399641611837616,-0.0836901068687439,-0.035374999046325684,-0.053714692690634,-0.10303878784179688,-0.07548075914382935,-0.07399746785428452,-0.12850254774093628,-0.1120915412902832,-0.09285994628932404,-0.10634154081344604,-0.1677297055721283,-0.02846149923767971,-0.12984979152679443,-0.23172420263290405,-0.05671770507957863,-0.14307963848114014,-0.2688971757888794,-0.07636644701030182,-0.1490078568458557,-0.3138745129108429,-0.08921713391807007,-0.07024043798446655,-0.20723935961723328,-0.028326481678747406,-0.09725439548492432,-0.262941837310791,-0.06000946471955704,-0.11080634593963623,-0.2994338870048523,-0.07906629900004791,-0.11915236711502075,-0.3429529666900635,-0.08939357111718582,-0.02988302707672119,-0.22929373383522034,-0.032584559270405045,-0.03710365295410156,-0.23580244183540344,-0.07704025516774582,-0.03273618221282959,-0.13436031341552734,-0.08444564054276871,-0.02708834409713745,-0.061623334884643555,-0.0780919567730658,0.012650251388549805,-0.23512357473373413,-0.03937972719337868,0.005742013454437256,-0.22375273704528809,-0.07310312996175217,0.00023627281188964844,-0.14903447031974792,-0.07637272784974503,-0.0014628171920776367,-0.0917215347290039,-0.07123039672639297,No
0.0,0.0,0.0,-0.044970154762268066,-0.01463383436203003,-0.039348196831710425,-0.08285719156265259,-0.042156994342803955,-0.06466928556299933,-0.10177105665206909,-0.08381247520446777,-0.08779285534954795,-0.12294697761535645,-0.12195849418640137,-0.10901353940106162,-0.10443979501724243,-0.16925272345542908,-0.037137054500348654,-0.12867730855941772,-0.20933222770690918,-0.06793268456793555,-0.13702237606048584,-0.2239495813846588,-0.08893008962012061,-0.13868564367294312,-0.24728819727897644,-0.10245240911579856,-0.06775808334350586,-0.20525741577148438,-0.03329084872937926,-0.09553217887878418,-0.24212998151779175,-0.06849720760918387,-0.10369014739990234,-0.24851125478744507,-0.08625308856106528,-0.10802251100540161,-0.26488348841667175,-0.09526949062681922,-0.027363955974578857,-0.22646820545196533,-0.03432123422361144,-0.039781153202056885,-0.23272594809532166,-0.07829627826548347,-0.03420662879943848,-0.14083611965179443,-0.0836573733363224,-0.02714914083480835,-0.07139503955841064,-0.07739435568190345,0.014903604984283447,-0.23167628049850464,-0.03846259474492797,0.003793954849243164,-0.2246626317501068,-0.07151028200722465,-0.002403557300567627,-0.15265339612960815,-0.0746612070474697,-0.004115045070648193,-0.09634700417518616,-0.07037671342230567,No
0.0,0.0,0.0,-0.043078482151031494,-0.016903221607208252,-0.038959784359178684,-0.0808669924736023,-0.047049105167388916,-0.0656459014122106,-0.0978316068649292,-0.09055274724960327,-0.0906594301764585,-0.11957746744155884,-0.1265469193458557,-0.11377006575509085,-0.10544437170028687,-0.18054383993148804,-0.03682343840642943,-0.1314603090286255,-0.22164350748062134,-0.07126199260397925,-0.13288164138793945,-0.22184893488883972,-0.09397936418696418,-0.12876570224761963,-0.2199038863182068,-0.10666181698485389,-0.06815779209136963,-0.2159605324268341,-0.03380367338701262,-0.09722036123275757,-0.26022985577583313,-0.06966592177792563,-0.10111075639724731,-0.24914193153381348,-0.08645328685685172,-0.10159170627593994,-0.24209803342819214,-0.09359188184185996,-0.026908457279205322,-0.23508122563362122,-0.03609236881180777,-0.039538681507110596,-0.24440860748291016,-0.07977130815430655,-0.032727718353271484,-0.14996713399887085,-0.08451133027716651,-0.025569021701812744,-0.07631498575210571,-0.07745602533265128,0.016618967056274414,-0.23657023906707764,-0.041455367505989216,0.004630744457244873,-0.23851996660232544,-0.07324071034832969,-0.0007625222206115723,-0.16593456268310547,-0.0745224039260961,-0.001997709274291992,-0.10724204778671265,-0.06872275278016104,No
0.0,0.0,0.0,-0.042190730571746826,-0.012822210788726807,-0.039230822608679716,-0.07962024211883545,-0.03732609748840332,-0.06689472778221983,-0.097645103931427,-0.08354842662811279,-0.09263770563980955,-0.11765420436859131,-0.125409334897995,-0.11683058275362868,-0.10349398851394653,-0.16845837235450745,-0.037303033307999556,-0.12594956159591675,-0.20518982410430908,-0.06977141930243391,-0.12865900993347168,-0.2134779393672943,-0.09050733132740874,-0.12435126304626465,-0.21553528308868408,-0.10191381259343046,-0.06608271598815918,-0.20863887667655945,-0.03258188350579161,-0.09324449300765991,-0.2477532923221588,-0.06465265436550993,-0.09630119800567627,-0.23676317930221558,-0.07805546654841322,-0.0951235294342041,-0.22759568691253662,-0.08340059502503294,-0.025368332862854004,-0.22954654693603516,-0.033092482969969694,-0.0374523401260376,-0.23902881145477295,-0.07315083129784483,-0.03121083974838257,-0.1502668261528015,-0.07757607384106535,-0.023462295532226562,-0.07516747713088989,-0.07127858235022444,0.017234742641448975,-0.23210904002189636,-0.03668696342489142,0.005883216857910156,-0.23069599270820618,-0.06744504256626982,0.0010663270950317383,-0.1598505675792694,-0.07045632137438673,0.0009975433349609375,-0.09787774085998535,-0.0660398332633676,No
0.0,0.0,0.0,-0.04939335584640503,-0.026535511016845703,-0.030903628943065087,-0.09227174520492554,-0.08306491374969482,-0.05386368828783361,-0.11078035831451416,-0.14835307002067566,-0.07570236447224943,-0.1002572774887085,-0.2081705927848816,-0.09484436633954374,-0.10089927911758423,-0.20936542749404907,-0.027123770592311303,-0.12214809656143188,-0.23880353569984436,-0.058068516579965035,-0.1128075122833252,-0.2113700807094574,-0.07455110075841276,-0.10018700361251831,-0.1813529133796692,-0.08267930421004621,-0.06148350238800049,-0.2375878095626831,-0.02529819953213064,-0.07207983732223511,-0.26332083344459534,-0.06399871679911939,-0.05591130256652832,-0.17524564266204834,-0.07626137408385603,-0.044407427310943604,-0.10612115263938904,-0.07648085328708021,-0.021237671375274658,-0.2513001561164856,-0.027854538438418786,-0.03571897745132446,-0.2616065740585327,-0.06873785230288831,-0.02606785297393799,-0.16129988431930542,-0.06728188964495985,-0.017365992069244385,-0.0868043303489685,-0.056405524638989846,0.018441855907440186,-0.24753189086914062,-0.03263735297093717,0.002253234386444092,-0.242079496383667,-0.06328577819238035,0.00019860267639160156,-0.1648009717464447,-0.06256173822055189,0.0023873448371887207,-0.109352707862854,-0.054714365778067986,No
0.0,0.0,0.0,-0.041947007179260254,-0.011043012142181396,-0.03398860744002974,-0.07993167638778687,-0.042850494384765625,-0.05817023045185721,-0.09279054403305054,-0.09215664863586426,-0.08058427772287047,-0.10323119163513184,-0.1424153745174408,-0.1010908087230078,-0.10146957635879517,-0.17293548583984375,-0.0346506436801306,-0.1244388222694397,-0.20154720544815063,-0.06757738194230711,-0.1172475814819336,-0.20516976714134216,-0.08875559768441832,-0.10404777526855469,-0.19718345999717712,-0.09953069439891493,-0.06523758172988892,-0.21244147419929504,-0.031631549212967514,-0.08742249011993408,-0.2447899878025055,-0.06478741518024123,-0.08243352174758911,-0.22336333990097046,-0.07829130939010298,-0.07560080289840698,-0.1963825821876526,-0.08232295266154921,-0.02514725923538208,-0.23266282677650452,-0.03309783092502272,-0.03642463684082031,-0.23902267217636108,-0.07163459560636198,-0.02757728099822998,-0.15263837575912476,-0.07379353544477141,-0.018468260765075684,-0.07786291837692261,-0.06585162631038344,0.01738804578781128,-0.2317361831665039,-0.037291926655804275,0.005649387836456299,-0.23222187161445618,-0.06723528853419936,0.001555025577545166,-0.1586020588874817,-0.06781071922544157,0.001871645450592041,-0.09552168846130371,-0.06103718406323111,No
0.0,0.0,0.0,-0.04611861705780029,-0.01452481746673584,-0.03341722103708378,-0.08457374572753906,-0.04579281806945801,-0.05732262494915119,-0.09749877452850342,-0.09502226114273071,-0.08008694636576763,-0.11018180847167969,-0.1462278962135315,-0.1006745173310577,-0.1044805645942688,-0.1871953010559082,-0.029253521812492522,-0.13093292713165283,-0.22414946556091309,-0.05961229267471424,-0.12699198722839355,-0.21551305055618286,-0.07794342922919384,-0.11732923984527588,-0.19661781191825867,-0.08696725952380291,-0.06656211614608765,-0.22268787026405334,-0.02687390881531826,-0.09297937154769897,-0.26274415850639343,-0.0586033723031818,-0.08812540769577026,-0.2306709885597229,-0.07194962340348354,-0.08057183027267456,-0.19833824038505554,-0.07619464385264507,-0.026137590408325195,-0.2410070300102234,-0.029231356335216674,-0.04179483652114868,-0.2466861605644226,-0.06753614532702557,-0.032973289489746094,-0.15699148178100586,-0.07126814859860531,-0.023810625076293945,-0.08450084924697876,-0.06473442899935833,0.01650404930114746,-0.24081477522850037,-0.034115280834370765,0.0011233687400817871,-0.2380610704421997,-0.06320083129160992,-0.0032907724380493164,-0.16416004300117493,-0.0643232389067947,-0.0032378435134887695,-0.10320869088172913,-0.05852709698432079,No
0.0,0.0,0.0,-0.04920637607574463,-0.0034832358360290527,-0.04556882883086644,-0.08809477090835571,-0.03672647476196289,-0.07272639254703961,-0.10686874389648438,-0.07946789264678955,-0.09785682837143383,-0.13248419761657715,-0.11278098821640015,-0.12148137519731961,-0.10748058557510376,-0.17038029432296753,-0.04248002300634823,-0.12919187545776367,-0.23705756664276123,-0.07730661461725674,-0.14087867736816406,-0.27727481722831726,-0.10086789111271344,-0.14542967081069946,-0.3236618638038635,-0.11614570150747738,-0.0713958740234375,-0.20556101202964783,-0.039066990265993695,-0.09530001878738403,-0.26726603507995605,-0.08037525544538937,-0.10792553424835205,-0.3097088932991028,-0.10407768319025479,-0.1159239411354065,-0.3584785461425781,-0.1164399249352499,-0.03146922588348389,-0.22321784496307373,-0.041081660787014584,-0.03764152526855469,-0.2320183515548706,-0.09452368448152981,-0.03346741199493408,-0.13115763664245605,-0.10434731970205746,-0.027037739753723145,-0.06290072202682495,-0.09796390066519223,0.010468602180480957,-0.22695481777191162,-0.04653325060978375,0.003695249557495117,-0.21933630108833313,-0.08659586439505063,-0.0012432336807250977,-0.144208163022995,-0.0923925800122305,-0.002202332019805908,-0.09076711535453796,-0.08859339485540829,No
0.0,0.0,0.0,-0.05020320415496826,0.0006972551345825195,-0.05353104703019085,-0.08940941095352173,-0.028676867485046387,-0.08593559272478046,-0.11018973588943481,-0.06747454404830933,-0.1148089990753931,-0.13710123300552368,-0.09413468837738037,-0.14200820781181278,-0.10981374979019165,-0.17054033279418945,-0.056711785568694495,-0.13279348611831665,-0.23919939994812012,-0.09764923907707157,-0.14531797170639038,-0.28351736068725586,-0.12407719351242008,-0.14998024702072144,-0.3312717080116272,-0.14088597155998173,-0.07465106248855591,-0.20691591501235962,-0.05133466802428188,-0.09822016954421997,-0.2673092186450958,-0.10309939093778553,-0.11165100336074829,-0.3143767714500427,-0.13215649880359592,-0.11995804309844971,-0.36503806710243225,-0.1466386095423502,-0.035384297370910645,-0.2249738574028015,-0.05133178464959087,-0.03819316625595093,-0.22439494729042053,-0.11252113439033451,-0.034664034843444824,-0.12234681844711304,-0.12337797142455997,-0.029963433742523193,-0.05638319253921509,-0.11608717597911777,0.005531489849090576,-0.23005664348602295,-0.05535328768084469,0.002216339111328125,-0.2108476758003235,-0.10049328215310993,-0.0023939013481140137,-0.13276922702789307,-0.10774859793374958,-0.005287289619445801,-0.08217525482177734,-0.10407325632760944,No
0.0,0.0,0.0,-0.049037396907806396,0.0009069442749023438,-0.05171028388181753,-0.0885363221168518,-0.028386294841766357,-0.08372710136214323,-0.11124348640441895,-0.06708234548568726,-0.11281856385508604,-0.13765931129455566,-0.08978396654129028,-0.14035818216839857,-0.10988444089889526,-0.16808053851127625,-0.054292304939423275,-0.13308453559875488,-0.23772233724594116,-0.09448359397688932,-0.14652764797210693,-0.2831745445728302,-0.12051021543780394,-0.1515979766845703,-0.3317980468273163,-0.13720862803498335,-0.07434618473052979,-0.20334774255752563,-0.049631642675791454,-0.09926319122314453,-0.26683586835861206,-0.10082421687880583,-0.11284130811691284,-0.31411847472190857,-0.13001390037575788,-0.12103492021560669,-0.36531655490398407,-0.1448565447095973,-0.03488999605178833,-0.22054576873779297,-0.05003831771651335,-0.040026843547821045,-0.2299610674381256,-0.11062839118281431,-0.03578454256057739,-0.12801826000213623,-0.12098419157305784,-0.030447959899902344,-0.05879831314086914,-0.11341631648579664,0.005754053592681885,-0.22503307461738586,-0.05425096539298124,0.000864565372467041,-0.2167046070098877,-0.09908545253315992,-0.003080129623413086,-0.139287531375885,-0.10571506110468931,-0.005902886390686035,-0.08539330959320068,-0.10156675664225645,No
0.0,0.0,0.0,-0.04757946729660034,2.0265579223632812e-05,-0.04941426716297315,-0.08703386783599854,-0.028483569622039795,-0.07978055379837201,-0.11073064804077148,-0.06506866216659546,-0.1076877018019502,-0.13904786109924316,-0.0863787829875946,-0.1339529057547395,-0.10989230871200562,-0.16682162880897522,-0.05156964189856694,-0.13324815034866333,-0.23841938376426697,-0.09016214809864209,-0.14668190479278564,-0.28448399901390076,-0.11462566755264447,-0.15205824375152588,-0.33548521995544434,-0.13032024107425855,-0.07545971870422363,-0.2041780650615692,-0.04767591632455037,-0.10089468955993652,-0.2666192948818207,-0.09746578834503339,-0.1134902834892273,-0.3159916400909424,-0.1258911689326112,-0.121143639087677,-0.36952905356884,-0.14037846527546094,-0.036830902099609375,-0.22420132160186768,-0.048702364186937075,-0.038481056690216064,-0.22978389263153076,-0.10842978707998441,-0.034051716327667236,-0.12732788920402527,-0.11963698766678021,-0.029911816120147705,-0.055897057056427,-0.1128611390992944,0.0033236145973205566,-0.23010793328285217,-0.0534163018271272,0.002980530261993408,-0.21582582592964172,-0.09842988602369473,-0.0019116997718811035,-0.13581788539886475,-0.10636088005750821,-0.007330417633056641,-0.07841086387634277,-0.10321235410421536,No
0.0,0.0,0.0,-0.04872864484786987,0.002005934715270996,-0.05462641893274167,-0.08859068155288696,-0.0228726863861084,-0.08896964667684415,-0.11235284805297852,-0.05799269676208496,-0.12006401149875501,-0.13934922218322754,-0.07879167795181274,-0.14953984944469312,-0.11142820119857788,-0.16538947820663452,-0.06120792283064702,-0.13359636068344116,-0.23868224024772644,-0.10386614380723813,-0.14640843868255615,-0.28709834814071655,-0.1313182028973756,-0.15083330869674683,-0.3385792523622513,-0.14895360796100476,-0.07608777284622192,-0.20110857486724854,-0.056017475857800036,-0.10077112913131714,-0.2641092538833618,-0.11103377370483258,-0.11350923776626587,-0.31726372241973877,-0.14284048108703473,-0.1209481954574585,-0.3731061965227127,-0.15938020376808026,-0.036689043045043945,-0.21910414099693298,-0.055731973334616214,-0.03866225481033325,-0.22450166940689087,-0.11834296463376859,-0.034808993339538574,-0.1230156421661377,-0.12944031386024335,-0.03074955940246582,-0.053845882415771484,-0.12221558271295407,0.00359952449798584,-0.22477030754089355,-0.05958419544941762,0.0019696950912475586,-0.21399304270744324,-0.10516591994411328,-0.0022746920585632324,-0.13777336478233337,-0.1123002233946977,-0.006434738636016846,-0.08444082736968994,-0.10855254410154203,No
0.0,0.0,0.0,-0.0505945086479187,0.0011749863624572754,-0.04835044606900851,-0.0907096266746521,-0.02892935276031494,-0.0782341958520476,-0.11278289556503296,-0.06649899482727051,-0.10553640141463916,-0.13893872499465942,-0.08678948879241943,-0.13110487177348773,-0.11033153533935547,-0.17218539118766785,-0.05188121660924594,-0.13330870866775513,-0.24525687098503113,-0.08965075030303638,-0.14570409059524536,-0.2921619415283203,-0.11378014101958911,-0.15083205699920654,-0.3417336344718933,-0.12921290113902728,-0.0745924711227417,-0.20818540453910828,-0.048093535148865385,-0.09858459234237671,-0.2720177471637726,-0.09619972869134585,-0.11293786764144897,-0.32077786326408386,-0.12389120473838489,-0.12211507558822632,-0.3735931068658829,-0.13800624027228992,-0.03528553247451782,-0.22582167387008667,-0.04887981354571025,-0.037656962871551514,-0.22663944959640503,-0.10526233925796191,-0.03445500135421753,-0.12416031956672668,-0.11417314424491565,-0.030212044715881348,-0.05751138925552368,-0.10643113418794314,0.0062149763107299805,-0.22920376062393188,-0.05341552212215106,0.003177940845489502,-0.21234670281410217,-0.0936104805705611,-0.0020717978477478027,-0.13357871770858765,-0.09838619842506091,-0.006241977214813232,-0.0814935564994812,-0.09363579764342944,No
0.0,0.0,0.0,-0.05001753568649292,0.001732945442199707,-0.05022467928267815,-0.09034115076065063,-0.028466641902923584,-0.08078413339592316,-0.11230462789535522,-0.06681394577026367,-0.10859504970051148,-0.136766254901886,-0.08911454677581787,-0.13478071870542863,-0.10944223403930664,-0.17032095789909363,-0.0524162563893924,-0.13235151767730713,-0.24201473593711853,-0.08960478635765412,-0.1445927619934082,-0.28733187913894653,-0.11340237291790345,-0.14918005466461182,-0.3368995785713196,-0.12866400065161088,-0.07438009977340698,-0.2081921100616455,-0.047554383746160056,-0.09807407855987549,-0.27053824067115784,-0.0934967908475528,-0.11239117383956909,-0.31857776641845703,-0.11960779013372758,-0.12174952030181885,-0.3695143908262253,-0.1329574722263942,-0.03571939468383789,-0.22792962193489075,-0.04773200186230042,-0.03698033094406128,-0.22788894176483154,-0.1031330886695514,-0.03355991840362549,-0.12518775463104248,-0.11265850695110657,-0.029343366622924805,-0.05573904514312744,-0.10553143056370118,0.005318880081176758,-0.23266571760177612,-0.05187537031508782,0.003437817096710205,-0.21542775630950928,-0.09208018215633729,-0.0013870000839233398,-0.13772264122962952,-0.09791039558388093,-0.005275726318359375,-0.08320534229278564,-0.09399010869003632,No
0.0,0.0,0.0,-0.04386347532272339,-0.010801374912261963,-0.04398990838775774,-0.0815281867980957,-0.042038559913635254,-0.07299674346099039,-0.09793603420257568,-0.08971560001373291,-0.09937808706412454,-0.1203661561012268,-0.1325681507587433,-0.12368450357566019,-0.10647821426391602,-0.1785135269165039,-0.042517971685029465,-0.13332968950271606,-0.2261267602443695,-0.08132150812993189,-0.13345330953598022,-0.22205808758735657,-0.10695145322928568,-0.12816983461380005,-0.21339699625968933,-0.12058781131158014,-0.06984061002731323,-0.21651670336723328,-0.03718471943388124,-0.09727853536605835,-0.26057085394859314,-0.07724262817750116,-0.09974908828735352,-0.24657171964645386,-0.09594772799859186,-0.10056322813034058,-0.23565435409545898,-0.10335571362624307,-0.029322445392608643,-0.2361760139465332,-0.0375960808897986,-0.0385662317276001,-0.2409912347793579,-0.08448108329424997,-0.03179466724395752,-0.1455511748790741,-0.08984593345770975,-0.025671184062957764,-0.07206177711486816,-0.08232198699364801,0.012948155403137207,-0.2383837103843689,-0.04141576259384294,0.003015577793121338,-0.23572278022766113,-0.07555789544234415,-0.0018845796585083008,-0.16014885902404785,-0.07752461775193353,-0.0039182305335998535,-0.10021781921386719,-0.07157137288699289,No
0.0,0.0,0.0,-0.0417974591255188,-0.013404130935668945,-0.036804685117814984,-0.08084595203399658,-0.0422368049621582,-0.06367082309922978,-0.09601527452468872,-0.09002888202667236,-0.08853638333282277,-0.11153483390808105,-0.1388615369796753,-0.1112353072782497,-0.10584932565689087,-0.17308413982391357,-0.03885845628580853,-0.12688112258911133,-0.20264580845832825,-0.07506272357902333,-0.12225466966629028,-0.20703589916229248,-0.09693873834810063,-0.11277294158935547,-0.1974588930606842,-0.10736545336446568,-0.06993132829666138,-0.21210068464279175,-0.03600349438390538,-0.09026610851287842,-0.25269004702568054,-0.07430048448047444,-0.08280009031295776,-0.21561270952224731,-0.08788342189988896,-0.07440119981765747,-0.17306679487228394,-0.09000352931222722,-0.030189990997314453,-0.2343844175338745,-0.038044927390430416,-0.036830365657806396,-0.24043220281600952,-0.08066405517062947,-0.027125120162963867,-0.14967694878578186,-0.08195185822448536,-0.018536508083343506,-0.07404261827468872,-0.07194508028230473,0.012293815612792969,-0.2366851568222046,-0.04290072035989567,0.003977656364440918,-0.23950514197349548,-0.07336812627515599,0.000652015209197998,-0.16598188877105713,-0.07249996972284123,-2.9802322387695312e-06,-0.10399985313415527,-0.06445776087245747,No
0.0,0.0,0.0,-0.040562570095062256,-0.008365869522094727,-0.036372015994501794,-0.07953912019729614,-0.04054856300354004,-0.06221188865275451,-0.09346723556518555,-0.08752036094665527,-0.0855750653860099,-0.10615473985671997,-0.1356126070022583,-0.10687047131033012,-0.10522526502609253,-0.17114749550819397,-0.03891549147338935,-0.1211279034614563,-0.19897642731666565,-0.07514391727418968,-0.11249452829360962,-0.20021897554397583,-0.0992207739469535,-0.09995609521865845,-0.19309499859809875,-0.11191072947950431,-0.06990522146224976,-0.2079925537109375,-0.03569196425051757,-0.08690732717514038,-0.24318534135818481,-0.07214953638286659,-0.0818968415260315,-0.21575385332107544,-0.08682297803134986,-0.07656395435333252,-0.18822461366653442,-0.09121490157814094,-0.029759585857391357,-0.22731053829193115,-0.03712164498539039,-0.034649789333343506,-0.23794978857040405,-0.07850239313812324,-0.025150537490844727,-0.14585340023040771,-0.07878626025886604,-0.016700685024261475,-0.07274657487869263,-0.06899755336017677,0.013945817947387695,-0.2270294427871704,-0.041404607516241754,0.006810784339904785,-0.23280972242355347,-0.07184128351183006,0.003031432628631592,-0.15708976984024048,-0.06981944180698463,0.0023539066314697266,-0.09719264507293701,-0.0611554298517234,No
0.0,0.0,0.0,-0.04682964086532593,-0.024727582931518555,-0.02537462280490388,-0.09023469686508179,-0.07628709077835083,-0.04476055481829633,-0.10990279912948608,-0.1386842429637909,-0.06390693390169133,-0.10449188947677612,-0.19575366377830505,-0.08098905885019292,-0.10348063707351685,-0.19853293895721436,-0.021478101400518312,-0.12227332592010498,-0.22309020161628723,-0.048432454256200685,-0.11157369613647461,-0.20415562391281128,-0.06350652479925145,-0.09906184673309326,-0.17905312776565552,-0.07080164903202046,-0.06521826982498169,-0.2284373641014099,-0.021467637060069933,-0.08077472448348999,-0.2582676410675049,-0.05230382436313619,-0.07168406248092651,-0.20728564262390137,-0.06352172398366918,-0.06539332866668701,-0.16011053323745728,-0.06524339669742574,-0.0237082839012146,-0.24223437905311584,-0.02521716409721364,-0.0365450382232666,-0.2531084716320038,-0.061455007431888475,-0.026573002338409424,-0.15863537788391113,-0.06089765929975499,-0.018055260181427002,-0.08148014545440674,-0.05156000682511319,0.019182026386260986,-0.23660054802894592,-0.030756743414187326,0.0056084394454956055,-0.2391689121723175,-0.059471949724340334,0.0026050209999084473,-0.1622646450996399,-0.05802252122559537,0.0034022927284240723,-0.10008895397186279,-0.04990157836475362,No
0.0,0.0,0.0,-0.03995060920715332,-0.015427470207214355,-0.03514108977914532,-0.07603448629379272,-0.04650747776031494,-0.061338672262436944,-0.0916329026222229,-0.09244406223297119,-0.08642734013200482,-0.10936093330383301,-0.1365342140197754,-0.10952427409291943,-0.10157769918441772,-0.1766349971294403,-0.03582048587203701,-0.1270761489868164,-0.2192729115486145,-0.07056923381686886,-0.12010449171066284,-0.21159952878952026,-0.09120816163421352,-0.10786169767379761,-0.18692821264266968,-0.10050264917016705,-0.06490695476531982,-0.21185261011123657,-0.03312460131645878,-0.08767753839492798,-0.26098522543907166,-0.069202372652299,-0.08121925592422485,-0.2220834493637085,-0.08328951321244915,-0.07420754432678223,-0.1773049235343933,-0.0863321887672015,-0.024953365325927734,-0.23235800862312317,-0.03513778544665058,-0.03535395860671997,-0.24969038367271423,-0.07497799567580898,-0.026732206344604492,-0.15761816501617432,-0.07733164898753841,-0.018951773643493652,-0.07864880561828613,-0.06874906442762097,0.01736760139465332,-0.2346007227897644,-0.039892198365933496,0.006881833076477051,-0.2394995093345642,-0.06820310078263958,0.0031430721282958984,-0.16762053966522217,-0.0681350099265643,0.0025863051414489746,-0.10552841424942017,-0.06115800313354214,No
0.0,0.0,0.0,-0.04524868726730347,-0.02221161127090454,-0.030728643297379676,-0.08416885137557983,-0.06687235832214355,-0.05280039971989936,-0.09739047288894653,-0.12667641043663025,-0.07405086374205894,-0.0985105037689209,-0.17985877394676208,-0.0932496688358242,-0.10570770502090454,-0.18766024708747864,-0.02684086701196975,-0.12992292642593384,-0.216286301612854,-0.05905226758045501,-0.12004733085632324,-0.20974305272102356,-0.07787841325921363,-0.1035454273223877,-0.1930224895477295,-0.08704112237614936,-0.06758004426956177,-0.22477179765701294,-0.0251867412619049,-0.08332854509353638,-0.25441068410873413,-0.06211576750797576,-0.06778353452682495,-0.19804373383522034,-0.07500493293923682,-0.053869783878326416,-0.14172649383544922,-0.07611842220944709,-0.02746671438217163,-0.24335283041000366,-0.028107072695320312,-0.03832876682281494,-0.2539280354976654,-0.06875972217244453,-0.026828348636627197,-0.16371935606002808,-0.06977890944403953,-0.015597879886627197,-0.08757346868515015,-0.060112425594752494,0.01413196325302124,-0.24258431792259216,-0.033393969296639625,0.0015660524368286133,-0.2419130802154541,-0.06500073289794273,0.00027501583099365234,-0.17011842131614685,-0.06632566964549369,0.0031935572624206543,-0.11142376065254211,-0.059501176237290565,No
0.0,0.0,0.0,-0.042957603931427,-0.015064895153045654,-0.032268838332456085,-0.0810590386390686,-0.05263793468475342,-0.05568598334626529,-0.09793871641159058,-0.10625386238098145,-0.07824589808420512,-0.11474364995956421,-0.15554341673851013,-0.09944762040809962,-0.09996891021728516,-0.18164107203483582,-0.02639794287220809,-0.1175413727760315,-0.21681594848632812,-0.05789305021004054,-0.11348193883895874,-0.2158668041229248,-0.07879316558079097,-0.1041213870048523,-0.2043430209159851,-0.0897268702550349,-0.06373828649520874,-0.2159459888935089,-0.023960060746830436,-0.08379536867141724,-0.25066158175468445,-0.057560549424451324,-0.07630658149719238,-0.2087177336215973,-0.07218018670515391,-0.0679248571395874,-0.16405844688415527,-0.07603050519661281,-0.02533787488937378,-0.23396065831184387,-0.02628343117372367,-0.03935849666595459,-0.2484930157661438,-0.06379996736482951,-0.029343008995056152,-0.16162648797035217,-0.06729397674040172,-0.018050074577331543,-0.08456689119338989,-0.06031738717989299,0.015888512134552002,-0.23525598645210266,-0.031150779993694755,0.00023227930068969727,-0.23959103226661682,-0.05950779964165065,-0.002294480800628662,-0.16927775740623474,-0.060953886554997894,0.0008260011672973633,-0.10691946744918823,-0.055256520704787704,No
0.0,0.0,0.0,-0.04243713617324829,-0.016549408435821533,-0.029077474575359474,-0.07929122447967529,-0.05131131410598755,-0.050139884080607544,-0.09299153089523315,-0.10076850652694702,-0.07080297040553774,-0.1079588532447815,-0.1493745744228363,-0.09000427144380296,-0.10071718692779541,-0.17693084478378296,-0.02376640829058374,-0.12535429000854492,-0.20954358577728271,-0.05112927648039545,-0.12473607063293457,-0.2137947976589203,-0.06873229014487947,-0.11687958240509033,-0.2065824270248413,-0.07797838615985597,-0.06393808126449585,-0.21228134632110596,-0.02248079384477819,-0.08942919969558716,-0.2513536810874939,-0.05242118107886995,-0.08693206310272217,-0.22939568758010864,-0.06542967873426164,-0.0804598331451416,-0.20031613111495972,-0.06936807798953737,-0.024099647998809814,-0.23038217425346375,-0.025461543898899208,-0.042192816734313965,-0.25226375460624695,-0.06174301597090448,-0.03296947479248047,-0.1662764549255371,-0.06536094712825502,-0.020557880401611328,-0.08735162019729614,-0.058834875549990784,0.019089877605438232,-0.23101332783699036,-0.03063398095579828,0.00026357173919677734,-0.24094662070274353,-0.06006464603157724,-0.003634333610534668,-0.1710541844367981,-0.06232432517023767,-0.00023025274276733398,-0.10619980096817017,-0.05710008981438364,No
0.0,0.0,0.0,-0.04289966821670532,-0.014973759651184082,-0.03086504818546132,-0.08003789186477661,-0.04906970262527466,-0.053683535323017395,-0.09462505578994751,-0.0972679853439331,-0.07606000559079007,-0.11001825332641602,-0.14718830585479736,-0.09744236724125699,-0.0985749363899231,-0.16579002141952515,-0.026613448873632706,-0.12537449598312378,-0.20016634464263916,-0.05670398207055882,-0.1282978653907776,-0.20828008651733398,-0.07645972923981503,-0.12307578325271606,-0.20731782913208008,-0.08692284034239606,-0.06296408176422119,-0.20163646340370178,-0.025585371196740425,-0.08936870098114014,-0.25185975432395935,-0.05900516466843442,-0.08822411298751831,-0.22491320967674255,-0.0734220902775462,-0.08242630958557129,-0.1907530426979065,-0.07743156807171658,-0.024619221687316895,-0.22270068526268005,-0.02899846167909459,-0.04251360893249512,-0.2501954734325409,-0.06800090627419308,-0.033057987689971924,-0.16162225604057312,-0.07213166461932019,-0.02036142349243164,-0.0837332010269165,-0.06517402188526944,0.017207026481628418,-0.22737008333206177,-0.0346231173132594,-0.0013535618782043457,-0.24325355887413025,-0.06405075000273541,-0.004566788673400879,-0.1726660132408142,-0.06549505995261029,-0.001070857048034668,-0.1083727478981018,-0.05988038437115506,No
0.0,0.0,0.0,-0.04208564758300781,-0.018439531326293945,-0.025851351784439203,-0.07888168096542358,-0.057037353515625,-0.044640652479500886,-0.09265625476837158,-0.1074906587600708,-0.06316000560101998,-0.10627490282058716,-0.15453651547431946,-0.08003040740069878,-0.10307252407073975,-0.1737208068370819,-0.021290316821904298,-0.12601298093795776,-0.203912615776062,-0.04932296613034737,-0.12190485000610352,-0.20531997084617615,-0.06842354276952278,-0.11021870374679565,-0.19772779941558838,-0.07855516264018547,-0.06682664155960083,-0.20757991075515747,-0.020890863256425973,-0.08977437019348145,-0.24316281080245972,-0.050227671505780336,-0.08615237474441528,-0.22186285257339478,-0.06357994267520439,-0.07887941598892212,-0.197504460811615,-0.06817817279872429,-0.02700275182723999,-0.226412832736969,-0.024502690525622484,-0.04242426156997681,-0.24993294477462769,-0.05933339858231079,-0.032112181186676025,-0.16445833444595337,-0.06191056931194794,-0.018929600715637207,-0.08839666843414307,-0.055257819237084504,0.016456544399261475,-0.2292463779449463,-0.030186975018949624,-0.0007395148277282715,-0.23577958345413208,-0.05781222844299805,-0.0031777620315551758,-0.16544115543365479,-0.05891573020991814,0.0011884570121765137,-0.10440409183502197,-0.0532565001564933,No
0.0,0.0,0.0,-0.04265761375427246,-0.011862516403198242,-0.03813256530170861,-0.07867437601089478,-0.044578492641448975,-0.06459401382213059,-0.09325361251831055,-0.09166628122329712,-0.0897010026693863,-0.11499089002609253,-0.13674062490463257,-0.11271171106105271,-0.1074063777923584,-0.16986411809921265,-0.03589472754006806,-0.13667213916778564,-0.22879266738891602,-0.07433622909789506,-0.1329416036605835,-0.2132875919342041,-0.098775616121344,-0.12201845645904541,-0.1810472011566162,-0.11015003008847657,-0.07142186164855957,-0.2047763168811798,-0.03307074142699662,-0.10238975286483765,-0.2656594514846802,-0.07131255252366486,-0.1001926064491272,-0.24022266268730164,-0.08899743689303818,-0.09429413080215454,-0.20864760875701904,-0.09494512362485352,-0.031438231468200684,-0.22406792640686035,-0.035857295823149116,-0.045277416706085205,-0.2461056411266327,-0.07972234321837846,-0.033927738666534424,-0.15656009316444397,-0.08588452471499863,-0.02220970392227173,-0.08287745714187622,-0.07938811762338105,0.011241316795349121,-0.22927755117416382,-0.04148471934800568,-0.0022734403610229492,-0.2411768138408661,-0.07328554077153626,-0.004540503025054932,-0.1693541407585144,-0.07501668317323151,-0.002897918224334717,-0.10955473780632019,-0.06924782527690354,No
0.0,0.0,0.0,-0.043998658657073975,-0.007770717144012451,-0.04054910054099636,-0.07900005578994751,-0.03285062313079834,-0.06628979479563313,-0.09322983026504517,-0.07366734743118286,-0.08978903775703984,-0.11699438095092773,-0.10943183302879333,-0.11150934284222203,-0.10675346851348877,-0.16485705971717834,-0.038433232509017756,-0.126259446144104,-0.21132546663284302,-0.07140969967138844,-0.13638222217559814,-0.24019581079483032,-0.0958371881176241,-0.1399625539779663,-0.27933332324028015,-0.11241528873932438,-0.07163012027740479,-0.20588544011116028,-0.03467712288391667,-0.09542721509933472,-0.24329516291618347,-0.07037040328276234,-0.10348755121231079,-0.26608431339263916,-0.09103907381784992,-0.10835754871368408,-0.30200716853141785,-0.10294360404503422,-0.03222072124481201,-0.2305753231048584,-0.035866004579187205,-0.03630489110946655,-0.23053893446922302,-0.08082836603415089,-0.03114795684814453,-0.13471749424934387,-0.08720179384243565,-0.02535611391067505,-0.0668642520904541,-0.0815854642320879,0.009157299995422363,-0.23735091090202332,-0.04046733786952572,0.004589974880218506,-0.21888554096221924,-0.07495681678545552,-6.0439109802246094e-05,-0.14585459232330322,-0.07939664756548481,-0.0012145638465881348,-0.09342432022094727,-0.07584932183516102,No
0.0,0.0,0.0,-0.04221612215042114,-0.012135863304138184,-0.03700845477637671,-0.07726782560348511,-0.041223347187042236,-0.06178935033735655,-0.09193342924118042,-0.08348119258880615,-0.08530974922236823,-0.11229413747787476,-0.12098544836044312,-0.10641275880393408,-0.10641241073608398,-0.17735040187835693,-0.03333631319460295,-0.13224679231643677,-0.2318049669265747,-0.06874948529061697,-0.13169032335281372,-0.22298574447631836,-0.09181710866746329,-0.12437671422958374,-0.2140648365020752,-0.10406563965138815,-0.07059240341186523,-0.2127748727798462,-0.030915384865373596,-0.09763932228088379,-0.2642698884010315,-0.06756134865340613,-0.09771662950515747,-0.250949501991272,-0.08414015708026312,-0.0952877402305603,-0.24472245573997498,-0.09012797263917349,-0.030437231063842773,-0.23148095607757568,-0.0339041629200878,-0.037588536739349365,-0.2386259138584137,-0.07725014326629065,-0.029749691486358643,-0.145008385181427,-0.08049347785767935,-0.023242712020874023,-0.07780390977859497,-0.07187495914754294,0.011633515357971191,-0.2333347201347351,-0.03994605479297064,0.005315542221069336,-0.2267184555530548,-0.0699267664318981,5.5909156799316406e-05,-0.1532784402370453,-0.06975113389548682,-0.0031107664108276367,-0.09932470321655273,-0.0627372243767681,No
0.0,0.0,0.0,-0.0436437726020813,-0.02349776029586792,-0.026918841776989666,-0.08150297403335571,-0.0722690224647522,-0.04722985650374767,-0.09748703241348267,-0.13121050596237183,-0.06707562903835651,-0.09898579120635986,-0.18272900581359863,-0.08531332413627979,-0.0996045470237732,-0.18820631504058838,-0.024111349386714664,-0.12434971332550049,-0.21516472101211548,-0.0517664852268922,-0.11362367868423462,-0.2017810344696045,-0.0675755555458295,-0.09777873754501343,-0.18245384097099304,-0.0753287340231168,-0.0631481409072876,-0.2209741473197937,-0.023382760835431782,-0.08009874820709229,-0.2579927444458008,-0.05521041179969188,-0.06940227746963501,-0.20917022228240967,-0.0668007696695554,-0.060330092906951904,-0.16231393814086914,-0.06858543704225895,-0.024058163166046143,-0.23703956604003906,-0.02641160811259624,-0.036344289779663086,-0.25747933983802795,-0.06297035912945148,-0.026555001735687256,-0.16509193181991577,-0.06362613688185093,-0.017449378967285156,-0.08693814277648926,-0.055071939034007755,0.01615804433822632,-0.23440256714820862,-0.031350601715587345,0.0031448006629943848,-0.237163245677948,-0.06019217546059963,0.0015357732772827148,-0.16473311185836792,-0.06048953185751316,0.003467082977294922,-0.10480433702468872,-0.05385899196340915,No
0.0,0.0,0.0,-0.05334270000457764,-0.02528667449951172,-0.02042155155371006,-0.10557657480239868,-0.07533210515975952,-0.03815050238202389,-0.14830923080444336,-0.10004818439483643,-0.05709549227188404,-0.18912279605865479,-0.10981988906860352,-0.07678640076349552,-0.0818551778793335,-0.2294941544532776,-0.020290393395526962,-0.12604624032974243,-0.24271589517593384,-0.05075951853226002,-0.15749061107635498,-0.2531450390815735,-0.07633388230036076,-0.18736690282821655,-0.26792389154434204,-0.09401664325426395,-0.04691272974014282,-0.25460177659988403,-0.029032396165831642,-0.10488313436508179,-0.24922525882720947,-0.06138868072460468,-0.1451658010482788,-0.24024522304534912,-0.08149483987520512,-0.17575502395629883,-0.2468220591545105,-0.0926929060501891,-0.00810939073562622,-0.24469608068466187,-0.04082859122584637,-0.06076878309249878,-0.19686228036880493,-0.07785222121904667,-0.058722734451293945,-0.09622591733932495,-0.07871821710298832,-0.04931145906448364,-0.03528475761413574,-0.07148476877640064,0.029494762420654297,-0.20837700366973877,-0.055030001340611534,-0.017335057258605957,-0.16114383935928345,-0.08434783109854038,-0.02400749921798706,-0.08958601951599121,-0.08185027727316196,-0.017786800861358643,-0.043708741664886475,-0.07367823460529621,No
0.0,0.0,0.0,-0.05125021934509277,-0.029097020626068115,-0.016342183878720107,-0.1040959358215332,-0.09257745742797852,-0.03130334832340509,-0.14651060104370117,-0.1253436803817749,-0.04832403950959474,-0.1867709755897522,-0.14060086011886597,-0.06640276901990205,-0.07457476854324341,-0.24665266275405884,-0.01036271855801374,-0.1207539439201355,-0.2560874819755554,-0.04055235751539499,-0.15519648790359497,-0.26499712467193604,-0.06700382970839769,-0.18773722648620605,-0.27701103687286377,-0.085405184259713,-0.0391315221786499,-0.2686263918876648,-0.021542463755309882,-0.09976977109909058,-0.26729655265808105,-0.0534242003467682,-0.14387965202331543,-0.25439387559890747,-0.07363220893412858,-0.17920660972595215,-0.25927573442459106,-0.08457775258094102,-0.000947415828704834,-0.2581133246421814,-0.03620492883592874,-0.06168007850646973,-0.21986103057861328,-0.07385997318297655,-0.06040823459625244,-0.11755794286727905,-0.07424826019078523,-0.050114572048187256,-0.056748807430267334,-0.06606853597432405,0.03484112024307251,-0.22360098361968994,-0.053000899335444274,-0.020388424396514893,-0.1876097321510315,-0.08337833576470643,-0.028539180755615234,-0.11363458633422852,-0.08046530776292116,-0.021636903285980225,-0.06616753339767456,-0.07146499150067598,No
0.0,0.0,0.0,-0.047520220279693604,-0.03375154733657837,-0.014320137847676051,-0.10077530145645142,-0.10935992002487183,-0.025504887041165603,-0.13688021898269653,-0.16036194562911987,-0.037860482868268264,-0.17124950885772705,-0.19618982076644897,-0.05011339479358412,-0.06890994310379028,-0.2512195110321045,-0.007367416687770856,-0.10876089334487915,-0.2513939142227173,-0.03821225085528113,-0.14023452997207642,-0.23871737718582153,-0.06466606253059126,-0.17225486040115356,-0.22885781526565552,-0.08108764135511137,-0.03563046455383301,-0.2731028199195862,-0.015463401500596774,-0.08903717994689941,-0.2633814811706543,-0.0454553923872254,-0.12635916471481323,-0.23051321506500244,-0.06318777048261381,-0.15551221370697021,-0.2143087387084961,-0.07180401676566817,0.0021004676818847656,-0.2673070430755615,-0.027000501689030898,-0.050903499126434326,-0.23414623737335205,-0.06226062395842291,-0.05008620023727417,-0.1308237910270691,-0.06180487194330908,-0.04139089584350586,-0.06688433885574341,-0.05340735980541922,0.04018276929855347,-0.2381238341331482,-0.04027289890916563,-0.008319258689880371,-0.20501816272735596,-0.06932365888030745,-0.017448067665100098,-0.1257454752922058,-0.06639816605718352,-0.013299763202667236,-0.0771905779838562,-0.05725536116631247,No
0.0,0.0,0.0,-0.047895610332489014,-0.0308687686920166,-0.013161788441152567,-0.09995526075363159,-0.1005282998085022,-0.02430657272032022,-0.1365833282470703,-0.14584463834762573,-0.03703509432068586,-0.1704968810081482,-0.17922472953796387,-0.04982446667543172,-0.0742306113243103,-0.24962127208709717,-0.007548177361400121,-0.11601448059082031,-0.25061869621276855,-0.036023782312781805,-0.14723366498947144,-0.235995352268219,-0.060058677315623754,-0.17923909425735474,-0.2240932583808899,-0.0749598645865035,-0.04070228338241577,-0.2724617123603821,-0.015960238620550626,-0.09692132472991943,-0.25850921869277954,-0.044553225606591695,-0.13477438688278198,-0.2233859896659851,-0.06162191715827703,-0.16572576761245728,-0.2016838788986206,-0.06972912487378835,-0.0030391812324523926,-0.2682890295982361,-0.02744462129464864,-0.056491732597351074,-0.2290130853652954,-0.06144525644174337,-0.0527721643447876,-0.13109958171844482,-0.06289822396627187,-0.04319506883621216,-0.06805205345153809,-0.056201720356853,0.03399890661239624,-0.24117445945739746,-0.04048160624495267,-0.01414024829864502,-0.20482343435287476,-0.0689561196862769,-0.021001219749450684,-0.13068848848342896,-0.06746281471839666,-0.01626110076904297,-0.08262157440185547,-0.05958298382154226,No
0.0,0.0,0.0,-0.04815959930419922,-0.030930161476135254,-0.021313650812146534,-0.09831392765045166,-0.09380161762237549,-0.03761041751050698,-0.13951677083969116,-0.13383334875106812,-0.05474055400037514,-0.1788417100906372,-0.14891481399536133,-0.07246028100990998,-0.08388984203338623,-0.24050462245941162,-0.015318622159895767,-0.12429863214492798,-0.2526336908340454,-0.048658320958850254,-0.15553498268127441,-0.2657623887062073,-0.07674183910631882,-0.18519902229309082,-0.2825688123703003,-0.09520456409001099,-0.04854816198348999,-0.26858001947402954,-0.02246170146310078,-0.09969264268875122,-0.28032803535461426,-0.05422120755457627,-0.13300031423568726,-0.2732818126678467,-0.07285762792372452,-0.1608220338821411,-0.2845913767814636,-0.08227572059178101,-0.008100926876068115,-0.26769059896469116,-0.03365927776241051,-0.056846022605895996,-0.2300734519958496,-0.0711298010303949,-0.05424976348876953,-0.12764400243759155,-0.07216561799788224,-0.04566103219985962,-0.0646507740020752,-0.06417609965347992,0.031150758266448975,-0.24251216650009155,-0.04752774750733124,-0.012827932834625244,-0.203555166721344,-0.07583980476402985,-0.02171027660369873,-0.13033699989318848,-0.07318532681011902,-0.01859217882156372,-0.08281010389328003,-0.06489372467541443,No
0.0,0.0,0.0,-0.04801332950592041,-0.031919121742248535,-0.02391872770174075,-0.09957700967788696,-0.0916714072227478,-0.042694798028307446,-0.14032107591629028,-0.12621450424194336,-0.062368488228159435,-0.18057310581207275,-0.1419643759727478,-0.08302996150239039,-0.07959258556365967,-0.2525850534439087,-0.02488993695958186,-0.11974358558654785,-0.2816849946975708,-0.058935480481224545,-0.1479576826095581,-0.3151845932006836,-0.0867036937831216,-0.17251014709472656,-0.35258516669273376,-0.10580538055880595,-0.042129576206207275,-0.27695542573928833,-0.03231406054480601,-0.0982087254524231,-0.3022683560848236,-0.0673000796793275,-0.1369602084159851,-0.3137500286102295,-0.08732680819018412,-0.16670948266983032,-0.33844226598739624,-0.0977612196563058,-0.0006884932518005371,-0.27039867639541626,-0.043217910742598065,-0.05331689119338989,-0.23534613847732544,-0.08385106763823558,-0.05378669500350952,-0.12917131185531616,-0.08497017464621592,-0.0465087890625,-0.06096017360687256,-0.07629656634314586,0.03938573598861694,-0.23765510320663452,-0.057010839050846585,-0.0064656734466552734,-0.202897310256958,-0.08716155431254435,-0.01852715015411377,-0.12778490781784058,-0.08419316104634333,-0.017736375331878662,-0.07522952556610107,-0.07525399169905711,No
0.0,0.0,0.0,-0.04684734344482422,-0.03067880868911743,-0.024024596705714885,-0.09693223237991333,-0.09546518325805664,-0.04160592731801671,-0.1370750069618225,-0.13669085502624512,-0.060121611028591815,-0.17596381902694702,-0.15588897466659546,-0.0792891013321082,-0.07954472303390503,-0.2505773901939392,-0.020730298280398074,-0.12107425928115845,-0.2792489528656006,-0.054396778613011065,-0.15076589584350586,-0.30645501613616943,-0.08217076984016103,-0.17727333307266235,-0.33760154247283936,-0.10113211747972173,-0.04271918535232544,-0.27652329206466675,-0.027578685700575534,-0.09918338060379028,-0.29577529430389404,-0.061638139456192675,-0.13862192630767822,-0.30382242798805237,-0.08180918571321172,-0.16930079460144043,-0.3277721107006073,-0.09274537143079442,-0.0016140341758728027,-0.27158617973327637,-0.038240626722256366,-0.054247915744781494,-0.2355738878250122,-0.07795614030925435,-0.054114341735839844,-0.13141393661499023,-0.07924374964801473,-0.04651379585266113,-0.06661838293075562,-0.07130083468524617,0.03808116912841797,-0.24114090204238892,-0.05189975005356473,-0.008049547672271729,-0.20391631126403809,-0.08189292278854055,-0.01789158582687378,-0.12981975078582764,-0.07940175411073369,-0.014744699001312256,-0.08032453060150146,-0.07105362442104024,No
0.0,0.0,0.0,-0.047954559326171875,-0.0357050895690918,-0.016593778881883736,-0.09569114446640015,-0.114388108253479,-0.02843921482906353,-0.13050401210784912,-0.1697140336036682,-0.041837608817672844,-0.16597360372543335,-0.19967621564865112,-0.055759581181860085,-0.06931048631668091,-0.2595524191856384,-0.00423743846238267,-0.1124226450920105,-0.2700532078742981,-0.030780645463323708,-0.14381110668182373,-0.2777021527290344,-0.05404567197308552,-0.1722676157951355,-0.2909306287765503,-0.06962065250024807,-0.032804012298583984,-0.2806819677352905,-0.011343878138518448,-0.08439433574676514,-0.2932460308074951,-0.036841905120468255,-0.11477452516555786,-0.2749435305595398,-0.052457435432529564,-0.13681918382644653,-0.27476197481155396,-0.060763372484302636,0.006343185901641846,-0.2747192978858948,-0.022245813537097092,-0.048094749450683594,-0.25756579637527466,-0.0544620700214864,-0.051161348819732666,-0.15571153163909912,-0.05533755049452793,-0.04445439577102661,-0.08995354175567627,-0.048931276801681634,0.04367542266845703,-0.24559283256530762,-0.03531925604090702,-0.006149888038635254,-0.2254786491394043,-0.06085997298703205,-0.01819753646850586,-0.15159308910369873,-0.05877709612593662,-0.016009151935577393,-0.10088884830474854,-0.051819352809047814,No
0.0,0.0,0.0,-0.052321672439575195,-0.03959381580352783,-0.012933382967730722,-0.10246074199676514,-0.1198534369468689,-0.024053146334608755,-0.13609951734542847,-0.17475908994674683,-0.03673943059357043,-0.16543740034103394,-0.22147434949874878,-0.04930444361480113,-0.0644187331199646,-0.2556958794593811,-0.007686183991154394,-0.1063113808631897,-0.2693467140197754,-0.034053805487474165,-0.1376388669013977,-0.2612019181251526,-0.05518733637245532,-0.1690019965171814,-0.25857722759246826,-0.06826687903912898,-0.029667794704437256,-0.2754719853401184,-0.015436702611168585,-0.08805286884307861,-0.27809709310531616,-0.04378214778216716,-0.12844431400299072,-0.25343626737594604,-0.06030520723970767,-0.15972965955734253,-0.24087822437286377,-0.06824957879098292,0.007133543491363525,-0.2722010612487793,-0.02601418198855754,-0.05138731002807617,-0.256646990776062,-0.05947175921710368,-0.05101573467254639,-0.15504032373428345,-0.060951731371005735,-0.041207194328308105,-0.08839452266693115,-0.05485403837474223,0.0416375994682312,-0.24755966663360596,-0.03799889536412593,-0.009605467319488525,-0.2313922643661499,-0.0654865756800973,-0.018696725368499756,-0.15428417921066284,-0.0635954767635667,-0.013689994812011719,-0.10357916355133057,-0.056051357852538786,No
0.0,0.0,0.0,-0.04819440841674805,-0.03734326362609863,-0.016701259974240656,-0.09823590517044067,-0.11088138818740845,-0.030686932939886447,-0.13415861129760742,-0.1601681113243103,-0.045805028963684435,-0.16672080755233765,-0.19794964790344238,-0.06050097136557042,-0.06678014993667603,-0.2599492073059082,-0.012396984126269217,-0.1092073917388916,-0.2667545676231384,-0.04364459528386533,-0.14065980911254883,-0.254131019115448,-0.06866345493853032,-0.17321550846099854,-0.2435324788093567,-0.08351702927410543,-0.03269463777542114,-0.27949291467666626,-0.019865963000654574,-0.08956253528594971,-0.2693564295768738,-0.05123631967961728,-0.12751948833465576,-0.2366620898246765,-0.06915970085918843,-0.1580931544303894,-0.2181989550590515,-0.07753195552885472,0.0046730637550354,-0.27268922328948975,-0.030706339839696284,-0.0508766770362854,-0.23788690567016602,-0.06662433533728063,-0.05033731460571289,-0.13838982582092285,-0.06729357628881871,-0.04292440414428711,-0.07399314641952515,-0.059677983958124514,0.041074275970458984,-0.24418485164642334,-0.043537455934881564,-0.007818460464477539,-0.21190869808197021,-0.07263251333296239,-0.01672494411468506,-0.13643527030944824,-0.07059948085606038,-0.013533949851989746,-0.08750027418136597,-0.06218075691521108,No
0.0,0.0,0.0,-0.04496955871582031,-0.03067469596862793,-0.021527011041087007,-0.0924830436706543,-0.0974765419960022,-0.03902660692159543,-0.13044005632400513,-0.14401912689208984,-0.056689784024399614,-0.16813278198242188,-0.16109734773635864,-0.07496526474182019,-0.07160371541976929,-0.2549777030944824,-0.015752347279828882,-0.11159384250640869,-0.26465165615081787,-0.04834791654769788,-0.14358943700790405,-0.2791544795036316,-0.07699323082391629,-0.17405331134796143,-0.2946529984474182,-0.09684930378620038,-0.033699631690979004,-0.2773004174232483,-0.021950580273312426,-0.07978600263595581,-0.2689666152000427,-0.057305827830475664,-0.07954657077789307,-0.18062293529510498,-0.07269100481693158,-0.07471400499343872,-0.12117040157318115,-0.07739033931915174,0.00573199987411499,-0.2666364312171936,-0.03224722677890668,-0.044207096099853516,-0.23253875970840454,-0.06922702128116498,-0.04387211799621582,-0.13023626804351807,-0.06641216957990537,-0.0369572639465332,-0.06385701894760132,-0.056461025123041964,0.0430445671081543,-0.2339237928390503,-0.045019205753249025,-0.0028877854347229004,-0.20294630527496338,-0.07276259744588742,-0.014413177967071533,-0.12851828336715698,-0.06903929645244489,-0.013756096363067627,-0.07865267992019653,-0.06040428588215718,No
0.0,0.0,0.0,-0.050115764141082764,-0.03920185565948486,-0.017512519824151696,-0.10143083333969116,-0.10441529750823975,-0.032670889961366356,-0.14083778858184814,-0.1407707929611206,-0.048930824714545906,-0.1781235933303833,-0.15604335069656372,-0.0659044319566533,-0.07793909311294556,-0.2690250873565674,-0.01731329502428025,-0.12131649255752563,-0.29736942052841187,-0.04894396008813828,-0.15204906463623047,-0.3301732540130615,-0.0770644107636258,-0.17909574508666992,-0.36298903822898865,-0.09741705002153367,-0.039839744567871094,-0.2859659194946289,-0.026032664793376625,-0.09253215789794922,-0.2815936803817749,-0.06346704902017564,-0.09867721796035767,-0.21830147504806519,-0.08183106871211976,-0.09804689884185791,-0.17807912826538086,-0.08884938897455186,0.0001456141471862793,-0.2708316445350647,-0.037827276605014504,-0.05248880386352539,-0.23582446575164795,-0.076190561967735,-0.05200010538101196,-0.13087302446365356,-0.0738850170549199,-0.043457210063934326,-0.06166595220565796,-0.06353464813793153,0.03841972351074219,-0.23499268293380737,-0.05188638808095902,-0.007758736610412598,-0.20243698358535767,-0.0802304753836438,-0.019967496395111084,-0.1291900873184204,-0.07627501429880112,-0.018759489059448242,-0.08047950267791748,-0.06700336279237717,No
0.0,0.0,0.0,-0.049723148345947266,-0.040367841720581055,-0.01975014155715371,-0.10122567415237427,-0.10501116514205933,-0.036767511647042284,-0.14164572954177856,-0.13874667882919312,-0.05606428815036679,-0.18247956037521362,-0.15299636125564575,-0.07634396387248898,-0.07985186576843262,-0.26010584831237793,-0.022087178211506853,-0.1190914511680603,-0.30956143140792847,-0.05226369483381177,-0.1437562108039856,-0.3514028787612915,-0.07594169212489987,-0.16485565900802612,-0.39982983469963074,-0.09219252599388028,-0.04261744022369385,-0.2830291986465454,-0.030678815226849565,-0.09694802761077881,-0.32658618688583374,-0.06304297877460385,-0.13562434911727905,-0.35879987478256226,-0.08200306726604367,-0.1660773754119873,-0.39823853969573975,-0.09206188751369382,-0.0011549592018127441,-0.27872294187545776,-0.041773385386761674,-0.056641995906829834,-0.24148434400558472,-0.07833377553134824,-0.054594993591308594,-0.1372215747833252,-0.07903436107545758,-0.045845091342926025,-0.06860679388046265,-0.07088581008821393,0.03871595859527588,-0.24749773740768433,-0.055619667302664766,-0.01016014814376831,-0.2157496213912964,-0.07904479933887387,-0.02072322368621826,-0.14172124862670898,-0.07288058383375073,-0.018537402153015137,-0.08785486221313477,-0.06301921887308026,No
0.0,0.0,0.0,-0.051885128021240234,-0.040814757347106934,-0.017835938502031468,-0.1023792028427124,-0.11219382286071777,-0.03171308072276702,-0.13962101936340332,-0.1542496681213379,-0.047210757750946186,-0.176103413105011,-0.1713794469833374,-0.06351750822730651,-0.08211904764175415,-0.2594590187072754,-0.01672385552890887,-0.12410014867782593,-0.28969818353652954,-0.048222203869300984,-0.15253543853759766,-0.31970086693763733,-0.07463597984977355,-0.17796695232391357,-0.3571944236755371,-0.09309047194190612,-0.044456303119659424,-0.2807127833366394,-0.02570469969876399,-0.09860163927078247,-0.3079147934913635,-0.05692146824665656,-0.13936394453048706,-0.3234928250312805,-0.07572873415418258,-0.17159253358840942,-0.3558359742164612,-0.08684584232040038,-0.0034813284873962402,-0.27428412437438965,-0.03784282239146819,-0.05728304386138916,-0.24791884422302246,-0.07424225391812911,-0.05741894245147705,-0.14329731464385986,-0.07425915928550353,-0.047990620136260986,-0.07952845096588135,-0.06670798839994063,0.035088956356048584,-0.2435094118118286,-0.0525350693053781,-0.013803958892822266,-0.2171606421470642,-0.07925092162557235,-0.024503469467163086,-0.14193201065063477,-0.07513955714173903,-0.019954800605773926,-0.09278237819671631,-0.0667913901991426,No
0.0,0.0,0.0,-0.045152902603149414,-0.03325772285461426,-0.01978593680951235,-0.0914185643196106,-0.10462278127670288,-0.03401034314128992,-0.12700897455215454,-0.15366804599761963,-0.04955996934268114,-0.16237086057662964,-0.17549419403076172,-0.06562897179219362,-0.07159578800201416,-0.25472956895828247,-0.00933957647475836,-0.11477154493331909,-0.2656401991844177,-0.04008671630117533,-0.14801037311553955,-0.2774009108543396,-0.06636996183488009,-0.17810297012329102,-0.2950185537338257,-0.08389915887210009,-0.035280466079711914,-0.27775299549102783,-0.016989763713809225,-0.09127485752105713,-0.28842443227767944,-0.04635310906860468,-0.12655329704284668,-0.27574044466018677,-0.06361764285657046,-0.15328341722488403,-0.2835080027580261,-0.07267803315016863,0.004542171955108643,-0.2717229127883911,-0.028869802019926283,-0.051270902156829834,-0.24462425708770752,-0.06567734096142885,-0.05200010538101196,-0.14133453369140625,-0.06625188503358004,-0.044015705585479736,-0.07719278335571289,-0.058252192921372625,0.042887330055236816,-0.24226325750350952,-0.04323207575771448,-0.007066547870635986,-0.21844995021820068,-0.07161770377251742,-0.01814359426498413,-0.14516282081604004,-0.06866436067912218,-0.015658259391784668,-0.09550261497497559,-0.06034581351968882,No
0.0,0.0,0.0,-0.04951906204223633,-0.03850555419921875,-0.016786284390661876,-0.09660673141479492,-0.10758239030838013,-0.03082671167311446,-0.1312522292137146,-0.15468406677246094,-0.0463250573909022,-0.16593998670578003,-0.18272775411605835,-0.062017235550854366,-0.0728687047958374,-0.2572595477104187,-0.009372700583014648,-0.1139952540397644,-0.257163941860199,-0.03855255210754649,-0.14503341913223267,-0.25319868326187134,-0.0631043870186545,-0.17355889081954956,-0.2567232847213745,-0.07861805299279467,-0.03741198778152466,-0.27913302183151245,-0.016751803103659313,-0.08869349956512451,-0.28068214654922485,-0.04331240395066516,-0.1198500394821167,-0.26109129190444946,-0.059493116680357616,-0.14284884929656982,-0.25997066497802734,-0.06839177349564807,0.0012021660804748535,-0.27352404594421387,-0.027656452376220386,-0.05121093988418579,-0.24614626169204712,-0.05985023418423907,-0.05207335948944092,-0.14486199617385864,-0.061001538876269024,-0.0439181923866272,-0.08049428462982178,-0.05516428465006129,0.0382915735244751,-0.24422216415405273,-0.04074771666881816,-0.008893370628356934,-0.21905356645584106,-0.06525014677998797,-0.01946502923965454,-0.14499080181121826,-0.06259047577140109,-0.016659259796142578,-0.09622311592102051,-0.05553873220441119,No
0.0,0.0,0.0,-0.04418647289276123,-0.03161698579788208,-0.014415342720155877,-0.09213149547576904,-0.10501599311828613,-0.026003971123998326,-0.12582051753997803,-0.15436530113220215,-0.03918516578704612,-0.15930509567260742,-0.18505358695983887,-0.052697557384078664,-0.06408661603927612,-0.25470298528671265,-0.006954941326682729,-0.10452789068222046,-0.2521968483924866,-0.03579031618863837,-0.1365194320678711,-0.23988258838653564,-0.06041951047808425,-0.16862213611602783,-0.23241090774536133,-0.07553945052057998,-0.03029167652130127,-0.27828001976013184,-0.014858522811834973,-0.08396613597869873,-0.2684270739555359,-0.041750586951081914,-0.12012678384780884,-0.2410057783126831,-0.0584248522165467,-0.15003567934036255,-0.227358877658844,-0.06684077846438186,0.0068784356117248535,-0.2731029987335205,-0.02604324313432471,-0.04653269052505493,-0.2341737151145935,-0.05931315141350524,-0.0441737174987793,-0.13610124588012695,-0.06132771762639777,-0.03584808111190796,-0.07134848833084106,-0.055060706460778874,0.043342769145965576,-0.24500876665115356,-0.03902119340926902,-0.004501461982727051,-0.21091341972351074,-0.0657275201621701,-0.012995302677154541,-0.13616549968719482,-0.06405910419852034,-0.010181903839111328,-0.08433657884597778,-0.056605111235683125,No
0.0,0.0,0.0,-0.04345792531967163,-0.028706371784210205,-0.01784872097312018,-0.09036415815353394,-0.09629809856414795,-0.030031303142891375,-0.12421095371246338,-0.14377820491790771,-0.04366303813992545,-0.15792864561080933,-0.17064505815505981,-0.05748819020925566,-0.07010161876678467,-0.24105095863342285,-0.006606290315971819,-0.10805165767669678,-0.24041861295700073,-0.03779953551827475,-0.13861411809921265,-0.23936784267425537,-0.06475616080103919,-0.16865843534469604,-0.24610519409179688,-0.08251877707778021,-0.03537952899932861,-0.26883041858673096,-0.014291821246729342,-0.087088942527771,-0.26711899042129517,-0.04650826213298842,-0.12283974885940552,-0.24500542879104614,-0.06569729579030081,-0.15254080295562744,-0.24001383781433105,-0.07500129771767661,0.004030287265777588,-0.2669522166252136,-0.026003871312127558,-0.044728100299835205,-0.23046058416366577,-0.06494054776965186,-0.043849825859069824,-0.1304212212562561,-0.06645797026692435,-0.03710460662841797,-0.06744223833084106,-0.058036411380157915,0.04367941617965698,-0.2404017448425293,-0.039860891377315966,-0.0006676316261291504,-0.20467764139175415,-0.07038035077391669,-0.010859787464141846,-0.1310964822769165,-0.06903776360093161,-0.009255766868591309,-0.08314180374145508,-0.060880335246906725,No
0.0,0.0,0.0,-0.04466503858566284,-0.02985304594039917,-0.01832917652342303,-0.0912371277809143,-0.10064738988876343,-0.03146261669013484,-0.12544679641723633,-0.1506020426750183,-0.04553747869346125,-0.15995997190475464,-0.1741960644721985,-0.05996377340767367,-0.06996029615402222,-0.25007081031799316,-0.010523540370797946,-0.11146456003189087,-0.24893051385879517,-0.04145524597976191,-0.1428471803665161,-0.24744778871536255,-0.06709479115221484,-0.1732516884803772,-0.25326454639434814,-0.08360231987450106,-0.033657193183898926,-0.2754201292991638,-0.017710063078141047,-0.08634954690933228,-0.27368640899658203,-0.04803631401870234,-0.12053018808364868,-0.2538841962814331,-0.06570583156559451,-0.14798367023468018,-0.2526751756668091,-0.07452729664061053,0.005938529968261719,-0.2708354592323303,-0.02866800262842162,-0.04631388187408447,-0.23142927885055542,-0.06582026503298266,-0.04501152038574219,-0.13194268941879272,-0.06746577046129687,-0.03726649284362793,-0.07014864683151245,-0.05993272683832629,0.04501676559448242,-0.24281316995620728,-0.041749800958371,-0.0017892122268676758,-0.20695340633392334,-0.07075380853626712,-0.011653900146484375,-0.13351619243621826,-0.06920136831018908,-0.010107159614562988,-0.08536440134048462,-0.061419575878119304,No
0.0,0.0,0.0,-0.048534393310546875,-0.034204959869384766,-0.018173385688726285,-0.09762781858444214,-0.10664862394332886,-0.03155681518620668,-0.13800442218780518,-0.15156888961791992,-0.046652727106277325,-0.17818546295166016,-0.1693035364151001,-0.06273339343971429,-0.07947856187820435,-0.24673622846603394,-0.008474147224490025,-0.1193966269493103,-0.263721227645874,-0.03660438610023675,-0.1506369709968567,-0.2774704098701477,-0.06113839922255693,-0.1796882152557373,-0.29900723695755005,-0.07810763669914422,-0.04288715124130249,-0.2736623287200928,-0.01644636532074628,-0.0940396785736084,-0.2863299250602722,-0.044710837581817486,-0.12906235456466675,-0.2804408669471741,-0.06215418530410943,-0.1577281355857849,-0.2934236526489258,-0.07164577794975457,-0.0022845864295959473,-0.27178817987442017,-0.02822942128187833,-0.05234408378601074,-0.24052190780639648,-0.06333852214521585,-0.05106538534164429,-0.13660520315170288,-0.06544478637880502,-0.04317086935043335,-0.07120722532272339,-0.05900884819931207,0.037284672260284424,-0.24598270654678345,-0.04235301194495378,-0.008974850177764893,-0.21477282047271729,-0.06908396286672769,-0.018443703651428223,-0.14143741130828857,-0.06711013270324884,-0.015633344650268555,-0.09123194217681885,-0.05998626379079042,No
0.0,0.0,0.0,-0.048287391662597656,-0.036849796772003174,-0.02081187419599928,-0.09815126657485962,-0.10685849189758301,-0.03601394012576975,-0.13819009065628052,-0.15224570035934448,-0.0527330839634601,-0.17769217491149902,-0.16796839237213135,-0.07034048974520601,-0.08028626441955566,-0.24930548667907715,-0.013746367544001714,-0.11999547481536865,-0.2734833359718323,-0.044496631026333944,-0.14940500259399414,-0.29463303089141846,-0.07053544163710512,-0.1761506199836731,-0.3223435878753662,-0.08852135926491655,-0.04341721534729004,-0.2759949564933777,-0.021200982630318777,-0.09540843963623047,-0.2931315302848816,-0.05284322962171473,-0.13167816400527954,-0.29394710063934326,-0.07185086399323382,-0.16078585386276245,-0.31225165724754333,-0.0820386761427585,-0.0024843215942382812,-0.2728765606880188,-0.03256135970360674,-0.05266290903091431,-0.24038171768188477,-0.0703061351180736,-0.05200570821762085,-0.1370382308959961,-0.07292172849184908,-0.04432457685470581,-0.07157909870147705,-0.06614521682269014,0.03734713792800903,-0.24515938758850098,-0.04656554549939074,-0.008338570594787598,-0.2132941484451294,-0.07513729274279513,-0.01784592866897583,-0.14191073179244995,-0.07400083333260454,-0.014580905437469482,-0.0932357907295227,-0.06707861810929217,No
0.0,0.0,0.0,-0.026380836963653564,-0.09357845783233643,-0.02465136663735734,-0.03646707534790039,-0.1898983120918274,-0.039309262649425136,-0.03801995515823364,-0.2608489394187927,-0.04927990900100099,-0.028710663318634033,-0.3219520151615143,-0.05500418262303697,0.019554615020751953,-0.19040018320083618,-0.03903907106936799,-0.059348106384277344,-0.1859768033027649,-0.06102883385241853,-0.06066310405731201,-0.14893221855163574,-0.0726025881034218,-0.03803437948226929,-0.1381949782371521,-0.07992153184235917,0.028029143810272217,-0.12640023231506348,-0.03847170935691224,-0.06288307905197144,-0.12459385395050049,-0.05577979178846704,-0.05270957946777344,-0.09811228513717651,-0.058204706178315746,-0.027950704097747803,-0.09335941076278687,-0.06179720105350839,0.026097238063812256,-0.05934840440750122,-0.040143459455379116,-0.058737218379974365,-0.06093531847000122,-0.057692136035569774,-0.04804128408432007,-0.04221075773239136,-0.051979604528554546,-0.02410757541656494,-0.039333224296569824,-0.04830992908895837,0.017617523670196533,0.004395604133605957,-0.04444829316557275,-0.04887950420379639,0.0002301931381225586,-0.059514320806869137,-0.040899038314819336,0.006574749946594238,-0.058936938063510524,-0.018010079860687256,0.005372524261474609,-0.05715895386160241,done
0.0,0.0,0.0,-0.010364532470703125,-0.09217530488967896,-0.005910630888806168,-0.042308688163757324,-0.19339704513549805,-0.014633769720362011,-0.06486880779266357,-0.2696353495121002,-0.02247795517699558,-0.06094646453857422,-0.3355926275253296,-0.030370630874799076,-0.059170544147491455,-0.20334303379058838,-0.02839380744056541,-0.1302403211593628,-0.1997116208076477,-0.04204848091261226,-0.1229170560836792,-0.16440516710281372,-0.04476776774184543,-0.10380738973617554,-0.15436667203903198,-0.04550217519657451,-0.06983715295791626,-0.14373779296875,-0.03300590868251163,-0.1405770182609558,-0.13832294940948486,-0.04278870354549724,-0.1248847246170044,-0.11009639501571655,-0.03771833385484058,-0.10407179594039917,-0.10235917568206787,-0.036186531737016026,-0.08035647869110107,-0.08091866970062256,-0.03761265481965381,-0.1407684087753296,-0.08165866136550903,-0.04835328142301876,-0.12363910675048828,-0.05898439884185791,-0.0388292750264867,-0.10376930236816406,-0.05485349893569946,-0.03363767321364719,-0.08976960182189941,-0.021547257900238037,-0.042079065545962635,-0.13633060455322266,-0.033384859561920166,-0.0514659663583501,-0.12009662389755249,-0.016861021518707275,-0.04508746097938854,-0.10199117660522461,-0.01138395071029663,-0.039690461560653034,done
0.0,0.0,0.0,-0.008255541324615479,-0.09501993656158447,-0.0031871557914939785,-0.03941422700881958,-0.19757109880447388,-0.012339540033536878,-0.061244428157806396,-0.27669310569763184,-0.020687490909296002,-0.051187753677368164,-0.34246766567230225,-0.02878993770380589,-0.05921435356140137,-0.20507586002349854,-0.03055967038770291,-0.1266263723373413,-0.20580977201461792,-0.044609222768741574,-0.11609822511672974,-0.17159157991409302,-0.046839643477397885,-0.09655392169952393,-0.16401070356369019,-0.04740556350250813,-0.07373833656311035,-0.14403927326202393,-0.036729220508533444,-0.13868170976638794,-0.14648348093032837,-0.04775845652719113,-0.12217003107070923,-0.11773496866226196,-0.04253755530615422,-0.10089623928070068,-0.10889238119125366,-0.04065962529082867,-0.08653074502944946,-0.07982295751571655,-0.04219836762447926,-0.14071226119995117,-0.08501279354095459,-0.05291112533112141,-0.12320917844772339,-0.060774028301239014,-0.04158748334546658,-0.10282349586486816,-0.05594068765640259,-0.03505205383797261,-0.09750866889953613,-0.018985986709594727,-0.047285929529863324,-0.1407269835472107,-0.03475385904312134,-0.055234085976081815,-0.12405705451965332,-0.016596972942352295,-0.046963989942270246,-0.10607647895812988,-0.009770870208740234,-0.040336594193178144,done
0.0,0.0,0.0,-0.00720059871673584,-0.1035839319229126,0.0013912839780516606,-0.03453010320663452,-0.2023347020149231,-0.003751011056550624,-0.05456125736236572,-0.2777179479598999,-0.008848770012804152,-0.04962301254272461,-0.3387458622455597,-0.014288308521457793,-0.07396215200424194,-0.20319318771362305,-0.02201415268118012,-0.12872523069381714,-0.20195329189300537,-0.02780692880386937,-0.11731386184692383,-0.1741548776626587,-0.027080065061994674,-0.098460853099823,-0.16374385356903076,-0.026321571742840888,-0.08971279859542847,-0.13982737064361572,-0.02775419359440434,-0.13733196258544922,-0.1394163966178894,-0.02938546096319783,-0.1232450008392334,-0.1175263524055481,-0.023674471726366164,-0.1036536693572998,-0.10875469446182251,-0.022719540124484183,-0.10127812623977661,-0.07384002208709717,-0.03185123619968522,-0.13837850093841553,-0.07624024152755737,-0.03386573163206208,-0.12419259548187256,-0.06014472246170044,-0.023971500297733428,-0.10556578636169434,-0.051855385303497314,-0.019989692097254874,-0.1105918288230896,-0.011446714401245117,-0.035350352948256614,-0.14077073335647583,-0.028448879718780518,-0.03628904414708245,-0.12537437677383423,-0.013952434062957764,-0.02621359234089482,-0.10873758792877197,-0.00418931245803833,-0.019144867038079383,done
0.0,0.0,0.0,3.153085708618164e-05,-0.10778361558914185,0.002971800378276157,-0.02390235662460327,-0.20417356491088867,-0.0007759510341713849,-0.043190062046051025,-0.27926361560821533,-0.005400614478872967,-0.033131420612335205,-0.3378044664859772,-0.010520495140241337,-0.07511264085769653,-0.20466798543930054,-0.013254029342220974,-0.1221579909324646,-0.2042033076286316,-0.018474922181354714,-0.10879385471343994,-0.17741763591766357,-0.020288793967353058,-0.08875393867492676,-0.16574633121490479,-0.021415796728120995,-0.09425526857376099,-0.14101958274841309,-0.018841641620980454,-0.13340139389038086,-0.14588207006454468,-0.0189500363927948,-0.11885833740234375,-0.12398314476013184,-0.015177694746540737,-0.09908217191696167,-0.11246538162231445,-0.015490244739936543,-0.10662508010864258,-0.07580423355102539,-0.023125287742601586,-0.13646602630615234,-0.08424115180969238,-0.02338816285251255,-0.12239307165145874,-0.0692642331123352,-0.015508141034530354,-0.10379749536514282,-0.05836355686187744,-0.012791125701056671,-0.11460548639297485,-0.014857590198516846,-0.026896516458378983,-0.13816463947296143,-0.032461702823638916,-0.025111396462904167,-0.1227911114692688,-0.01927626132965088,-0.01542149078218813,-0.10628455877304077,-0.00904923677444458,-0.008911414669142914,done
0.0,0.0,0.0,8.857250213623047e-05,-0.11044967174530029,0.0044176542369385174,-0.023351848125457764,-0.20490515232086182,0.002528046135019224,-0.04042065143585205,-0.2830852270126343,-0.0006331931863243767,-0.030559420585632324,-0.3430241644382477,-0.004228687269453246,-0.07703167200088501,-0.20391416549682617,-0.004381344543610055,-0.1197519302368164,-0.2092437744140625,-0.006971508154485662,-0.10765528678894043,-0.18230003118515015,-0.009338823502723415,-0.08924710750579834,-0.1685752272605896,-0.010866911506120402,-0.09769904613494873,-0.14393097162246704,-0.008772945387129027,-0.13090592622756958,-0.1500563621520996,-0.004862972425137002,-0.11647790670394897,-0.12848037481307983,-0.0016902077541018912,-0.09747326374053955,-0.1164172887802124,-0.0028513608331124374,-0.11114722490310669,-0.08000975847244263,-0.012047071365479667,-0.13411831855773926,-0.09050768613815308,-0.009139534441594321,-0.12055635452270508,-0.07573509216308594,-0.003133394412536461,-0.10288727283477783,-0.06283241510391235,-0.00212148798799916,-0.1192312240600586,-0.02191793918609619,-0.014782810007993419,-0.13366669416427612,-0.037279486656188965,-0.010445925762716968,-0.11807423830032349,-0.02447664737701416,-0.0017501281172300764,-0.10233044624328613,-0.013554751873016357,0.003751248231317561,done
0.0,0.0,0.0,-0.011840879917144775,-0.09819728136062622,-0.0031956350768354014,-0.04553920030593872,-0.2018420696258545,-0.01311546194948221,-0.06649410724639893,-0.28093111515045166,-0.022594508748724706,-0.05386543273925781,-0.3464236855506897,-0.03168627157457138,-0.06276285648345947,-0.20725464820861816,-0.03176769896991516,-0.13877356052398682,-0.2032918930053711,-0.049581809934451826,-0.12308400869369507,-0.1703624129295349,-0.05468389674670959,-0.09890037775039673,-0.1678803563117981,-0.05680283441789413,-0.07311582565307617,-0.1439475417137146,-0.03899193465359474,-0.1487368941307068,-0.1421326994895935,-0.05229973703272606,-0.12789100408554077,-0.11589270830154419,-0.046988616731240995,-0.10443848371505737,-0.11152511835098267,-0.044835194047763594,-0.08237093687057495,-0.0760047435760498,-0.0459803222084787,-0.14722776412963867,-0.0806272029876709,-0.058672974851205595,-0.126661479473114,-0.05996906757354736,-0.04651785179622436,-0.10449564456939697,-0.05728280544281006,-0.03891169935114647,-0.08983445167541504,-0.010801136493682861,-0.05264460578210617,-0.13935327529907227,-0.02530759572982788,-0.0620250469411161,-0.12030774354934692,-0.013435959815979004,-0.05386275708325172,-0.09976774454116821,-0.009442687034606934,-0.04696886896736885,done
0.0,0.0,0.0,-0.030399858951568604,-0.10691225528717041,-0.013229152354682583,-0.06211662292480469,-0.2178959846496582,-0.026553641240383286,-0.07514059543609619,-0.30409783124923706,-0.0372060622827064,-0.057919323444366455,-0.3679412603378296,-0.045942721124077934,-0.03613239526748657,-0.22639495134353638,-0.03743327146329989,-0.11575907468795776,-0.22262930870056152,-0.05517565941372027,-0.10687017440795898,-0.17871105670928955,-0.05869534349002947,-0.08231186866760254,-0.17389124631881714,-0.06036015709796061,-0.033204734325408936,-0.1598520278930664,-0.040936452503586906,-0.12060928344726562,-0.15569114685058594,-0.054136616344834465,-0.1021696925163269,-0.12700700759887695,-0.048629597927714485,-0.0783834457397461,-0.12663209438323975,-0.04737877955594172,-0.038175344467163086,-0.0907890796661377,-0.04516029840269198,-0.1152690052986145,-0.09370124340057373,-0.05873182153263201,-0.098460853099823,-0.0730295181274414,-0.048685741777802605,-0.07435297966003418,-0.0768396258354187,-0.043362942691231865,-0.04393130540847778,-0.024940788745880127,-0.04988257696786036,-0.10721409320831299,-0.037111878395080566,-0.06026251723923792,-0.09374493360519409,-0.026249408721923828,-0.054540925826216835,-0.07128089666366577,-0.02441418170928955,-0.049968444909239906,done
0.0,0.0,0.0,-0.022462546825408936,-0.08484673500061035,-0.025128495344830526,-0.031328439712524414,-0.1785544753074646,-0.041897183680845274,-0.0315743088722229,-0.24879544973373413,-0.05348708706529237,-0.017922639846801758,-0.31090331077575684,-0.06043979378969766,0.014949381351470947,-0.17612475156784058,-0.04689704107673265,-0.06385946273803711,-0.16930246353149414,-0.07009525077970125,-0.05799943208694458,-0.13911253213882446,-0.07996739673049547,-0.03120875358581543,-0.13343340158462524,-0.0855798818412552,0.0258978009223938,-0.11419433355331421,-0.045982638770652784,-0.06953108310699463,-0.09900027513504028,-0.06360973643691636,-0.05100417137145996,-0.07837551832199097,-0.06329414474399186,-0.0205574631690979,-0.0792493224143982,-0.06462869274051286,0.026201307773590088,-0.04641300439834595,-0.04695635887415506,-0.062235236167907715,-0.03341561555862427,-0.06295524763496019,-0.044295430183410645,-0.019078969955444336,-0.053280866170240415,-0.01626133918762207,-0.019364356994628906,-0.047077542567564024,0.019871294498443604,0.020756065845489502,-0.05093020426662065,-0.04920673370361328,0.028379976749420166,-0.06633088218600847,-0.03649955987930298,0.03221017122268677,-0.06513768660457231,-0.011000573635101318,0.028395533561706543,-0.06242120491893388,done
0.0,0.0,0.0,-0.028446733951568604,-0.07812678813934326,-0.03154404376374487,-0.03545880317687988,-0.17049038410186768,-0.04854752783404592,-0.03167712688446045,-0.23678869009017944,-0.0591536491058946,-0.020419597625732422,-0.3011925220489502,-0.06424002636896375,0.02202928066253662,-0.15853720903396606,-0.048875152214634454,-0.05491715669631958,-0.16197162866592407,-0.07480329562650923,-0.05718648433685303,-0.12518161535263062,-0.08675951798187498,-0.03512340784072876,-0.11084246635437012,-0.09332750280128721,0.037388622760772705,-0.09341436624526978,-0.04446376775132421,-0.059756696224212646,-0.09060192108154297,-0.06403553773390058,-0.048864901065826416,-0.06681513786315918,-0.06327015449033979,-0.022055506706237793,-0.06189310550689697,-0.0629124148629785,0.03708428144454956,-0.024745285511016846,-0.04301813159810308,-0.052619338035583496,-0.02628302574157715,-0.06405505825506452,-0.041935741901397705,-0.012196242809295654,-0.0531882001899362,-0.017295658588409424,-0.009146153926849365,-0.04364040036426786,0.029169082641601562,0.038480281829833984,-0.0450143246792436,-0.04147595167160034,0.03704667091369629,-0.06675303269850019,-0.0336187481880188,0.04277724027633667,-0.06644051809536222,-0.010378360748291016,0.04271519184112549,-0.062034308060276544,done
0.0,0.0,0.0,-0.031508028507232666,-0.106373131275177,-0.026596096088553622,-0.03701227903366089,-0.2172284722328186,-0.04121498831119652,-0.03330981731414795,-0.2966268062591553,-0.05153678052630539,-0.024162471294403076,-0.36576420068740845,-0.057264824142123416,0.03225141763687134,-0.24502980709075928,-0.03578903221097107,-0.04348117113113403,-0.245303213596344,-0.059862331231499866,-0.059682369232177734,-0.18950778245925903,-0.07224019311871643,-0.04441457986831665,-0.16641443967819214,-0.07992947541680451,0.04703265428543091,-0.1824812889099121,-0.03512666069474335,-0.041788339614868164,-0.1850569248199463,-0.05433927171435471,-0.05489307641983032,-0.1396535038948059,-0.0558385259708416,-0.03894233703613281,-0.12525087594985962,-0.057358604600096896,0.04837852716445923,-0.11378663778305054,-0.03738430582490082,-0.036142051219940186,-0.11793124675750732,-0.0567283897897255,-0.04745358228683472,-0.08849871158599854,-0.04822643168773766,-0.031786441802978516,-0.08159124851226807,-0.041869894345666125,0.04320484399795532,-0.048878014087677,-0.042722061952019885,-0.023348569869995117,-0.057002127170562744,-0.057331048627759174,-0.033385634422302246,-0.04450744390487671,-0.053342179139519885,-0.02160179615020752,-0.03912228345870972,-0.04830473356452103,done
0.0,0.0,0.0,-0.0294952392578125,-0.1201665997505188,-0.025340317643099297,-0.02776777744293213,-0.22670793533325195,-0.0391413950238757,-0.01890617609024048,-0.29909271001815796,-0.04969985493164586,-0.0109519362449646,-0.36640745401382446,-0.05645760231357144,0.04848122596740723,-0.23653805255889893,-0.03448713280897664,-0.015278935432434082,-0.24311280250549316,-0.05630518578630017,-0.037122488021850586,-0.1890573501586914,-0.0667043485556178,-0.03057849407196045,-0.1586640477180481,-0.07321532898288297,0.06744301319122314,-0.17783498764038086,-0.03426982917528676,-0.008546888828277588,-0.18396085500717163,-0.05352956139188336,-0.033259570598602295,-0.14198511838912964,-0.055852041474395264,-0.025547325611114502,-0.11959975957870483,-0.0582335301552348,0.07254165410995483,-0.11129581928253174,-0.036631294420772065,0.002622544765472412,-0.1238703727722168,-0.058168516388946045,-0.021787405014038086,-0.0972781777381897,-0.0520094082568221,-0.017184197902679443,-0.08102118968963623,-0.04667384632568883,0.07087481021881104,-0.04478573799133301,-0.041704741201215256,0.019992947578430176,-0.060635387897491455,-0.05735242076855229,-0.003462374210357666,-0.05461150407791138,-0.05378782459240483,-0.0068680644035339355,-0.04655534029006958,-0.04919321545105504,done
0.0,0.0,0.0,-0.027575135231018066,-0.14918971061706543,-0.021011193180243026,-0.00963681936264038,-0.26086312532424927,-0.030452725374857437,0.016115665435791016,-0.33105915784835815,-0.03857730225638534,0.03155946731567383,-0.3962721824645996,-0.044279976645270835,0.07806229591369629,-0.24078059196472168,-0.01854679071323062,0.03249621391296387,-0.2549383044242859,-0.04078415305332328,-0.00156325101852417,-0.21916168928146362,-0.05680612371281768,-0.00931936502456665,-0.19201362133026123,-0.06673411921576644,0.09559410810470581,-0.17284053564071655,-0.020035401815334808,0.03179931640625,-0.18688148260116577,-0.03707721353487159,-0.001981019973754883,-0.16665595769882202,-0.04435381562427665,-0.004862308502197266,-0.14949750900268555,-0.05043788523391868,0.09831357002258301,-0.10331124067306519,-0.02484579280928756,0.035081684589385986,-0.1235925555229187,-0.04387090996817733,0.003085494041442871,-0.11596083641052246,-0.0418953251929679,0.0009936094284057617,-0.10832059383392334,-0.03968811304287101,0.09193122386932373,-0.03854566812515259,-0.03220612079815055,0.04375427961349487,-0.05999249219894409,-0.04483288423136855,0.016554951667785645,-0.06752622127532959,-0.04162859440759803,0.009199023246765137,-0.06833511590957642,-0.03769118980483199,done
0.0,0.0,0.0,-0.01841980218887329,-0.13639473915100098,-0.0190645196653918,0.004067063331604004,-0.256367027759552,-0.027091205231101867,0.0315554141998291,-0.3279648423194885,-0.03462191682234561,0.04833507537841797,-0.39300522208213806,-0.039588522277028915,0.1000511646270752,-0.23691004514694214,-0.014959165937455055,0.06450831890106201,-0.2565082907676697,-0.03697380062118327,0.02620595693588257,-0.2222922444343567,-0.05038831021562373,0.014196991920471191,-0.19657176733016968,-0.05814624216333186,0.11781376600265503,-0.1709873080253601,-0.018038263655455467,0.06580597162246704,-0.1829453706741333,-0.03764209162369525,0.024229705333709717,-0.16164237260818481,-0.04503468435183322,0.015954673290252686,-0.14693427085876465,-0.04906234901324069,0.12080127000808716,-0.09993606805801392,-0.024509471020849105,0.06590580940246582,-0.11310124397277832,-0.04727433632984912,0.02639681100845337,-0.10570412874221802,-0.04645627748146808,0.019187569618225098,-0.10167574882507324,-0.0429672860719279,0.11545157432556152,-0.03132200241088867,-0.03296602528467929,0.0749586820602417,-0.047129034996032715,-0.048606995604188796,0.041482627391815186,-0.054253458976745605,-0.04590179409757411,0.028873205184936523,-0.0571402907371521,-0.04079754289165294,done
0.0,0.0,0.0,-0.009360909461975098,-0.11760872602462769,-0.022464857894135548,0.015777587890625,-0.23374301195144653,-0.033644232425046994,0.04286086559295654,-0.3056904673576355,-0.04443213296229942,0.061340928077697754,-0.37419140338897705,-0.05219728452260597,0.10886812210083008,-0.2212907075881958,-0.013071102547598912,0.08283007144927979,-0.24673742055892944,-0.041728410395933224,0.04062950611114502,-0.20686393976211548,-0.06113520962293251,0.017873525619506836,-0.17191773653030396,-0.07096401182110412,0.1298885941505432,-0.1587505340576172,-0.015351333181513382,0.0887863039970398,-0.1768065094947815,-0.04155931201870544,0.04089760780334473,-0.14091187715530396,-0.05171723988945587,0.019903957843780518,-0.1158110499382019,-0.05488457483346565,0.13508057594299316,-0.08909708261489868,-0.02211753417844875,0.09538823366165161,-0.10627055168151855,-0.05135795426662071,0.04815399646759033,-0.08410531282424927,-0.049010023000789715,0.026282012462615967,-0.07027333974838257,-0.04143355739410026,0.13155561685562134,-0.017383456230163574,-0.031029967117262913,0.1039038896560669,-0.037413954734802246,-0.050147674503875805,0.0646715760231018,-0.03491330146789551,-0.0452798972755204,0.043232083320617676,-0.03339296579360962,-0.036934941533161236,done
0.0,0.0,0.0,-0.008445560932159424,-0.11727142333984375,-0.021800131334941852,0.01657503843307495,-0.2334323525428772,-0.03372784404365348,0.04380667209625244,-0.30572807788848877,-0.04595716743079947,0.06157130002975464,-0.3725777268409729,-0.05514308138100432,0.10780113935470581,-0.22103309631347656,-0.009817041254621017,0.09053099155426025,-0.26060718297958374,-0.03938537536470221,0.04698514938354492,-0.2199152112007141,-0.059786707892101276,0.0190354585647583,-0.1809159517288208,-0.0698051422676258,0.1276310682296753,-0.15957337617874146,-0.012455524674635399,0.09903788566589355,-0.1940484642982483,-0.041668639316242206,0.04786515235900879,-0.15567421913146973,-0.053300735338609684,0.01984769105911255,-0.12554723024368286,-0.055952564611118305,0.13321757316589355,-0.0918695330619812,-0.019801392017882335,0.10533875226974487,-0.12281173467636108,-0.05059075428454207,0.05451858043670654,-0.09902244806289673,-0.04815661980120467,0.026383817195892334,-0.08137381076812744,-0.03916652573553847,0.13044077157974243,-0.021401643753051758,-0.029162683322113025,0.11180692911148071,-0.051912546157836914,-0.048596349342744816,0.07317715883255005,-0.05082029104232788,-0.043667376770656574,0.05036824941635132,-0.0486946702003479,-0.03472659064738082,done
0.0,0.0,0.0,-0.006245791912078857,-0.11715972423553467,-0.01924718838370154,0.01993006467819214,-0.2326948046684265,-0.030436710605385997,0.047193288803100586,-0.30545568466186523,-0.04281996671295474,0.06320875883102417,-0.3722239136695862,-0.052408305147650935,0.10797446966171265,-0.21639138460159302,-0.00392312850988219,0.09742820262908936,-0.26131951808929443,-0.032032394001248576,0.05367755889892578,-0.2210015058517456,-0.052296527812245586,0.026221036911010742,-0.18132370710372925,-0.062613845953706,0.12744218111038208,-0.15646326541900635,-0.007308044621709087,0.1081508994102478,-0.19683462381362915,-0.03488103408551524,0.05602210760116577,-0.15907073020935059,-0.04553024579024623,0.02673393487930298,-0.12913578748703003,-0.04758288074469874,0.13355672359466553,-0.09084385633468628,-0.015461204724374511,0.11457276344299316,-0.12714630365371704,-0.04525482390261004,0.0628516674041748,-0.10277771949768066,-0.0420738357696564,0.03291541337966919,-0.08430898189544678,-0.032645852455857494,0.13188207149505615,-0.022198796272277832,-0.02550767470336268,0.119373619556427,-0.057965636253356934,-0.04432062912917445,0.07999110221862793,-0.05749863386154175,-0.038819917628529765,0.054868996143341064,-0.055213093757629395,-0.029637026751402118,done
0.0,0.0,0.0,-0.004738748073577881,-0.11631500720977783,-0.0240405020642811,0.024362027645111084,-0.2323216199874878,-0.036413668223076456,0.053636372089385986,-0.3050004839897156,-0.048423866309576624,0.07067900896072388,-0.37112873792648315,-0.0571735115129286,0.10806787014007568,-0.21374112367630005,-0.00926134785299837,0.10280400514602661,-0.24772584438323975,-0.03728486833756506,0.05856156349182129,-0.2102048397064209,-0.056320893146448725,0.029662907123565674,-0.17564964294433594,-0.06566377220337927,0.1284651756286621,-0.15092551708221436,-0.009601931587212675,0.11480152606964111,-0.183391273021698,-0.03761420635169088,0.061905741691589355,-0.15035521984100342,-0.04725097728555738,0.03078514337539673,-0.12364417314529419,-0.0480979220349127,0.13540637493133545,-0.08426690101623535,-0.014927555375152224,0.1211889386177063,-0.11187618970870972,-0.045180788763218516,0.06870073080062866,-0.0925707221031189,-0.04180878264492094,0.03763842582702637,-0.07732367515563965,-0.031919571139269465,0.13437312841415405,-0.01603829860687256,-0.022501476608567827,0.1260683536529541,-0.044356346130371094,-0.042281618841343516,0.08615380525588989,-0.04581183195114136,-0.037459599353724116,0.06117790937423706,-0.04506033658981323,-0.028555267058663958,done
0.0,0.0,0.0,-0.0034009218215942383,-0.11592203378677368,-0.022393690842193337,0.025161266326904297,-0.23121851682662964,-0.0344829824296653,0.05305582284927368,-0.3040175437927246,-0.046413835558098526,0.06873577833175659,-0.36794090270996094,-0.05523728248755333,0.10912925004959106,-0.21435648202896118,-0.008065059269767971,0.10178428888320923,-0.249916672706604,-0.03544270289222595,0.05958449840545654,-0.2123686671257019,-0.054059505882662506,0.030712783336639404,-0.17733734846115112,-0.06298123342077133,0.1283373236656189,-0.1524803638458252,-0.008949533524912567,0.11319321393966675,-0.18608850240707397,-0.036723271432322235,0.0615578293800354,-0.1514037847518921,-0.04623317015449402,0.030374646186828613,-0.12328672409057617,-0.046793200495642395,0.13488686084747314,-0.08584952354431152,-0.014575913968485565,0.120941162109375,-0.11544275283813477,-0.044025887223881455,0.06882190704345703,-0.09493225812911987,-0.040415145876806946,0.037466585636138916,-0.07810163497924805,-0.03036649380902645,0.1334630846977234,-0.01711803674697876,-0.02236457024793026,0.12540102005004883,-0.04748380184173584,-0.041227691295546265,0.086234450340271,-0.048639774322509766,-0.03614965495745537,0.06210511922836304,-0.046754658222198486,-0.027085481631559105,done
0.0,0.0,0.0,-0.0035957694053649902,-0.11644065380096436,-0.021884241880229638,0.0253104567527771,-0.22980976104736328,-0.0335355156970536,0.05532151460647583,-0.30087292194366455,-0.045037938089421914,0.07106006145477295,-0.3667043447494507,-0.053281167329600976,0.11045491695404053,-0.2129024863243103,-0.009049711556485818,0.10160285234451294,-0.2503316402435303,-0.03562406617527358,0.058442652225494385,-0.20982396602630615,-0.05291695314770095,0.02945995330810547,-0.1743672490119934,-0.061313031048825906,0.12996941804885864,-0.15180349349975586,-0.01059313378607385,0.11230236291885376,-0.18643587827682495,-0.03838890212898605,0.05989694595336914,-0.14863300323486328,-0.048089986474565194,0.028714776039123535,-0.12189257144927979,-0.049272512824586556,0.13590645790100098,-0.08545029163360596,-0.01658706720297687,0.1197887659072876,-0.11841791868209839,-0.046117821515849755,0.0679711103439331,-0.09499460458755493,-0.04231430012112014,0.036907315254211426,-0.07932847738265991,-0.03265799003963821,0.13367295265197754,-0.017426908016204834,-0.024616420076540635,0.12466353178024292,-0.04854351282119751,-0.04450444299106948,0.08552533388137817,-0.04749929904937744,-0.03953379559641235,0.06072574853897095,-0.04719257354736328,-0.030609715537480042,done
0.0,0.0,0.0,-0.005117595195770264,-0.11657148599624634,-0.01963635856674273,0.02317953109741211,-0.23189228773117065,-0.029642329983573745,0.0518801212310791,-0.3005759119987488,-0.040537133313875984,0.07116466760635376,-0.3623800277709961,-0.04828668708370287,0.10596352815628052,-0.21615618467330933,-0.005811382051717828,0.09668153524398804,-0.25765228271484375,-0.03500585953162272,0.05290627479553223,-0.21488970518112183,-0.054510235287409614,0.02474123239517212,-0.17394953966140747,-0.06379494021103937,0.12541413307189941,-0.1545250415802002,-0.009052233271461319,0.10865586996078491,-0.19247978925704956,-0.039491567261677574,0.055924415588378906,-0.15332335233688354,-0.050262674190264534,0.02574974298477173,-0.12208598852157593,-0.05141682127879221,0.1325528621673584,-0.08845573663711548,-0.01711753892169554,0.11374926567077637,-0.1209796667098999,-0.04880571315453608,0.0618625283241272,-0.09598422050476074,-0.045485022910099815,0.03216540813446045,-0.0776107907295227,-0.03524700874851305,0.13187235593795776,-0.0205957293510437,-0.027045780293804,0.11953532695770264,-0.05175548791885376,-0.046625703074198555,0.08023202419281006,-0.05010056495666504,-0.041198491551142524,0.056324899196624756,-0.047676265239715576,-0.03180787289903719,done
0.0,0.0,0.0,-0.004615604877471924,-0.11812525987625122,-0.021563130873460068,0.023114323616027832,-0.23216146230697632,-0.03310637499691893,0.0521928071975708,-0.3025004267692566,-0.04517055626513411,0.07075715065002441,-0.36640703678131104,-0.05403911646010329,0.10919111967086792,-0.21666914224624634,-0.006458074762690558,0.09620779752731323,-0.2594575881958008,-0.034773159283417954,0.05359828472137451,-0.21726298332214355,-0.053823708999175324,0.02602607011795044,-0.17694610357284546,-0.06294474329354216,0.12813621759414673,-0.15562230348587036,-0.008553809928912415,0.10700094699859619,-0.1943771243095398,-0.03754566188456465,0.055549681186676025,-0.1560378074645996,-0.0483129280388539,0.025824904441833496,-0.12562566995620728,-0.04984686474801947,0.13400697708129883,-0.08986306190490723,-0.015509302239138378,0.11279332637786865,-0.12380897998809814,-0.046663194406050934,0.061452627182006836,-0.09890645742416382,-0.04382862846853186,0.03200429677963257,-0.08004850149154663,-0.0339776496172135,0.13199138641357422,-0.021393537521362305,-0.02451802927555491,0.11947202682495117,-0.05452728271484375,-0.04392592932583739,0.08119046688079834,-0.05312222242355347,-0.03884193624855925,0.0577700138092041,-0.050150513648986816,-0.029638988408464684,done
0.0,0.0,0.0,-0.008276164531707764,-0.120231032371521,-0.022237480899093498,0.018438220024108887,-0.23751509189605713,-0.03382638776838576,0.04810112714767456,-0.3086113929748535,-0.04542427072465216,0.06895023584365845,-0.37543123960494995,-0.0537312508577088,0.10660731792449951,-0.22397565841674805,-0.01187968747854029,0.08690255880355835,-0.26511693000793457,-0.04188803518354689,0.044065773487091064,-0.21929419040679932,-0.06151708895504271,0.017246782779693604,-0.17834681272506714,-0.07082995707332884,0.12671804428100586,-0.1625639796257019,-0.014334106167552818,0.09444010257720947,-0.19766753911972046,-0.04392353380262648,0.04467368125915527,-0.15521609783172607,-0.05515569010913168,0.018261313438415527,-0.12496733665466309,-0.05761359194457327,0.13260918855667114,-0.09530091285705566,-0.02144033955573832,0.10148376226425171,-0.12582117319107056,-0.05276374453842436,0.05162811279296875,-0.09834003448486328,-0.04982415521681105,0.02540278434753418,-0.08060985803604126,-0.04055362129747664,0.12992620468139648,-0.025379955768585205,-0.030644410570857872,0.10961616039276123,-0.05348092317581177,-0.05030470648944174,0.07129865884780884,-0.05007356405258179,-0.04529245877802168,0.050140976905822754,-0.04767400026321411,-0.03637626329600607,done
0.0,0.0,0.0,-0.012364983558654785,-0.12177985906600952,-0.021400912185868037,0.013722062110900879,-0.2413833737373352,-0.03135349087949635,0.042856693267822266,-0.3134044408798218,-0.04139721252556683,0.06083238124847412,-0.3825612962245941,-0.048446512302120937,0.10382074117660522,-0.23004812002182007,-0.010897345361968291,0.07865536212921143,-0.26448559761047363,-0.040928027113636745,0.03590404987335205,-0.22088134288787842,-0.061079180320462,0.01287829875946045,-0.1811118721961975,-0.07081915669675709,0.12409853935241699,-0.1693078875541687,-0.013517752742131961,0.08459317684173584,-0.19471114873886108,-0.0412275032007301,0.037689208984375,-0.15516048669815063,-0.05194805793996693,0.016077518463134766,-0.12573003768920898,-0.054921279182394755,0.12992191314697266,-0.10263234376907349,-0.02086156465645672,0.09039342403411865,-0.1238822340965271,-0.05098140843745114,0.04324716329574585,-0.09822392463684082,-0.048850415726860774,0.020565390586853027,-0.08017069101333618,-0.040833252003153575,0.1275617480278015,-0.033334553241729736,-0.030347938170393718,0.0998908281326294,-0.05592566728591919,-0.04918979339834095,0.06138795614242554,-0.05119353532791138,-0.04454940416451336,0.04034781455993652,-0.04584336280822754,-0.036262663533648265,done
0.0,0.0,0.0,-0.022914886474609375,-0.14244967699050903,-0.022960266659652007,-0.0018460750579833984,-0.2623979449272156,-0.03352047186592699,0.02407371997833252,-0.33800655603408813,-0.04243278187016131,0.03960824012756348,-0.4078204035758972,-0.0479002824077952,0.08987468481063843,-0.24538731575012207,-0.020476786981021178,0.045353591442108154,-0.2748844623565674,-0.04596538152793528,0.005983531475067139,-0.22903335094451904,-0.061871782506500494,-0.007513821125030518,-0.19234341382980347,-0.07050671484569193,0.10713225603103638,-0.1816348433494568,-0.021723781342302573,0.045596301555633545,-0.20672959089279175,-0.0429557120452273,0.007079958915710449,-0.17294472455978394,-0.049683906699215186,-0.0005934238433837891,-0.1481805443763733,-0.053644266540800345,0.10921329259872437,-0.11329787969589233,-0.02686735298732401,0.04792541265487671,-0.13839834928512573,-0.049858611638342154,0.01158905029296875,-0.11995112895965576,-0.046648987198864234,0.005166053771972656,-0.10715484619140625,-0.04209029730657221,0.10280036926269531,-0.04620683193206787,-0.03465878274539591,0.05697309970855713,-0.07171851396560669,-0.049845897222553504,0.02551478147506714,-0.07216060161590576,-0.046267875100170386,0.014879465103149414,-0.0697411298751831,-0.04112739917138697,done
0.0,0.0,0.0,-0.03171658515930176,-0.1529240608215332,-0.026472557609395153,-0.01508176326751709,-0.2730051875114441,-0.038457291474060185,0.009465038776397705,-0.34893685579299927,-0.047258975257591374,0.02488076686859131,-0.41621118783950806,-0.05258061950416959,0.0750775933265686,-0.24962925910949707,-0.030588893493131764,0.01944577693939209,-0.2690173387527466,-0.05341967781396306,-0.014183759689331055,-0.22513800859451294,-0.06736603592844403,-0.018199026584625244,-0.19667935371398926,-0.07632806365700162,0.09044080972671509,-0.18051552772521973,-0.03034335774691499,0.018988072872161865,-0.20228445529937744,-0.0482640585801164,-0.013820648193359375,-0.17621225118637085,-0.05290410881252683,-0.012693703174591064,-0.15671122074127197,-0.05778261487694181,0.08978378772735596,-0.10925877094268799,-0.03342703943462766,0.02196192741394043,-0.1362205147743225,-0.05433314507217801,-0.009195029735565186,-0.12560611963272095,-0.050670353969053394,-0.0065018534660339355,-0.11535978317260742,-0.04768354286761678,0.08030819892883301,-0.04354971647262573,-0.0394231586656133,0.029611587524414062,-0.07018202543258667,-0.054073622723535664,0.0031887292861938477,-0.07919973134994507,-0.05130633552880681,-0.000413358211517334,-0.07839179039001465,-0.047980999847368366,done
0.0,0.0,0.0,-0.0359194278717041,-0.14394116401672363,-0.02914578412719493,-0.03000420331954956,-0.2626650333404541,-0.03982900959499602,-0.013276755809783936,-0.3426520824432373,-0.046469268771488714,-0.0008367300033569336,-0.4103280305862427,-0.05001557377227073,0.056762754917144775,-0.2353978157043457,-0.029365276368935156,-0.011358976364135742,-0.23994863033294678,-0.04772839454062705,-0.039494991302490234,-0.199812114238739,-0.058591184588749456,-0.032927632331848145,-0.1794390082359314,-0.06613503527887588,0.06813520193099976,-0.15699821710586548,-0.02653704156227832,-0.013157844543457031,-0.17026138305664062,-0.04001539331920867,-0.040354013442993164,-0.14889740943908691,-0.04278253895290618,-0.03212404251098633,-0.13382190465927124,-0.04714427647240882,0.06312072277069092,-0.08046108484268188,-0.027193607213575888,-0.01067441701889038,-0.10328805446624756,-0.04708977920063262,-0.036462485790252686,-0.09923475980758667,-0.044458059045155096,-0.02930891513824463,-0.08976584672927856,-0.04168351498492484,0.049469828605651855,-0.013185679912567139,-0.030531849163253355,-0.006142377853393555,-0.038276493549346924,-0.04686913770683532,-0.028476953506469727,-0.050405919551849365,-0.045572438659746695,-0.02945619821548462,-0.048489153385162354,-0.04256879669674163,done
0.0,0.0,0.0,-0.03188294172286987,-0.12150126695632935,-0.034364818738936265,-0.03125399351119995,-0.2373638153076172,-0.04903276558422931,-0.016429126262664795,-0.31895846128463745,-0.05778288389944919,-0.0016893744468688965,-0.38817906379699707,-0.062903019743203,0.05410975217819214,-0.20698630809783936,-0.04636248494887241,-0.02072465419769287,-0.21131914854049683,-0.0653524428179253,-0.04800593852996826,-0.17192000150680542,-0.07221781756186374,-0.03662365674972534,-0.15488672256469727,-0.07749393876099475,0.0631142258644104,-0.12837642431259155,-0.04251949410343059,-0.025829553604125977,-0.14135348796844482,-0.05855296100878604,-0.05116105079650879,-0.11841881275177002,-0.05849890332126506,-0.03766298294067383,-0.10586464405059814,-0.06076233755254634,0.055712997913360596,-0.05193811655044556,-0.0415136023929108,-0.029426217079162598,-0.06861668825149536,-0.06408541198277362,-0.052954912185668945,-0.06156188249588013,-0.059261202024458726,-0.039806067943573,-0.05232203006744385,-0.055147531585930665,0.03990596532821655,0.014226853847503662,-0.043430383460759,-0.025867164134979248,-0.0043160319328308105,-0.06346861566805728,-0.045596957206726074,-0.012768745422363281,-0.06313201333784946,-0.03963583707809448,-0.009764492511749268,-0.06079787682199367,done
0.0,0.0,0.0,-0.02989596128463745,-0.12081807851791382,-0.03111200354550192,-0.036349594593048096,-0.23643594980239868,-0.04653125762496302,-0.028908252716064453,-0.316845178604126,-0.055584573592284414,-0.014476537704467773,-0.3826795816421509,-0.062241618926861975,0.03797811269760132,-0.19361460208892822,-0.04969053104076693,-0.04798305034637451,-0.19239675998687744,-0.06782947614345858,-0.06612372398376465,-0.16116082668304443,-0.07647168769989321,-0.050379157066345215,-0.14917820692062378,-0.08265499904308626,0.04169654846191406,-0.11052495241165161,-0.045583525146582815,-0.057411372661590576,-0.12256211042404175,-0.05835219606314013,-0.06376087665557861,-0.11165648698806763,-0.05770071357045481,-0.04360699653625488,-0.10414659976959229,-0.06096470489654848,0.03237050771713257,-0.034378230571746826,-0.043260437841752264,-0.057770729064941406,-0.05703461170196533,-0.061302182669976446,-0.061618030071258545,-0.05195730924606323,-0.05345178529177019,-0.041544318199157715,-0.04077720642089844,-0.04817527293715784,0.015906095504760742,0.030370652675628662,-0.043599372203686926,-0.05053997039794922,0.007943332195281982,-0.06101345032010386,-0.05332672595977783,0.005074441432952881,-0.05789585545215914,-0.03733837604522705,0.01337045431137085,-0.05375769122991869,done
0.0,0.0,0.0,-0.02615654468536377,-0.11080598831176758,-0.028114642371122045,-0.03216809034347534,-0.2147763967514038,-0.043720509280149145,-0.027247369289398193,-0.2862946391105652,-0.05364595295924346,-0.013655304908752441,-0.3502146005630493,-0.061367492546025915,0.03849911689758301,-0.16113001108169556,-0.05037487613100211,-0.04535931348800659,-0.15998470783233643,-0.06535267772216002,-0.06385600566864014,-0.13454413414001465,-0.0708122247650067,-0.04920011758804321,-0.12430620193481445,-0.07550318481463592,0.041528940200805664,-0.08058136701583862,-0.048462043870870275,-0.05488711595535278,-0.08714407682418823,-0.05927164049882094,-0.05830264091491699,-0.08329623937606812,-0.05762382166523139,-0.03893250226974487,-0.0811300277709961,-0.06102999614614646,0.03340113162994385,-0.008032619953155518,-0.04755612032550971,-0.05692559480667114,-0.022203803062438965,-0.06043298484820525,-0.05736279487609863,-0.021754205226898193,-0.050250667501870794,-0.03747600317001343,-0.01765882968902588,-0.04563888477224509,0.018948614597320557,0.05277293920516968,-0.04958539025921027,-0.050086796283721924,0.04161471128463745,-0.06302895339268844,-0.050617218017578125,0.03648531436920166,-0.05855783389944236,-0.03306466341018677,0.03799331188201904,-0.05497830675977866,done
0.0,0.0,0.0,-0.0242537260055542,-0.108653724193573,-0.027667934559246987,-0.03038579225540161,-0.21196460723876953,-0.044986080862543076,-0.026815593242645264,-0.2839818596839905,-0.05664817664768407,-0.014205694198608398,-0.3507009446620941,-0.06605899382378766,0.03765857219696045,-0.15729695558547974,-0.05341315690424153,-0.046764910221099854,-0.16297417879104614,-0.06998384047295758,-0.061193645000457764,-0.13877421617507935,-0.07600425977256009,-0.044233500957489014,-0.1275312304496765,-0.08082985181357571,0.03981548547744751,-0.07863259315490723,-0.051999316103717774,-0.05881303548812866,-0.09065622091293335,-0.06356385398652264,-0.05789691209793091,-0.08398890495300293,-0.06130113873626897,-0.034587740898132324,-0.07939714193344116,-0.06436622936274716,0.030749499797821045,-0.0072113871574401855,-0.051642984636089295,-0.06026846170425415,-0.025294959545135498,-0.06505655545737454,-0.05748814344406128,-0.023625314235687256,-0.05472528982903668,-0.035356760025024414,-0.01797342300415039,-0.05019610423590848,0.01592928171157837,0.052800118923187256,-0.05412933651354024,-0.052596449851989746,0.03858548402786255,-0.06860385883595654,-0.0513843297958374,0.0340118408203125,-0.065001667030117,-0.032724738121032715,0.03718501329421997,-0.062118024118205994,done
0.0,0.0,0.0,-0.023993611335754395,-0.09789997339248657,-0.02626123767555555,-0.03320324420928955,-0.19513249397277832,-0.04427237738133272,-0.03144991397857666,-0.26514482498168945,-0.056615337023742995,-0.01920396089553833,-0.33147335052490234,-0.06706103239417871,0.0331844687461853,-0.13477414846420288,-0.058462134788044295,-0.04902756214141846,-0.14205491542816162,-0.07439650897146066,-0.06438684463500977,-0.12095201015472412,-0.07815769616723856,-0.0486605167388916,-0.10862612724304199,-0.08126814965368112,0.03575402498245239,-0.059157371520996094,-0.05733682144642671,-0.061920344829559326,-0.07487720251083374,-0.068370658198603,-0.05885958671569824,-0.07096093893051147,-0.06416851584077676,-0.035437822341918945,-0.06766200065612793,-0.06632418487430414,0.027511537075042725,0.007639586925506592,-0.056600536445387206,-0.06518471240997314,-0.011129021644592285,-0.06837345216632684,-0.05930781364440918,-0.009001970291137695,-0.056503000894792876,-0.03685098886489868,-0.002563953399658203,-0.0517557628846248,0.013633370399475098,0.06220000982284546,-0.058458506355293594,-0.05537527799606323,0.04611170291900635,-0.07249784771562418,-0.052314698696136475,0.04301106929779053,-0.06846429709554513,-0.03351187705993652,0.04899561405181885,-0.06570336524606546,done
0.0,0.0,0.0,-0.024749040603637695,-0.10211211442947388,-0.023032607391229476,-0.03695952892303467,-0.199959397315979,-0.041340663909664954,-0.037414610385894775,-0.2727642059326172,-0.054800320297232474,-0.02563655376434326,-0.33968913555145264,-0.06671118351792416,0.023742198944091797,-0.14366167783737183,-0.06030615407203754,-0.05988246202468872,-0.1526699662208557,-0.07791062059973797,-0.06568634510040283,-0.12774229049682617,-0.08077812555407604,-0.04373204708099365,-0.11796778440475464,-0.08227053645228466,0.02618354558944702,-0.06679457426071167,-0.06108344706868252,-0.0714607834815979,-0.08276617527008057,-0.0726360863742741,-0.06109750270843506,-0.07328557968139648,-0.06570922198866924,-0.03491395711898804,-0.06890255212783813,-0.06539938959454616,0.018574297428131104,0.0013508200645446777,-0.062011185914030875,-0.07273268699645996,-0.01635563373565674,-0.07424065831278881,-0.05938434600830078,-0.008999168872833252,-0.06084401893591007,-0.03334486484527588,-0.0009738802909851074,-0.05489722999905666,0.005426466464996338,0.0595853328704834,-0.06505576881741604,-0.06315445899963379,0.045329928398132324,-0.0791297963557156,-0.054152727127075195,0.04878181219100952,-0.07416940095995983,-0.0314939022064209,0.058575332164764404,-0.0705487913188847,done
0.0,0.0,0.0,-0.02645176649093628,-0.1002194881439209,-0.0229015721654946,-0.039568185806274414,-0.1988949179649353,-0.04342086414754931,-0.03955155611038208,-0.2746841311454773,-0.059145564091807046,-0.02883315086364746,-0.344751238822937,-0.07374090502918307,0.015544533729553223,-0.15263515710830688,-0.06215342308342997,-0.06681829690933228,-0.15228724479675293,-0.08027913222969119,-0.07060152292251587,-0.12685388326644897,-0.08229391823471133,-0.047541141510009766,-0.12274998426437378,-0.08328499446571414,0.02029705047607422,-0.07544195652008057,-0.06331473390520159,-0.07436400651931763,-0.08565622568130493,-0.07461055169761721,-0.06291913986206055,-0.073982834815979,-0.06589813332021777,-0.03653240203857422,-0.07284712791442871,-0.06444959144056384,0.01425236463546753,-0.006763458251953125,-0.06471432547033373,-0.07314962148666382,-0.023083150386810303,-0.07646976957977358,-0.059875309467315674,-0.01048952341079712,-0.061851600063448586,-0.033169329166412354,-0.002671360969543457,-0.05541652242601458,0.0026287436485290527,0.05292654037475586,-0.06802855233610217,-0.06420081853866577,0.03584575653076172,-0.08064913551271502,-0.05480295419692993,0.043761372566223145,-0.0747069622105414,-0.03135174512863159,0.05492120981216431,-0.07099996308744494,done
0.0,0.0,0.0,-0.02996295690536499,-0.10653179883956909,-0.021434362926356698,-0.04399913549423218,-0.2071569561958313,-0.04113168636786213,-0.04453277587890625,-0.28866392374038696,-0.05666513735877743,-0.03350627422332764,-0.36239302158355713,-0.07101618865954151,0.010121762752532959,-0.16997265815734863,-0.05553853134142628,-0.07314407825469971,-0.16455078125,-0.0729770920656847,-0.07539975643157959,-0.13266348838806152,-0.07430234173762074,-0.05231761932373047,-0.13188117742538452,-0.07475143293368092,0.015513479709625244,-0.09190666675567627,-0.05761678139197102,-0.07880628108978271,-0.09972876310348511,-0.0692369974635767,-0.06791865825653076,-0.0823448896408081,-0.06048564235197773,-0.041460514068603516,-0.08192873001098633,-0.05854531372415295,0.00904989242553711,-0.022420048713684082,-0.06025259564148655,-0.07695406675338745,-0.04085046052932739,-0.07311939815508595,-0.06550264358520508,-0.02674013376235962,-0.05785397062527409,-0.03872215747833252,-0.023085415363311768,-0.05031668389665356,-0.0022762417793273926,0.03960376977920532,-0.06453361729609242,-0.06814193725585938,0.019361674785614014,-0.07625177870022526,-0.05823183059692383,0.027258574962615967,-0.06838624546753636,-0.0340343713760376,0.03532588481903076,-0.06315050641524067,done
0.0,0.0,0.0,-0.03410184383392334,-0.10621809959411621,-0.022527194050326216,-0.052075743675231934,-0.2086520791053772,-0.04132586757577883,-0.05332303047180176,-0.2908977270126343,-0.05573766346014963,-0.04033273458480835,-0.3617011308670044,-0.06919015983976351,0.0006648898124694824,-0.172493577003479,-0.05343202168978678,-0.08086323738098145,-0.16423779726028442,-0.07217660586275088,-0.08122861385345459,-0.13330703973770142,-0.07657596508897768,-0.05878150463104248,-0.13322734832763672,-0.0792844895545386,0.007103025913238525,-0.09666609764099121,-0.05432349483407961,-0.08645749092102051,-0.10154569149017334,-0.06721314082778918,-0.07513529062271118,-0.08431428670883179,-0.06151491443552004,-0.04868525266647339,-0.08477640151977539,-0.061715666604413855,0.0025368332862854004,-0.027396559715270996,-0.05599556530751215,-0.08265966176986694,-0.043958306312561035,-0.07086827645935045,-0.07134252786636353,-0.029567062854766846,-0.05893322492875086,-0.0441286563873291,-0.0268210768699646,-0.05315651039518343,-0.006913185119628906,0.034998416900634766,-0.05920813272632586,-0.07363885641098022,0.016692936420440674,-0.07213588843978869,-0.06428980827331543,0.0227888822555542,-0.06616737733520495,-0.03969806432723999,0.027454495429992676,-0.06228213797248827,done
0.0,0.0,0.0,-0.030265092849731445,-0.09626424312591553,-0.02339870730122584,-0.04695671796798706,-0.19041752815246582,-0.04326701225420493,-0.049017369747161865,-0.26760196685791016,-0.05846384601375121,-0.03672444820404053,-0.3386346399784088,-0.07213406698485869,0.005185484886169434,-0.15319585800170898,-0.059421305225100696,-0.07497000694274902,-0.135265052318573,-0.07951587872287291,-0.07232880592346191,-0.10937035083770752,-0.08349997238894957,-0.04814809560775757,-0.11298245191574097,-0.08572417186280745,0.013348639011383057,-0.07816088199615479,-0.060788322851863086,-0.0777740478515625,-0.06850814819335938,-0.07526247637053984,-0.06196463108062744,-0.05888676643371582,-0.06882443712731856,-0.034837186336517334,-0.06410306692123413,-0.06864499734422225,0.011574089527130127,-0.00951838493347168,-0.06293666796466368,-0.07298725843429565,-0.005035042762756348,-0.07783773230096358,-0.05653417110443115,0.0030591487884521484,-0.06480512456676024,-0.028762996196746826,0.002367734909057617,-0.0587474896170761,0.005046427249908447,0.05182063579559326,-0.06714822785636443,-0.05973535776138306,0.0500529408454895,-0.08090309487363356,-0.04825162887573242,0.05389702320098877,-0.0759235440351631,-0.0238153338432312,0.05637812614440918,-0.0729408158518936,done
0.0,0.0,0.0,-0.03386348485946655,-0.1015012264251709,-0.022479513946109364,-0.054026246070861816,-0.20218628644943237,-0.040166750836306164,-0.058391034603118896,-0.28281259536743164,-0.05317647783749635,-0.04573249816894531,-0.35318508744239807,-0.0648154097675615,-0.0022047758102416992,-0.17164909839630127,-0.05445998190634782,-0.08352059125900269,-0.1511530876159668,-0.07354263244860704,-0.08191567659378052,-0.12252223491668701,-0.07804491399519975,-0.05835455656051636,-0.12609267234802246,-0.0808935764312082,0.006813228130340576,-0.09568774700164795,-0.05554110212915475,-0.08559554815292358,-0.08462691307067871,-0.06990518449538285,-0.07088619470596313,-0.07279336452484131,-0.06503598420613343,-0.043783366680145264,-0.07851511240005493,-0.06568664340966279,0.005868375301361084,-0.02410823106765747,-0.057343591290646145,-0.0800175666809082,-0.023117482662200928,-0.07412494747632081,-0.06508183479309082,-0.012530148029327393,-0.06329482822411592,-0.03672158718109131,-0.014207959175109863,-0.05770717589848573,0.0008322000503540039,0.04087066650390625,-0.06070908932679231,-0.06669104099273682,0.03434467315673828,-0.07551560579531724,-0.055913567543029785,0.040874361991882324,-0.0707246813058191,-0.030477285385131836,0.04393482208251953,-0.06726198672049577,done
0.0,0.0,0.0,-0.03822529315948486,-0.10278123617172241,-0.020320660519587364,-0.05934256315231323,-0.2058742642402649,-0.037536569955932464,-0.06259268522262573,-0.28826308250427246,-0.05070189488230881,-0.04971104860305786,-0.35782378911972046,-0.06247982484399017,-0.006987810134887695,-0.18082445859909058,-0.05352495339809593,-0.08777910470962524,-0.16153031587600708,-0.07217779112158951,-0.08629506826400757,-0.12639355659484863,-0.07527956468163666,-0.06233340501785278,-0.12722885608673096,-0.07703863185940918,0.00257951021194458,-0.10397595167160034,-0.05598029595910248,-0.08907115459442139,-0.09415614604949951,-0.06954933059512314,-0.07575297355651855,-0.07584279775619507,-0.06273491782246765,-0.04891020059585571,-0.0778418779373169,-0.06209026378689941,0.0014106035232543945,-0.030830323696136475,-0.059104983779775466,-0.08250123262405396,-0.03162628412246704,-0.07510857385693726,-0.06944042444229126,-0.016055524349212646,-0.06277100843487915,-0.04147839546203613,-0.015613436698913574,-0.05657600713072952,-0.0037845373153686523,0.03501474857330322,-0.06361299109755691,-0.06924116611480713,0.026437222957611084,-0.07740645212231811,-0.05946671962738037,0.03664278984069824,-0.07147523862420258,-0.03475677967071533,0.04243499040603638,-0.06745579940377411,done
0.0,0.0,0.0,-0.03240334987640381,-0.1023869514465332,-0.022324308529903192,-0.052480101585388184,-0.2016701102256775,-0.04123023688833882,-0.05657893419265747,-0.2809280753135681,-0.055426375717331666,-0.0444260835647583,-0.35076969861984253,-0.06806997373740842,-0.0025295615196228027,-0.1711663007736206,-0.05931193545501401,-0.084358811378479,-0.15041673183441162,-0.07960678800981213,-0.08263736963272095,-0.12119215726852417,-0.08326497092883756,-0.058830440044403076,-0.12492364645004272,-0.08507040306966474,0.006003379821777344,-0.09572458267211914,-0.06055129110853841,-0.08571422100067139,-0.08153808116912842,-0.07533592894714047,-0.07108873128890991,-0.06880825757980347,-0.06847237214486768,-0.04448479413986206,-0.0758814811706543,-0.06758628204505612,0.005290329456329346,-0.0246390700340271,-0.062363026440550584,-0.0789879560470581,-0.016771554946899414,-0.07788951858918836,-0.06423592567443848,-0.007047176361083984,-0.0653140039746063,-0.03717374801635742,-0.00950402021408081,-0.05901000440161397,0.0005959868431091309,0.0389668345451355,-0.06592065259854962,-0.064750075340271,0.040733277797698975,-0.07901970461051633,-0.05456608533859253,0.04425078630447388,-0.07388881757896115,-0.030579447746276855,0.044531941413879395,-0.07050524070899655,done
0.0,0.0,0.0,-0.03376966714859009,-0.10314536094665527,-0.01991908005865639,-0.05427294969558716,-0.20139330625534058,-0.039141779164395984,-0.05840843915939331,-0.2818582057952881,-0.05413732058795517,-0.04631781578063965,-0.3528112769126892,-0.0677250971594674,-0.004331111907958984,-0.17532861232757568,-0.05869904659184044,-0.08577984571456909,-0.15774047374725342,-0.07691856972368782,-0.08440190553665161,-0.12639141082763672,-0.07854178301485604,-0.06051516532897949,-0.12786030769348145,-0.07917554430159157,0.004119813442230225,-0.09953856468200684,-0.06108277044685906,-0.08803290128707886,-0.08938854932785034,-0.07328058532866066,-0.07349914312362671,-0.07519525289535522,-0.06421549371870583,-0.04730147123336792,-0.07936835289001465,-0.06231708578260964,0.002513587474822998,-0.028486251831054688,-0.06370569519194191,-0.08212041854858398,-0.0272713303565979,-0.07677295557650154,-0.06695222854614258,-0.016644418239593506,-0.06263509891422814,-0.03983062505722046,-0.017731010913848877,-0.05606948337944573,-0.0026469826698303223,0.03528517484664917,-0.06780156991871422,-0.06786364316940308,0.02945387363433838,-0.07937278352173394,-0.05643630027770996,0.034380555152893066,-0.07296095542105263,-0.03220677375793457,0.03721272945404053,-0.06903887293728417,done
0.0,0.0,0.0,0.09499424695968628,0.05429542064666748,0.00590592720386951,0.165495365858078,0.06085556745529175,0.015185597863322187,0.2133869230747223,0.08061778545379639,0.021836702291196275,0.24275553226470947,0.10549092292785645,0.025638593871420312,0.1983633041381836,-0.1422082781791687,0.022609627384966302,0.22820690274238586,-0.2610359787940979,0.021289665762608934,0.23642069101333618,-0.33281534910202026,0.009849715557223249,0.23985528945922852,-0.393114298582077,-6.445169724145217e-05,0.14548048377037048,-0.18727004528045654,0.013090911831980634,0.17314940690994263,-0.31501585245132446,0.011576831851428437,0.18680131435394287,-0.3962424397468567,-0.006549427240813088,0.19546079635620117,-0.46116647124290466,-0.023716154928976607,0.09036839008331299,-0.20739072561264038,0.0034710879421737673,0.11331000924110413,-0.3178279399871826,-0.007326092060381484,0.1299961507320404,-0.39686477184295654,-0.027338664468103957,0.13968154788017273,-0.45778387784957886,-0.04173201457756193,0.036940425634384155,-0.2085895538330078,-0.005070315628969979,0.05089809000492096,-0.2996909022331238,-0.020190743218833518,0.06218598783016205,-0.3659079372882843,-0.03006145493286283,0.07203507423400879,-0.4167878031730652,-0.03562460974949033,Hello
0.0,0.0,0.0,0.09741654992103577,0.06326025724411011,0.0018487849084465324,0.16617369651794434,0.07467854022979736,0.00931948812657879,0.21470284461975098,0.10128378868103027,0.0161566763927965,0.24462154507637024,0.13028788566589355,0.019638226534965497,0.2011173963546753,-0.12328600883483887,0.012740317899528009,0.22328224778175354,-0.24608787894248962,0.014171293172779542,0.22842487692832947,-0.3185633718967438,0.005704702045562726,0.23134177923202515,-0.37812259793281555,-0.002391391033512491,0.14643234014511108,-0.1627052128314972,0.006025164555552465,0.17291885614395142,-0.2981715500354767,0.007274134717675906,0.18680340051651,-0.3825506567955017,-0.010311126541552085,0.1921115517616272,-0.45085152983665466,-0.02844045760130598,0.09196716547012329,-0.17902988195419312,7.005527012893253e-05,0.11483919620513916,-0.298026978969574,-0.011424039323088664,0.13436788320541382,-0.3786734938621521,-0.03332828806733801,0.14307159185409546,-0.4414111077785492,-0.04969675542807295,0.040883541107177734,-0.18084317445755005,-0.0045073510335953415,0.05220809578895569,-0.27383291721343994,-0.02278952190673067,0.06358937919139862,-0.3382863998413086,-0.03423889430260374,0.07179662585258484,-0.3890765905380249,-0.041089449841734904,Hello
0.0,0.0,0.0,0.09063039720058441,0.06160706281661987,-0.0027901711811182395,0.16083623468875885,0.07191777229309082,-0.0015291070968714848,0.20919494330883026,0.09646660089492798,-0.002161788515081753,0.2398204356431961,0.12287354469299316,-0.007038393982952584,0.19630514085292816,-0.12365156412124634,0.0023776809747459993,0.2244623750448227,-0.24624544382095337,-0.006646789604133119,0.23372678458690643,-0.32345616817474365,-0.022683943615561475,0.23924537003040314,-0.38805896043777466,-0.03569722826898669,0.1441291719675064,-0.16879785060882568,-0.007464858697062482,0.1754027158021927,-0.29869699478149414,-0.014428772026008119,0.19106163084506989,-0.3825182616710663,-0.03589769731581782,0.1984870284795761,-0.44988173246383667,-0.056255414144402494,0.08971340954303741,-0.18918690085411072,-0.01738625298560237,0.11581970751285553,-0.3069496154785156,-0.034706342027789105,0.13435052335262299,-0.3899048864841461,-0.05793076659858798,0.14348824322223663,-0.4544694125652313,-0.0750152384799776,0.037056952714920044,-0.19429779052734375,-0.02670391555250262,0.05031180381774902,-0.2875210642814636,-0.048714707599287976,0.061391040682792664,-0.35658708214759827,-0.06131341959655856,0.06948770582675934,-0.4110541343688965,-0.06908265407503222,Hello
0.0,0.0,0.0,0.09407117962837219,0.05748331546783447,0.0063811326884462005,0.1651189923286438,0.06570196151733398,0.015780350707544244,0.21317151188850403,0.08397781848907471,0.02215577527142898,0.2424982786178589,0.10955369472503662,0.02549905008829967,0.19970211386680603,-0.1412913203239441,0.02515955320752994,0.2308618426322937,-0.2561490535736084,0.02384281768657104,0.2402055561542511,-0.3265050947666168,0.011659221306516088,0.24524372816085815,-0.38588714599609375,0.0008716581990739769,0.14695048332214355,-0.18622612953186035,0.01503977789737121,0.17675596475601196,-0.31523066759109497,0.013245874598695195,0.19183507561683655,-0.3954882025718689,-0.006316051304267489,0.20183789730072021,-0.4596981108188629,-0.024850949130879485,0.0922042727470398,-0.20547616481781006,0.004683405675066865,0.11608374118804932,-0.3206532299518585,-0.006999249055908763,0.1351035237312317,-0.39957693219184875,-0.028794856227861487,0.14561200141906738,-0.46038275957107544,-0.04470807448767289,0.03981664776802063,-0.20631664991378784,-0.00457839476682409,0.05209024250507355,-0.29869991540908813,-0.02106360853456124,0.06491197645664215,-0.3653148412704468,-0.03306515649698838,0.07612361013889313,-0.4171532392501831,-0.04048558086894616,Hello
0.0,0.0,0.0,0.08460736274719238,0.05833125114440918,-0.005444624335552817,0.1578015387058258,0.06626754999160767,-0.0011264179973409227,0.2096116542816162,0.08706462383270264,0.0017585936095088073,0.23864391446113586,0.110440194606781,0.001271440540392632,0.19801291823387146,-0.10670477151870728,0.013434023722027177,0.22599530220031738,-0.21933528780937195,0.008147571361575956,0.23596593737602234,-0.29446154832839966,-0.005563571923460131,0.24514815211296082,-0.3540666550397873,-0.017551589631523257,0.15163609385490417,-0.1537436544895172,0.007798957298462028,0.17758417129516602,-0.28210896253585815,0.004600512920831079,0.1924736201763153,-0.36830416321754456,-0.017371401065076952,0.20057913661003113,-0.43561825156211853,-0.03808394620665467,0.09822627902030945,-0.18072479963302612,0.0012216373672231384,0.11802339553833008,-0.30139461159706116,-0.015015418515588408,0.13260731101036072,-0.3818907141685486,-0.03941277960785783,0.13920944929122925,-0.44187992811203003,-0.05663822392472184,0.04359617829322815,-0.19094043970108032,-0.004841596693779593,0.054334864020347595,-0.2813349664211273,-0.02487744750925458,0.06281816959381104,-0.3453278988599777,-0.037783877798403864,0.07021532952785492,-0.3930526375770569,-0.045688608535613184,Hello
0.0,0.0,0.0,0.08721974492073059,0.043132126331329346,-0.006515634658718739,0.1613742858171463,0.05420100688934326,-0.005061061999732885,0.21025465428829193,0.07100051641464233,-0.0031991574847793913,0.2382669895887375,0.08584415912628174,-0.005244677833253775,0.19951702654361725,-0.11762887239456177,-0.0017399661643153763,0.22386689484119415,-0.2323179841041565,-0.004612792230183516,0.23368732631206512,-0.30444008111953735,-0.01550758065932456,0.24304471909999847,-0.3607533574104309,-0.025820666871005926,0.15052460134029388,-0.1628914177417755,-0.005735022428417835,0.1779029816389084,-0.27868303656578064,-0.00834060082488719,0.19364221394062042,-0.355679988861084,-0.02750474209242526,0.1993049830198288,-0.4142850339412689,-0.046139953604871664,0.09791843593120575,-0.18649142980575562,-0.009148229791755114,0.12016232311725616,-0.3000071048736572,-0.01958771044665042,0.13624252378940582,-0.37557855248451233,-0.04249655263775054,0.14315851032733917,-0.4307391941547394,-0.06038926722758475,0.043778568506240845,-0.19721412658691406,-0.012074289790326986,0.0554642528295517,-0.2869275212287903,-0.028647029719287787,0.06599734723567963,-0.35345855355262756,-0.04230860056632224,0.07593183219432831,-0.4037286639213562,-0.05153598817341987,Hello
0.0,0.0,0.0,0.0892501175403595,0.05231517553329468,-0.004951762489383782,0.16081538796424866,0.06286382675170898,-0.007418614800428713,0.2134648859500885,0.07916581630706787,-0.010706082440322007,0.24270600080490112,0.10150623321533203,-0.019009700498884285,0.19612807035446167,-0.1039125919342041,-0.010823225125079716,0.22780001163482666,-0.2100381851196289,-0.02151464902550515,0.23595213890075684,-0.27964040637016296,-0.037094518996184433,0.2425890564918518,-0.34125015139579773,-0.049116842902606095,0.14855828881263733,-0.15101563930511475,-0.017594581923788155,0.17454880475997925,-0.27511313557624817,-0.02391389057726201,0.18622928857803345,-0.35642609000205994,-0.04339736000389394,0.19271254539489746,-0.4189262390136719,-0.06314756394118604,0.09788873791694641,-0.1757960319519043,-0.023443345434372986,0.11900058388710022,-0.28834086656570435,-0.03540467143744763,0.13516604900360107,-0.3632156252861023,-0.05591372073382672,0.14464601874351501,-0.4195690453052521,-0.07323594809264478,0.04562497138977051,-0.1882396638393402,-0.02873278640896615,0.0575302392244339,-0.271883487701416,-0.04264158428401288,0.06772318482398987,-0.3296469449996948,-0.050597839511340226,0.07563754916191101,-0.3753010332584381,-0.056668367690747345,Hello
0.0,0.0,0.0,0.09533512592315674,0.05451542139053345,0.008152176096317021,0.16807690262794495,0.06455165147781372,0.018938003509518353,0.21689853072166443,0.08109122514724731,0.02783756743299648,0.24382007122039795,0.10543650388717651,0.033138381718870846,0.20363962650299072,-0.1247861385345459,0.01978455710339233,0.23178261518478394,-0.23262041807174683,0.021552827610847203,0.24248287081718445,-0.29846471548080444,0.01253441668229982,0.24941131472587585,-0.3534185290336609,0.0039436164602904,0.1504865288734436,-0.1707330346107483,0.010920553869780747,0.17918473482131958,-0.2936549782752991,0.013078354700681416,0.19380149245262146,-0.36937734484672546,-0.0041954834654660544,0.203628808259964,-0.42956942319869995,-0.02193831984770611,0.0950254499912262,-0.19113606214523315,0.003031228372108785,0.11896401643753052,-0.30425262451171875,-0.0057656891353161654,0.13649150729179382,-0.37962567806243896,-0.027044524968388828,0.14646553993225098,-0.4361111521720886,-0.04341684427929238,0.04079839587211609,-0.19408905506134033,-0.0030811902310432515,0.053834110498428345,-0.279843807220459,-0.016365505353334697,0.06679829955101013,-0.3413449227809906,-0.026457216189029964,0.07788482308387756,-0.3895506262779236,-0.03307093453479126,Hello
0.0,0.0,0.0,0.08963651955127716,0.06372737884521484,0.004671573620214531,0.15941961109638214,0.07529813051223755,0.015998070109560558,0.2075520008802414,0.09325414896011353,0.025278282333090374,0.23710520565509796,0.11780053377151489,0.030958480182960102,0.198454812169075,-0.11620920896530151,0.024352946299984524,0.2247331291437149,-0.2202129364013672,0.02622828537590749,0.23476509749889374,-0.2875955104827881,0.016423526201322147,0.2422642856836319,-0.34682491421699524,0.006865756567492554,0.14510668814182281,-0.16351252794265747,0.015818684343173572,0.1737120896577835,-0.28318852186203003,0.01596519628532178,0.18822403252124786,-0.364113986492157,-0.0034810388647770196,0.19672296941280365,-0.43041476607322693,-0.021919594165012768,0.08997569978237152,-0.18559232354164124,0.007386095803155968,0.11504368484020233,-0.29577070474624634,-0.005807266589329174,0.13275770843029022,-0.3761640191078186,-0.028775959294364384,0.1423122137784958,-0.4383293390274048,-0.04483456073336356,0.036458998918533325,-0.19092431664466858,0.00041190492214582264,0.050575435161590576,-0.28287625312805176,-0.0190078756027674,0.06197930872440338,-0.3511093854904175,-0.03151600344114058,0.07161591947078705,-0.4042571783065796,-0.03850156350068801,Hello
0.0,0.0,0.0,0.08415167033672333,0.07485216856002808,0.0015749575547658878,0.14660032093524933,0.0895271897315979,0.009290098140553482,0.19294549524784088,0.10565495491027832,0.014445960449592121,0.22057200968265533,0.12922799587249756,0.016217297802285202,0.18386466801166534,-0.10669583082199097,0.025478814656452187,0.2131475955247879,-0.21213537454605103,0.0227324449667492,0.22230173647403717,-0.2830653786659241,0.007942064593152054,0.22756807506084442,-0.3447698652744293,-0.004242520385815851,0.1325577348470688,-0.15586379170417786,0.01741914164514924,0.1627827137708664,-0.2739807367324829,0.016382866466955193,0.17657743394374847,-0.3561536967754364,-0.0048447913279972,0.1833391934633255,-0.4235087037086487,-0.02468005109338378,0.07933665812015533,-0.18040546774864197,0.008763435224608429,0.1009870320558548,-0.2897041141986847,-0.0044719521677336616,0.11931879818439484,-0.36993950605392456,-0.0261255959769926,0.12673772871494293,-0.4299808740615845,-0.04152358051149463,0.027621597051620483,-0.18463334441184998,0.0008343077358574646,0.03964269161224365,-0.27228668332099915,-0.015397403461321346,0.05056856572628021,-0.33570048213005066,-0.024007034560128204,0.058014482259750366,-0.38388562202453613,-0.028913118948622696,Hello
0.0,0.0,0.0,0.10458645224571228,0.022092342376708984,-0.01520949239186109,0.1861703097820282,-0.046814799308776855,-0.01960420711240829,0.24425813555717468,-0.12226700782775879,-0.018712903468824038,0.28881242871284485,-0.14783453941345215,-0.020732159822202334,0.1544533371925354,-0.18604278564453125,-0.03349224766991199,0.17390653491020203,-0.3294929265975952,-0.041295285432553896,0.1749759018421173,-0.41036564111709595,-0.049459687530017504,0.17100781202316284,-0.4755270183086395,-0.05592641895911754,0.09492814540863037,-0.21701642870903015,-0.028216634972906718,0.11441341042518616,-0.36423277854919434,-0.03168385764858783,0.12441912293434143,-0.44901078939437866,-0.04134774124524654,0.12413500249385834,-0.5115269422531128,-0.0521554193486935,0.04299663007259369,-0.22461700439453125,-0.020939582123375544,0.06373196840286255,-0.3539329171180725,-0.02792656710646213,0.07673484086990356,-0.42691153287887573,-0.03813182106516422,0.07971107959747314,-0.47885510325431824,-0.04674259117147983,0.0003015100955963135,-0.2156117558479309,-0.013083495295560965,0.014223799109458923,-0.3212753236293793,-0.024126214071131358,0.019920483231544495,-0.38482171297073364,-0.029395341037727007,0.025963053107261658,-0.43477630615234375,-0.03202578341863216,Hello
0.0,0.0,0.0,0.10084769129753113,0.02922356128692627,-0.022242538091710173,0.18338710069656372,-0.040365636348724365,-0.029664100539854132,0.24132385849952698,-0.1161278486251831,-0.030776947197487914,0.2862635850906372,-0.14459168910980225,-0.034961874988844954,0.15165862441062927,-0.18779534101486206,-0.04357583021836575,0.1734168827533722,-0.32789480686187744,-0.05350591188388165,0.1765269935131073,-0.4082535207271576,-0.0619724834533244,0.17291396856307983,-0.4746229946613312,-0.06870129278021153,0.09231790900230408,-0.21923720836639404,-0.03660080527978238,0.11530682444572449,-0.3617783784866333,-0.042451731321385466,0.12534058094024658,-0.44262680411338806,-0.05116836300211247,0.1228027194738388,-0.5025776326656342,-0.06047587042765912,0.04054902493953705,-0.22461405396461487,-0.028146786076000296,0.06304091215133667,-0.34774377942085266,-0.0365571560533553,0.07551982998847961,-0.4180738925933838,-0.044886476752331816,0.07693076133728027,-0.4670697748661041,-0.05160444920974072,-0.0028139501810073853,-0.2117471694946289,-0.01997371150272187,0.0117025226354599,-0.3143236041069031,-0.031965676155856215,0.017434149980545044,-0.3768954277038574,-0.036592967268994414,0.022702082991600037,-0.42403465509414673,-0.038356393036416137,Hello
0.0,0.0,0.0,0.10236962139606476,0.020273447036743164,-0.016025714284062076,0.18239246308803558,-0.048125267028808594,-0.02192676038134067,0.23839081823825836,-0.12661081552505493,-0.023115476301192928,0.2820904701948166,-0.14977705478668213,-0.02748019032764404,0.14852383732795715,-0.1864027976989746,-0.04008280084121196,0.17216739058494568,-0.3236350119113922,-0.05241086677300899,0.1746911257505417,-0.40517812967300415,-0.06254167453038662,0.17095574736595154,-0.4722624123096466,-0.07087347254741161,0.08893431723117828,-0.21715256571769714,-0.038024071311831165,0.10834980010986328,-0.36370348930358887,-0.05010342941272228,0.11462448537349701,-0.4525998830795288,-0.06459121004331081,0.11277519166469574,-0.5201424360275269,-0.07807585195291011,0.035434022545814514,-0.2233959436416626,-0.033714625692248035,0.05232900381088257,-0.3497490882873535,-0.04870999947774379,0.06038135290145874,-0.4271135628223419,-0.062054969078182864,0.06031370162963867,-0.4844183027744293,-0.07179371610867946,-0.010116562247276306,-0.21208959817886353,-0.02859969407904117,-0.00013305246829986572,-0.31605619192123413,-0.04476684302675693,0.0022655725479125977,-0.3826935291290283,-0.051836397206663776,0.004868730902671814,-0.436768114566803,-0.05528138548719852,Hello
0.0,0.0,0.0,0.10376520454883575,0.010049045085906982,-0.010694135404005323,0.18696925044059753,-0.054775774478912354,-0.014423116533830438,0.24870425462722778,-0.12678813934326172,-0.013473901389911447,0.29262515902519226,-0.1522599458694458,-0.015122048049047265,0.15202608704566956,-0.1913853883743286,-0.034112783572449956,0.17820137739181519,-0.331428200006485,-0.04146176432706383,0.1811300367116928,-0.4113553762435913,-0.046908779493346486,0.1767762452363968,-0.4766126871109009,-0.051275628111138616,0.09499430656433105,-0.22053974866867065,-0.03180283164121178,0.11723145842552185,-0.36502963304519653,-0.03558238451816109,0.12600888311862946,-0.44662338495254517,-0.04248710950352219,0.12299102544784546,-0.5065932869911194,-0.05065169786550072,0.04450058937072754,-0.22572225332260132,-0.02697550920285252,0.06574097275733948,-0.3524544835090637,-0.033252915791049276,0.07785329222679138,-0.4240551292896271,-0.03989982461072472,0.07828690111637115,-0.47384440898895264,-0.045946198007836614,0.0013065189123153687,-0.21296191215515137,-0.02135507059730557,0.008969321846961975,-0.31942272186279297,-0.03235578020550278,0.011199742555618286,-0.38449627161026,-0.03638888006545571,0.014380455017089844,-0.43583810329437256,-0.037537584504857335,Hello
0.0,0.0,0.0,0.10714548826217651,0.02468782663345337,-0.017961111489668724,0.1922319531440735,-0.048998236656188965,-0.021341665286556122,0.24878337979316711,-0.12675994634628296,-0.01899702345205867,0.2950122654438019,-0.14943242073059082,-0.019076906714573738,0.15725809335708618,-0.19409042596817017,-0.03605369349195087,0.17662560939788818,-0.33429980278015137,-0.042401595611110565,0.18062950670719147,-0.4154541790485382,-0.04777578135205829,0.18001306056976318,-0.4799658954143524,-0.0523437062390002,0.09693470597267151,-0.22522982954978943,-0.029209068614974854,0.11552619934082031,-0.3677455186843872,-0.030049507144823906,0.12473826110363007,-0.45229795575141907,-0.03458543365074718,0.12034276127815247,-0.5141560733318329,-0.040880436647668716,0.04451017081737518,-0.2279125452041626,-0.020654716167584297,0.06447908282279968,-0.3505592942237854,-0.025642652634516594,0.07815024256706238,-0.4185120463371277,-0.03012228255344951,0.07840010523796082,-0.4634281098842621,-0.033709342230096695,-0.00034630298614501953,-0.21302169561386108,-0.012215524550512669,0.008550524711608887,-0.3146020472049713,-0.023085829440489647,0.012995690107345581,-0.3783700168132782,-0.025820809055105087,0.01596115529537201,-0.42540988326072693,-0.025059281487003204,Hello
0.0,0.0,0.0,0.1088588535785675,0.024557411670684814,-0.014719484658575865,0.1913243979215622,-0.055232107639312744,-0.018863024474716994,0.24629761278629303,-0.13726860284805298,-0.017924610810018393,0.28892840445041656,-0.16962313652038574,-0.0215036313102015,0.1541406512260437,-0.19128596782684326,-0.03903859882209382,0.1654595583677292,-0.33659180998802185,-0.049068425135351035,0.16526556015014648,-0.4211936891078949,-0.059591055201030585,0.1614532619714737,-0.4914442300796509,-0.06764924182150445,0.09122774004936218,-0.21636039018630981,-0.03472883282754502,0.10931265354156494,-0.36180752515792847,-0.04191533877108178,0.11987391114234924,-0.4555667042732239,-0.05531836329553208,0.11811526119709015,-0.5271064043045044,-0.06878877087090096,0.03921835124492645,-0.22013118863105774,-0.027611932070589873,0.0630197748541832,-0.35061419010162354,-0.03751375554654679,0.0767814964056015,-0.431573748588562,-0.05048033623550019,0.07892611622810364,-0.4900622069835663,-0.060505852387882086,-0.0033745020627975464,-0.20990824699401855,-0.019491635547614905,0.017389848828315735,-0.32053279876708984,-0.030955976159907195,0.02653789520263672,-0.38808906078338623,-0.03580082608912072,0.034015968441963196,-0.4393354058265686,-0.0383575598761805,Hello
0.0,0.0,0.0,0.11607629060745239,0.02312248945236206,-0.0009308322832737304,0.19996309280395508,-0.041557252407073975,-0.0022454740164619125,0.26181918382644653,-0.12353229522705078,-0.00115344579441512,0.3084681034088135,-0.15235352516174316,-0.004281029911879841,0.17333394289016724,-0.19378423690795898,-0.03619837329367215,0.2062264084815979,-0.35664093494415283,-0.04909136832336003,0.21642053127288818,-0.4476951062679291,-0.0580837124643665,0.2200322151184082,-0.5207500755786896,-0.06441162840107495,0.11096572875976562,-0.2306925356388092,-0.0393783704994064,0.14187556505203247,-0.40928035974502563,-0.053509357726369444,0.15635401010513306,-0.5130646824836731,-0.06669352517107541,0.16377544403076172,-0.5876482427120209,-0.07915250525454098,0.055313706398010254,-0.24152570962905884,-0.03855088294127995,0.08579680323600769,-0.397882342338562,-0.05348132491687352,0.10360679030418396,-0.49229422211647034,-0.06797352001646573,0.11255800724029541,-0.5610866844654083,-0.07894774094799573,0.008399724960327148,-0.23340433835983276,-0.03511869475821072,0.03061378002166748,-0.3482825756072998,-0.048648584043775145,0.04263794422149658,-0.4207141399383545,-0.05532721743563229,0.0513148307800293,-0.47672566771507263,-0.05924953088739926,Hello
0.0,0.0,0.0,0.11872082948684692,0.025736331939697266,-0.009221924833774153,0.2105732560157776,-0.04473614692687988,-0.015379274628877226,0.2797210216522217,-0.13265091180801392,-0.017793427586376254,0.3328399658203125,-0.1644747257232666,-0.02509433346968848,0.18144220113754272,-0.20957988500595093,-0.04956374074500758,0.22189205884933472,-0.38405564427375793,-0.0663592418579455,0.23378616571426392,-0.48221850395202637,-0.07815976197999674,0.2364404797554016,-0.5630723237991333,-0.08708055819553095,0.11995300650596619,-0.2475583553314209,-0.05156507845205027,0.15440288186073303,-0.43416324257850647,-0.06706209237855631,0.16866862773895264,-0.5418413281440735,-0.08255037422460276,0.17322388291358948,-0.6199221014976501,-0.0979292070416804,0.06227734684944153,-0.25684425234794617,-0.05003322790545184,0.0947205126285553,-0.4236031174659729,-0.06778432185929972,0.11110347509384155,-0.521390974521637,-0.08568472917360026,0.11797276139259338,-0.5934744477272034,-0.10001162941735942,0.012246161699295044,-0.24659472703933716,-0.04635737593454081,0.03690427541732788,-0.3713085949420929,-0.06494809444230754,0.04831665754318237,-0.4493953585624695,-0.07553545887750346,0.058007240295410156,-0.5113602578639984,-0.08273999895137507,Hello
0.0,0.0,0.0,0.12205168604850769,0.0203702449798584,-0.012169897330110757,0.21701326966285706,-0.04644656181335449,-0.020898057852988927,0.29391351342201233,-0.1258714199066162,-0.02494598995626518,0.3494308292865753,-0.16751974821090698,-0.033802539815312116,0.19270342588424683,-0.20500069856643677,-0.05109430547535965,0.22930637001991272,-0.3800554871559143,-0.0652083128291423,0.2410334050655365,-0.4784017503261566,-0.07478545304120132,0.24603596329689026,-0.5609105825424194,-0.0825725912648494,0.13036587834358215,-0.24265605211257935,-0.051926274557715146,0.16541370749473572,-0.43385863304138184,-0.06664324994862625,0.18338844180107117,-0.5422967374324799,-0.08371706749976227,0.1900719702243805,-0.6215273439884186,-0.10117359157383987,0.07206836342811584,-0.254414439201355,-0.04879332776845047,0.10611855983734131,-0.4257929027080536,-0.06469113077700683,0.1259881556034088,-0.5235439538955688,-0.0823848589855487,0.13410994410514832,-0.5948856472969055,-0.09787625517428467,0.02214711904525757,-0.24876731634140015,-0.04395826976478645,0.046350300312042236,-0.3752291202545166,-0.061767593731289594,0.0586530864238739,-0.45406970381736755,-0.07225789572775909,0.06847187876701355,-0.5174296498298645,-0.08011094923794815,Hello
0.0,0.0,0.0,0.10877236723899841,0.02212303876876831,-0.007247934705326031,0.1910662055015564,-0.032846927642822266,-0.010868798597464036,0.25031745433807373,-0.11420756578445435,-0.011863452969798516,0.2968284487724304,-0.14907264709472656,-0.01605990960330672,0.16674691438674927,-0.18864703178405762,-0.03823517880470462,0.20297390222549438,-0.34062421321868896,-0.05381436518461413,0.21569520235061646,-0.42943698167800903,-0.06512882432968325,0.2201595902442932,-0.49953213334083557,-0.07348260155946917,0.10928905010223389,-0.229195237159729,-0.04059910274178691,0.1484728455543518,-0.3893934488296509,-0.05533598235876269,0.16424721479415894,-0.4860793352127075,-0.06834363064796634,0.17258316278457642,-0.5576928853988647,-0.08070026955635257,0.05509215593338013,-0.2424721121788025,-0.04053741193444438,0.08838757872581482,-0.3830684721469879,-0.05633477739126391,0.1005125641822815,-0.4731816351413727,-0.07109694055349536,0.10402810573577881,-0.5405001938343048,-0.08235318086178012,0.007368326187133789,-0.23519372940063477,-0.038872907525608014,0.030498981475830078,-0.34386494755744934,-0.05407546333105273,0.03903278708457947,-0.41329050064086914,-0.06283054373295016,0.043961405754089355,-0.46663862466812134,-0.06833301357061572,Hello
0.0,0.0,0.0,0.10070759057998657,0.02085644006729126,-0.009609459195636383,0.17556855082511902,-0.043658554553985596,-0.014153803926311603,0.22970587015151978,-0.11874210834503174,-0.016099152382813564,0.26813066005706787,-0.15544778108596802,-0.02088775601645576,0.15249261260032654,-0.19081056118011475,-0.03868381794949638,0.18565016984939575,-0.34041523933410645,-0.052600500401459804,0.20076394081115723,-0.4233376383781433,-0.0623903621401416,0.20924431085586548,-0.48779284954071045,-0.07000333931704628,0.09809839725494385,-0.23412293195724487,-0.04037003335019218,0.1332264244556427,-0.39317893981933594,-0.05223972838779556,0.15152260661125183,-0.4826725721359253,-0.06329181161185371,0.16299673914909363,-0.5470776557922363,-0.0743026148941146,0.047449350357055664,-0.2495059370994568,-0.04005594294925796,0.07497543096542358,-0.3902145028114319,-0.053682637628518215,0.08998832106590271,-0.47620636224746704,-0.06876914319058525,0.09740310907363892,-0.5397971272468567,-0.08069442328473198,0.0054402947425842285,-0.24161547422409058,-0.03859165054222213,0.024643391370773315,-0.3466705083847046,-0.05362149816413986,0.03349977731704712,-0.4122767746448517,-0.06369160231610405,0.04004150629043579,-0.4620528221130371,-0.07047253217955696,Hello
0.0,0.0,0.0,0.10264283418655396,-0.0036812424659729004,0.02108447640782174,0.171706885099411,-0.04811656475067139,0.031950634118373955,0.22424578666687012,-0.10473579168319702,0.04142707973366555,0.25770771503448486,-0.13647127151489258,0.04753727480417069,0.16069349646568298,-0.17246729135513306,0.0014677208673390396,0.18955352902412415,-0.3081682324409485,-0.0009654544701618306,0.1966841220855713,-0.3805157244205475,-0.0036317592894477,0.20004183053970337,-0.43438974022865295,-0.005133152328227197,0.11073946952819824,-0.19744634628295898,-0.008596420142595207,0.13854235410690308,-0.34615838527679443,-0.011842443462256824,0.14904719591140747,-0.4240463376045227,-0.016975905600730812,0.15569329261779785,-0.47528257966041565,-0.02300168000513736,0.0627797544002533,-0.20618021488189697,-0.014769216853920852,0.08712881803512573,-0.337291955947876,-0.01965193435901824,0.10062998533248901,-0.41332900524139404,-0.025759992975537216,0.10825949907302856,-0.46536925435066223,-0.031068643409554397,0.018900930881500244,-0.1998336911201477,-0.01739220865422908,0.036773115396499634,-0.2983599901199341,-0.02188560352081481,0.047274887561798096,-0.3571270704269409,-0.022042175609414016,0.05602782964706421,-0.4020536541938782,-0.021457863826100265,Hello
0.0,0.0,0.0,0.08558464050292969,0.0070473551750183105,0.010395375183378519,0.14824378490447998,-0.030742108821868896,0.018038638039087118,0.19182002544403076,-0.08412754535675049,0.02587797130510694,0.2225888967514038,-0.11111539602279663,0.03137144084141141,0.13681769371032715,-0.15894177556037903,-0.004140905001605688,0.15914207696914673,-0.2768772542476654,-0.007659514331663786,0.16240271925926208,-0.342640221118927,-0.01162915107741469,0.1635434627532959,-0.3951181620359421,-0.01444713388517016,0.08957278728485107,-0.1829337179660797,-0.009986405157889067,0.11354276537895203,-0.3101396858692169,-0.01526966960116738,0.1218445897102356,-0.3819679319858551,-0.02249215346708411,0.12808549404144287,-0.4332956075668335,-0.029301628367448984,0.04400533437728882,-0.18928742408752441,-0.013058155672098337,0.06436276435852051,-0.30280929803848267,-0.020963033558274446,0.07529675960540771,-0.37262290716171265,-0.028590325163150965,0.08111315965652466,-0.4222584664821625,-0.03360224877431506,0.0019547343254089355,-0.1818346083164215,-0.013547658817316233,0.01723545789718628,-0.2711953818798065,-0.020353561164284883,0.0254175066947937,-0.32659080624580383,-0.02235344042017573,0.033296287059783936,-0.3684181571006775,-0.022408960284138857,Hello
0.0,0.0,0.0,0.08847108483314514,0.010501205921173096,0.009874966376514749,0.14750370383262634,-0.02230781316757202,0.01868877597996743,0.1877792477607727,-0.07149398326873779,0.027278133117647485,0.21397459506988525,-0.10202902555465698,0.03370958604762109,0.1429089605808258,-0.15119367837905884,0.0029530568598374884,0.16283577680587769,-0.26296788454055786,0.0011880165283173483,0.1664574146270752,-0.3240801692008972,-0.0025654317261114556,0.16892379522323608,-0.37403392791748047,-0.005632218523828669,0.0972030758857727,-0.17324674129486084,-0.002924123397974654,0.11946964263916016,-0.29453349113464355,-0.007623247421292945,0.12843972444534302,-0.3619326651096344,-0.015845706305412932,0.13510334491729736,-0.4111897945404053,-0.02366804665973632,0.052707135677337646,-0.17908456921577454,-0.0066295239058717925,0.07338958978652954,-0.2879117429256439,-0.014858143023161574,0.08560243248939514,-0.35447070002555847,-0.023476983970908805,0.09250324964523315,-0.40236330032348633,-0.029361553109197303,0.011629074811935425,-0.17221060395240784,-0.00805004461756198,0.02699524164199829,-0.2582830786705017,-0.015901263422279044,0.03600001335144043,-0.31220895051956177,-0.018572827420143767,0.04437854886054993,-0.3530840575695038,-0.019285436338691397,Hello
0.0,0.0,0.0,0.08734714984893799,0.012050032615661621,0.008718818202225975,0.1485292911529541,-0.019013524055480957,0.016822340674309544,0.1916200816631317,-0.0656358003616333,0.024772193990258984,0.21976050734519958,-0.09532153606414795,0.030944294072298817,0.1394217610359192,-0.14981475472450256,0.0033567138105468075,0.16331630945205688,-0.2562612295150757,-0.0003010913698631157,0.16942107677459717,-0.3187326192855835,-0.005843510143847652,0.17261546850204468,-0.36919692158699036,-0.00967309460082788,0.0951160192489624,-0.17380470037460327,-0.0024619565721764047,0.12064284086227417,-0.2923901677131653,-0.007082154732586332,0.1308974027633667,-0.3595769852399826,-0.01476347655096788,0.1394902467727661,-0.4092952311038971,-0.021664754711480327,0.05129367113113403,-0.18021634221076965,-0.006621778700889536,0.0736154317855835,-0.28725433349609375,-0.01514363870063562,0.0860336422920227,-0.35205912590026855,-0.02268398668655891,0.09327128529548645,-0.39779892563819885,-0.02701939757952232,0.010743647813796997,-0.17228233814239502,-0.008771211132795997,0.0272597074508667,-0.2578911781311035,-0.01738054420837898,0.037120312452316284,-0.3123883605003357,-0.020062784888239094,0.04556769132614136,-0.35267043113708496,-0.01999669637569923,Hello
0.0,0.0,0.0,0.08776354789733887,0.005074918270111084,0.001625802554443112,0.14702856540679932,-0.032016098499298096,0.005168980988926819,0.18880915641784668,-0.08033901453018188,0.0086695878536176,0.21671956777572632,-0.11442333459854126,0.011533808033235005,0.13037297129631042,-0.1807386875152588,-0.0014536221741963118,0.15707182884216309,-0.2943961024284363,-0.010028715175323555,0.1643000841140747,-0.35377323627471924,-0.019057236541740963,0.1651291847229004,-0.40211838483810425,-0.02491937570714242,0.08346936106681824,-0.2125948965549469,-0.005118465912275383,0.11151978373527527,-0.3373790681362152,-0.014499353174798557,0.12197756767272949,-0.40399369597435,-0.02440920465134866,0.12809708714485168,-0.4556347131729126,-0.03256987214528806,0.03921732306480408,-0.2249755561351776,-0.008214365620844433,0.06300538778305054,-0.3353632986545563,-0.018175447289578983,0.07427391409873962,-0.3972294181585312,-0.025836398754947254,0.08113673329353333,-0.4440489858388901,-0.031128695164554188,0.001809448003768921,-0.21900254487991333,-0.010320234973661968,0.016866743564605713,-0.3071713447570801,-0.01848413974487073,0.025355219841003418,-0.35529661178588867,-0.020884392712943622,0.0331096351146698,-0.3918765187263489,-0.02156472385370023,Hello
0.0,0.0,0.0,0.10032093524932861,0.0055696964263916016,0.006876582085482141,0.16633892059326172,-0.03550875186920166,0.009300904154173395,0.21356111764907837,-0.09830260276794434,0.01102299316912081,0.2514140009880066,-0.13005787134170532,0.010362481504074594,0.1542300581932068,-0.1731242537498474,-0.003807376333185175,0.17626827955245972,-0.3050366938114166,-0.012039918646820524,0.1780826449394226,-0.3712886571884155,-0.021906607978650072,0.17952615022659302,-0.4233274906873703,-0.028849031039186457,0.10056602954864502,-0.2041650116443634,-0.010294269033380488,0.12291541695594788,-0.34528666734695435,-0.017992305763669947,0.13200458884239197,-0.4215944707393646,-0.028055749096580485,0.1400379240512848,-0.47428444027900696,-0.03816347309262369,0.05070608854293823,-0.21476677060127258,-0.014971819900580385,0.0712323784828186,-0.3422848582267761,-0.0233900372019491,0.08189600706100464,-0.41273026168346405,-0.030077680208393076,0.08868592977523804,-0.4618442952632904,-0.03581686430484865,0.007252514362335205,-0.20972827076911926,-0.01788422764153097,0.024733781814575195,-0.3077618479728699,-0.022980627798148134,0.03348499536514282,-0.35992589592933655,-0.02186621093065355,0.041763126850128174,-0.39696818590164185,-0.020638405539699534,Hello
0.0,0.0,0.0,0.10021528601646423,0.01619553565979004,-0.000763280113957876,0.17225021123886108,-0.02921217679977417,-0.0024193009890467465,0.22488117218017578,-0.0935322642326355,-0.0037382693558782876,0.2654169797897339,-0.12493264675140381,-0.008347122610345536,0.15816205739974976,-0.17592760920524597,-0.01973716789557045,0.1807790994644165,-0.31973350048065186,-0.03543872261120384,0.18423724174499512,-0.40140798687934875,-0.04931397983504837,0.18469732999801636,-0.4662836790084839,-0.05838615322186058,0.10353511571884155,-0.20331242680549622,-0.026023494691386873,0.12437868118286133,-0.356060266494751,-0.03930052989794319,0.13226318359375,-0.44438692927360535,-0.05371675142718857,0.1376449465751648,-0.506828248500824,-0.0665137270994336,0.051816731691360474,-0.21001648902893066,-0.030626577005520517,0.0697750449180603,-0.34551936388015747,-0.045010192931428605,0.08091211318969727,-0.4304383248090744,-0.057767099381223375,0.08779069781303406,-0.49183163046836853,-0.06707412251903122,0.005412101745605469,-0.20191118121147156,-0.03372046971394127,0.016574323177337646,-0.3027549684047699,-0.04610365504099434,0.023974061012268066,-0.3675699234008789,-0.05072483667804306,0.031731247901916504,-0.41720181703567505,-0.05287470170928543,Hello
0.0,0.0,0.0,0.10264608263969421,0.02020794153213501,-0.004121467660596068,0.18074941635131836,-0.03630334138870239,-0.005576622861852343,0.238503098487854,-0.11079937219619751,-0.005925500954916174,0.2851177453994751,-0.1390330195426941,-0.008671663891007597,0.16420704126358032,-0.1893111765384674,-0.023691386173894102,0.1963423490524292,-0.3380119800567627,-0.03842498753540724,0.20355570316314697,-0.4208177328109741,-0.05023038033716887,0.20546716451644897,-0.48450323939323425,-0.05813663471811026,0.10607936978340149,-0.2252597212791443,-0.02740525659494608,0.1377352774143219,-0.37816309928894043,-0.04131710175745695,0.14797544479370117,-0.4669339954853058,-0.05406367797725409,0.15413856506347656,-0.5301436483860016,-0.06515318174236029,0.05253118276596069,-0.23572814464569092,-0.029593071158458883,0.07612448930740356,-0.36883416771888733,-0.043428015153338606,0.08635807037353516,-0.4549468159675598,-0.05584955234401434,0.0907101035118103,-0.5182550549507141,-0.0650432037221691,0.0062454938888549805,-0.22824841737747192,-0.030633202012111838,0.020619690418243408,-0.3288698196411133,-0.042198471914460356,0.028027832508087158,-0.3931834399700165,-0.04806057382695883,0.03503057360649109,-0.4416453242301941,-0.05139509607427328,Hello
0.0,0.0,0.0,0.11311519145965576,0.01734381914138794,-0.003791342649492435,0.19795039296150208,-0.04538017511367798,-0.005379853464546613,0.26203468441963196,-0.12159496545791626,-0.004877243351074867,0.30914172530174255,-0.15008175373077393,-0.008353802069905214,0.17189332842826843,-0.2088746428489685,-0.03081344316888135,0.2057325541973114,-0.36462149024009705,-0.04256856876600068,0.21591290831565857,-0.45536118745803833,-0.05212282451975625,0.21849337220191956,-0.5284478664398193,-0.06016276094305795,0.11302003264427185,-0.24887633323669434,-0.03572607475507539,0.1429518163204193,-0.4187920093536377,-0.048374429970863275,0.15446320176124573,-0.5162515342235565,-0.062452767670038156,0.16072455048561096,-0.5880385637283325,-0.07578782427299302,0.05668744444847107,-0.2621496021747589,-0.03791911590087693,0.08057898283004761,-0.4130823016166687,-0.053509012490394525,0.09383663535118103,-0.5044448673725128,-0.06959442484367173,0.10129407048225403,-0.5729727745056152,-0.0818214012979297,0.006577819585800171,-0.2525884807109833,-0.038204327851417474,0.026932984590530396,-0.3665710687637329,-0.054165937632205896,0.03699970245361328,-0.43678757548332214,-0.06340518283832353,0.04623493552207947,-0.4910549521446228,-0.06929362255323213,Hello
0.0,0.0,0.0,0.1286570131778717,0.02229762077331543,-0.005248898381665867,0.22898739576339722,-0.050350964069366455,-0.007589377669916075,0.3061748743057251,-0.13157504796981812,-0.007136994248554629,0.3605678081512451,-0.16532230377197266,-0.01161879368342511,0.20342811942100525,-0.21632403135299683,-0.03872091576673142,0.23756200075149536,-0.38569411635398865,-0.04959625259257905,0.24795424938201904,-0.48238763213157654,-0.058841588648334664,0.2527318596839905,-0.5641160309314728,-0.0669996204993879,0.13732802867889404,-0.25393128395080566,-0.042252137067094964,0.16829198598861694,-0.44316157698631287,-0.05485392242886178,0.18656757473945618,-0.5547096729278564,-0.07366441816307656,0.1958862543106079,-0.6390001177787781,-0.0929652515075361,0.0768246054649353,-0.2642434239387512,-0.04143961027480714,0.10422477126121521,-0.43505150079727173,-0.055942634793296975,0.12325343489646912,-0.5350859463214874,-0.07532574862457864,0.13091719150543213,-0.6075549721717834,-0.09207327544905297,0.024291574954986572,-0.2555919885635376,-0.03852822140075318,0.04632598161697388,-0.3849884271621704,-0.05404450252868287,0.058598101139068604,-0.465565025806427,-0.06369955718733422,0.06693601608276367,-0.5276691615581512,-0.07110419005371682,Hello
0.0,0.0,0.0,0.13281384110450745,0.029042840003967285,-0.010526352687463714,0.23621076345443726,-0.049149155616760254,-0.014803961044833613,0.3206055164337158,-0.14049369096755981,-0.013513437597737266,0.37945955991744995,-0.1822746992111206,-0.01690218703328128,0.2098877727985382,-0.22723478078842163,-0.051961108236298514,0.24652791023254395,-0.41610559821128845,-0.05996689492343421,0.2565038204193115,-0.5223868787288666,-0.06383073994396682,0.2589966058731079,-0.6117444336414337,-0.06841707894085403,0.13962003588676453,-0.2700866758823395,-0.05045642623184676,0.1702403426170349,-0.4746701121330261,-0.062054216055855704,0.18782109022140503,-0.5946739912033081,-0.07746387937544341,0.19361290335655212,-0.6845360398292542,-0.09428319254396911,0.0760582983493805,-0.28298497200012207,-0.04359337606905456,0.10382238030433655,-0.4663374125957489,-0.056432220278963996,0.12314358353614807,-0.5740038454532623,-0.07326295891283507,0.13041773438453674,-0.6515520215034485,-0.08849932917831893,0.020492255687713623,-0.27523452043533325,-0.034585415511116935,0.039048969745635986,-0.41906607151031494,-0.04966972687719817,0.04940548539161682,-0.5088706910610199,-0.05852854543803687,0.05889451503753662,-0.5772226750850677,-0.06502672949312682,Hello
0.0,0.0,0.0,0.15210026502609253,0.04117852449417114,-0.031501972043376014,0.27396291494369507,-0.0470847487449646,-0.04616320219026093,0.36842507123947144,-0.15125876665115356,-0.051776901745657966,0.43984711170196533,-0.20978575944900513,-0.06262366186962609,0.23242151737213135,-0.2611343264579773,-0.07879284482584481,0.27845144271850586,-0.49211573600769043,-0.09824426185474877,0.2932645082473755,-0.6253857016563416,-0.11258375357971673,0.2962600588798523,-0.7383520007133484,-0.12444880318031792,0.15184980630874634,-0.30652523040771484,-0.07177244585142617,0.19118419289588928,-0.5374109447002411,-0.08929633807526116,0.21353638172149658,-0.6807730495929718,-0.11119756560907845,0.21819937229156494,-0.788730263710022,-0.13413780640945916,0.08010679483413696,-0.32168397307395935,-0.061321903878312156,0.11823388934135437,-0.5279706716537476,-0.08187374930963998,0.1417163610458374,-0.6605713963508606,-0.10718230616436486,0.14924883842468262,-0.757167637348175,-0.12900300037251,0.021692931652069092,-0.3150545656681061,-0.050313682222228095,0.047190189361572266,-0.4780450761318207,-0.07736061971769814,0.05990797281265259,-0.5923665165901184,-0.0960486353574801,0.07037574052810669,-0.6817993819713593,-0.10952017914639,Hello
0.0,0.0,0.0,0.16036972403526306,0.05942875146865845,-0.05518750887125634,0.2939450442790985,-0.022491812705993652,-0.08692230697482728,0.39096298813819885,-0.12778830528259277,-0.10403987433522843,0.4695325195789337,-0.19472187757492065,-0.12828479375451707,0.24978885054588318,-0.24924498796463013,-0.12352355982869767,0.29992595314979553,-0.49023380875587463,-0.15792446996778153,0.3175448477268219,-0.6400625109672546,-0.18482486571878098,0.32137104868888855,-0.7676884531974792,-0.20443305041402482,0.16380497813224792,-0.3021678328514099,-0.10862061049550675,0.21817341446876526,-0.5553843677043915,-0.13718768622487687,0.2561739981174469,-0.7212305963039398,-0.17064183618634843,0.26534274220466614,-0.8481940031051636,-0.20219790603727006,0.08808526396751404,-0.318620502948761,-0.08904383744805955,0.1420767605304718,-0.5436210036277771,-0.11655743088334702,0.18036308884620667,-0.6936289370059967,-0.14992053474992417,0.19788148999214172,-0.8025345206260681,-0.1779094156226506,0.02773207426071167,-0.3159545361995697,-0.06965516175836228,0.0541459321975708,-0.48414796590805054,-0.10188828076928758,0.07358887791633606,-0.6067016124725342,-0.12321239378064774,0.08737483620643616,-0.7030408978462219,-0.1388656016787877,Hello
0.0,0.0,0.0,0.16479945182800293,0.04317581653594971,-0.04767471525184419,0.29626455903053284,-0.04332453012466431,-0.07307529050223138,0.3952263295650482,-0.1532200574874878,-0.08466026532761362,0.4752674400806427,-0.22265750169754028,-0.1021817435633352,0.25416865944862366,-0.274345725774765,-0.11027259725443628,0.2952745258808136,-0.525615394115448,-0.13564422327391412,0.30945637822151184,-0.6697100102901459,-0.1526779492508581,0.31223264336586,-0.7910197377204895,-0.16492676335684564,0.1658308207988739,-0.3227196931838989,-0.09490922439209726,0.20883604884147644,-0.5733754634857178,-0.1141489853274038,0.2443595826625824,-0.7315245568752289,-0.13500421840063836,0.2531339228153229,-0.851117730140686,-0.15707675713412073,0.08695408701896667,-0.3383362591266632,-0.07569281357638147,0.13028162717819214,-0.5680248737335205,-0.09895444262139108,0.16252008080482483,-0.710626870393753,-0.12348331856838968,0.17758724093437195,-0.8135987520217896,-0.14386145371310022,0.023982137441635132,-0.33538082242012024,-0.056264389039199614,0.048024147748947144,-0.5159303843975067,-0.08705477017275598,0.06226351857185364,-0.6406075954437256,-0.10561798113695886,0.07534328103065491,-0.7377127110958099,-0.11765700179449823,Hello
0.0,0.0,0.0,0.15583506226539612,0.0458834171295166,-0.03698929474191459,0.275868684053421,-0.03335696458816528,-0.06094634980397018,0.3691272437572479,-0.13795411586761475,-0.07310189381675514,0.44028475880622864,-0.19469797611236572,-0.09044572785930427,0.23174068331718445,-0.2590048313140869,-0.10129141882495674,0.2804957926273346,-0.4957994520664215,-0.12140631005601676,0.2942270338535309,-0.6328051388263702,-0.1311323426707247,0.2941652238368988,-0.74700528383255,-0.13806482479409965,0.15062808990478516,-0.3072300851345062,-0.09001561329202445,0.20592379570007324,-0.5519280433654785,-0.10452058986263069,0.23463574051856995,-0.6933483481407166,-0.11522696242170127,0.2379007637500763,-0.7977151870727539,-0.1278417788489321,0.07566788792610168,-0.3191789388656616,-0.07369025126533302,0.13193142414093018,-0.532951831817627,-0.09221880212859901,0.16502970457077026,-0.663093775510788,-0.10579728410081657,0.176112562417984,-0.7540885806083679,-0.11750175133781227,0.014690905809402466,-0.3080161511898041,-0.05640772432522567,0.04095920920372009,-0.47369229793548584,-0.0809573613150576,0.05456048250198364,-0.5861241519451141,-0.09038713649349006,0.0644398033618927,-0.6737350225448608,-0.09523471519784721,Hello
0.0,0.0,0.0,0.14617249369621277,0.03361225128173828,-0.02068641511479896,0.2600722014904022,-0.04480105638504028,-0.03381536630670112,0.3487881124019623,-0.14676666259765625,-0.040344209500947414,0.41338852047920227,-0.19831162691116333,-0.05239449543634933,0.22009167075157166,-0.25240039825439453,-0.07262597335259002,0.2720958888530731,-0.4757060110569,-0.09382036430517715,0.29019489884376526,-0.6056988537311554,-0.10806284947077316,0.2970205247402191,-0.7146186530590057,-0.11934780431667846,0.14775273203849792,-0.30271321535110474,-0.07199584794918579,0.1930132806301117,-0.5356593132019043,-0.0928589264837889,0.21319657564163208,-0.6710485219955444,-0.11409858716408294,0.21872907876968384,-0.7714501023292542,-0.1342528919665007,0.0799013078212738,-0.31846898794174194,-0.0668429593531279,0.11527344584465027,-0.5243138074874878,-0.08895108951012176,0.13501590490341187,-0.6483437418937683,-0.11162233454863113,0.14088574051856995,-0.7392000555992126,-0.1299102167574553,0.02194589376449585,-0.310168981552124,-0.060272720733085094,0.04551789164543152,-0.4609973430633545,-0.08452706141153854,0.05600675940513611,-0.5624024271965027,-0.0989672849861769,0.06263265013694763,-0.6429588496685028,-0.10868895901123565,Hello
0.0,0.0,0.0,0.13725546002388,0.022429347038269043,-0.011085607669052422,0.24032482504844666,-0.04864245653152466,-0.020844411662515938,0.3228977620601654,-0.14374375343322754,-0.025885120591816246,0.3816046416759491,-0.19279074668884277,-0.03622830156117374,0.20628997683525085,-0.23959428071975708,-0.05843664202719623,0.2529081404209137,-0.4433484673500061,-0.07648865748077327,0.26640787720680237,-0.5610362589359283,-0.08912924546628886,0.2693754732608795,-0.6597521901130676,-0.0994164930644601,0.1388101875782013,-0.28721433877944946,-0.06070283669858867,0.17796263098716736,-0.5067383646965027,-0.08016750831037456,0.19346940517425537,-0.6321917176246643,-0.10038276631265575,0.19808226823806763,-0.7245593070983887,-0.11999749261766368,0.07552149891853333,-0.30426090955734253,-0.05810188744097644,0.10830923914909363,-0.5009670555591583,-0.07763887066274577,0.1261955201625824,-0.6153073608875275,-0.09759038556247646,0.13248446583747864,-0.6995398998260498,-0.11461295056968623,0.02122652530670166,-0.2969904839992523,-0.05332756284504825,0.04417410492897034,-0.4397469758987427,-0.07356718052059108,0.053860753774642944,-0.5301039218902588,-0.08483641464143687,0.06076738238334656,-0.6025155782699585,-0.09294222164779598,Hello
0.0,0.0,0.0,0.1294090449810028,0.03405606746673584,-0.015104921186001263,0.23152118921279907,-0.042942166328430176,-0.023652375327081643,0.31681376695632935,-0.12540334463119507,-0.025065068738193474,0.37921851873397827,-0.155103862285614,-0.030764802010388337,0.20371288061141968,-0.2073114812374115,-0.06081506295654293,0.23867106437683105,-0.3973107933998108,-0.070719559328289,0.24831879138946533,-0.5018962621688843,-0.07539143099042889,0.2518947124481201,-0.5871178209781647,-0.08002313657257076,0.13590696454048157,-0.24719682335853577,-0.05615188984724995,0.1704300343990326,-0.4432838559150696,-0.0659314511582565,0.19205206632614136,-0.5541586875915527,-0.07621363981220242,0.19889098405838013,-0.637402206659317,-0.08902826590988155,0.07408645749092102,-0.2614685893058777,-0.04652712552401539,0.11155247688293457,-0.4373721480369568,-0.058153801248998604,0.13699781894683838,-0.5370205640792847,-0.06948151870223995,0.14758360385894775,-0.6083648800849915,-0.0805527312919807,0.022457093000411987,-0.2556700110435486,-0.03502177505347248,0.04533076286315918,-0.3971172571182251,-0.050560739474029504,0.05671915411949158,-0.4841024577617645,-0.05698462633940693,0.06691837310791016,-0.5498870015144348,-0.06114344357106205,Hello
0.0,0.0,0.0,0.125044047832489,0.019578754901885986,-0.008218731964717563,0.22187238931655884,-0.05250328779220581,-0.017363243038545306,0.2959635853767395,-0.1395232081413269,-0.022792706499586757,0.35312676429748535,-0.16526669263839722,-0.03348773368705338,0.18565014004707336,-0.21241897344589233,-0.05486585223187035,0.2178565263748169,-0.39842408895492554,-0.07387075224031037,0.2248120903968811,-0.5024476647377014,-0.0867485965143544,0.2244442105293274,-0.5866895914077759,-0.09617148735631531,0.12182343006134033,-0.24940431118011475,-0.05792029225338524,0.15193384885787964,-0.449178546667099,-0.07547554769624298,0.1640309989452362,-0.5641993880271912,-0.09236840554584091,0.16779619455337524,-0.648749828338623,-0.10934233316291397,0.06355446577072144,-0.26134854555130005,-0.056618105853686984,0.0935664176940918,-0.44061821699142456,-0.07487583556283539,0.10984885692596436,-0.5453829169273376,-0.0921356792103154,0.11640089750289917,-0.6232879161834717,-0.10675692954171723,0.014646470546722412,-0.25552046298980713,-0.05290128686536377,0.04085022211074829,-0.3894397020339966,-0.07054769643653458,0.052485525608062744,-0.4692247807979584,-0.07902575680125778,0.061320483684539795,-0.5323806405067444,-0.08529172488559311,Hello
0.0,0.0,0.0,0.11304479837417603,0.01420140266418457,-0.007496127757562476,0.19945761561393738,-0.04379069805145264,-0.013842995643003064,0.2635384798049927,-0.1153748631477356,-0.01804957575289734,0.3102678060531616,-0.14790481328964233,-0.02606177552728184,0.17740914225578308,-0.20186170935630798,-0.035100221998376924,0.20772242546081543,-0.3568575084209442,-0.05262601412026413,0.21374905109405518,-0.44821828603744507,-0.06889498270241745,0.2137240171432495,-0.5247103273868561,-0.08048132098404892,0.11803609132766724,-0.2365199625492096,-0.03849760851947792,0.1482384204864502,-0.4058625102043152,-0.05404923147646912,0.16258558630943298,-0.5045585632324219,-0.07274373657195099,0.17193302512168884,-0.5798999965190887,-0.09044231510846146,0.06429541110992432,-0.24755802750587463,-0.039214712000770646,0.09378677606582642,-0.39786767959594727,-0.05342216826169022,0.11111176013946533,-0.48817145824432373,-0.06903577632395752,0.1203961968421936,-0.5569148361682892,-0.08228305763690003,0.018641889095306396,-0.2409282922744751,-0.03874371982304581,0.044119834899902344,-0.35649120807647705,-0.05149073562709816,0.058337002992630005,-0.426506370306015,-0.05817435718266495,0.0695677101612091,-0.48148056864738464,-0.06314411795823105,Hello
0.0,0.0,0.0,0.11174154281616211,0.014415740966796875,0.0010828888658807045,0.1947120726108551,-0.05189114809036255,3.341225931308145e-05,0.25668245553970337,-0.13398653268814087,0.0007307149968482918,0.3032049536705017,-0.16948860883712769,-0.0021607346683367723,0.17310252785682678,-0.2032199501991272,-0.026070355143360757,0.20192000269889832,-0.361713171005249,-0.03679839957874265,0.2065477967262268,-0.44737952947616577,-0.04582044918458905,0.2052960991859436,-0.5167750716209412,-0.05236266617100682,0.11598795652389526,-0.2364598512649536,-0.030225303661040925,0.14712873101234436,-0.4056251049041748,-0.0390979803017899,0.15751057863235474,-0.49812835454940796,-0.04917917091768231,0.1639029085636139,-0.5635690093040466,-0.06019547272842374,0.06288698315620422,-0.2479088008403778,-0.03129883174221959,0.09193059802055359,-0.39987558126449585,-0.039871398996524476,0.10727211833000183,-0.4859340488910675,-0.049686242531947755,0.11625277996063232,-0.5480434894561768,-0.059212718795947694,0.01657646894454956,-0.24144548177719116,-0.030388871844820642,0.0417138934135437,-0.35876256227493286,-0.0389940856806561,0.054673612117767334,-0.42509257793426514,-0.04274942417066541,0.06629890203475952,-0.4744170010089874,-0.04577331308644261,Hello
0.0,0.0,0.0,0.10552789270877838,0.00862210988998413,-0.008898324945874947,0.18484632670879364,-0.05795007944107056,-0.009600254388459462,0.2372034639120102,-0.1336725354194641,-0.008525303246386784,0.27663804590702057,-0.16816401481628418,-0.008779029043324726,0.15604962408542633,-0.21359044313430786,-0.020375093126602906,0.18075008690357208,-0.35298988223075867,-0.032022298926420945,0.18737103044986725,-0.4299176335334778,-0.043558133447476166,0.18819038569927216,-0.49498364329338074,-0.052091797495194214,0.09983022511005402,-0.24843069911003113,-0.020867054963417786,0.12832842767238617,-0.39428281784057617,-0.03021305581361844,0.14095140993595123,-0.4775516986846924,-0.04205903192789151,0.14862458407878876,-0.5432088971138,-0.05341972937614514,0.0508587509393692,-0.25786635279655457,-0.020680797899075287,0.07456846535205841,-0.3876931071281433,-0.029166692549296158,0.08730809390544891,-0.4620991349220276,-0.040687573755093354,0.09289886057376862,-0.5192586481571198,-0.05056098630458905,0.010788455605506897,-0.24803367257118225,-0.02049056781262948,0.02875252068042755,-0.34610143303871155,-0.028581007996507424,0.03838653862476349,-0.4040488451719284,-0.03407130172283246,0.045734599232673645,-0.447544664144516,-0.038137005323477524,Hello
0.0,0.0,0.0,0.10361315310001373,0.01510399580001831,-0.013843116494951957,0.18143810331821442,-0.04356890916824341,-0.01755232285255026,0.22924847900867462,-0.11563646793365479,-0.018440735670862907,0.26894547045230865,-0.14816564321517944,-0.02084623943561148,0.14827512204647064,-0.1992911994457245,-0.028831950533328765,0.17117054760456085,-0.33958324790000916,-0.04168514456146788,0.17957736551761627,-0.4185064435005188,-0.05278471778625082,0.18213362991809845,-0.482312947511673,-0.06127125691169333,0.09149868786334991,-0.23366373777389526,-0.02859116825753283,0.11895309388637543,-0.3797736167907715,-0.04014579873078894,0.13220195472240448,-0.4654259979724884,-0.05234280522459578,0.14042003452777863,-0.5320939719676971,-0.06375188301795554,0.042001739144325256,-0.24282652139663696,-0.027853840175209754,0.06817986071109772,-0.3710978031158447,-0.04020550023311209,0.08074377477169037,-0.44962093234062195,-0.053153495448766463,0.08633522689342499,-0.509793221950531,-0.06328553627723288,0.0010854601860046387,-0.23276200890541077,-0.02721288721555304,0.02015911042690277,-0.3307850956916809,-0.040014534401832336,0.031073138117790222,-0.39035816490650177,-0.048060226398645156,0.03994061052799225,-0.43543100357055664,-0.053343354868827575,Hello
0.0,0.0,0.0,0.11290273070335388,0.02035653591156006,-0.025613964254461052,0.20536284148693085,-0.048808932304382324,-0.03986067203661037,0.275802418589592,-0.12230631709098816,-0.04730944586773944,0.3276635855436325,-0.16928112506866455,-0.0582050408222301,0.16211755573749542,-0.21195736527442932,-0.06020707143326831,0.18124772608280182,-0.37470024824142456,-0.08301977692028117,0.18637196719646454,-0.473544716835022,-0.1016785490312202,0.18426962196826935,-0.5567032694816589,-0.11474532512804103,0.09492738544940948,-0.24447354674339294,-0.056167962680063965,0.11772488057613373,-0.41059207916259766,-0.0759490716256721,0.13067945837974548,-0.5190343856811523,-0.09600755451103282,0.13128112256526947,-0.6013488173484802,-0.11393714574953151,0.03670141100883484,-0.25501778721809387,-0.05020593358059955,0.05808113515377045,-0.4041406810283661,-0.07095057396074367,0.07419225573539734,-0.5055488348007202,-0.09047270445009303,0.08003319799900055,-0.580070286989212,-0.10454563675304485,-0.009386733174324036,-0.24832162261009216,-0.04383142171283794,0.010111808776855469,-0.36916331946849823,-0.06340730814119411,0.0218094140291214,-0.45238354802131653,-0.07352836308857036,0.031546711921691895,-0.5179743766784668,-0.07953207818647456,Hello
0.0,0.0,0.0,-0.08932271599769592,0.058849036693573,-0.034410397937534754,-0.17004576325416565,0.036872804164886475,-0.03973950766587109,-0.2292625606060028,-0.014761865139007568,-0.03775718756580204,-0.2748641073703766,-0.051667213439941406,-0.03290855832958073,-0.1911361813545227,-0.1006041169166565,-0.005855048956362907,-0.26115258038043976,-0.08199751377105713,0.00023685112617499726,-0.2724767327308655,-0.03872805833816528,-0.0008617201317235867,-0.26647740602493286,-0.014932453632354736,-0.0025654308926448266,-0.1602182686328888,-0.13888710737228394,0.013579499492408331,-0.2225503921508789,-0.10465413331985474,0.022050442690016325,-0.22726699709892273,-0.05851423740386963,0.016574519271017607,-0.212978333234787,-0.03130823373794556,0.0096232477146998,-0.13080638647079468,-0.14825862646102905,0.030647466475130614,-0.18884572386741638,-0.12167030572891235,0.03240887499785572,-0.1943109929561615,-0.08009845018386841,0.02718571997618824,-0.17886152863502502,-0.05307662487030029,0.02215196616387516,-0.10588407516479492,-0.1479235291481018,0.045698561290265616,-0.156611829996109,-0.13266241550445557,0.04543527267313152,-0.16965451836585999,-0.1012004017829895,0.04608688182568699,-0.16413268446922302,-0.07973748445510864,0.047474906364442404,Hello
0.0,0.0,0.0,0.11433127522468567,0.0230674147605896,-0.027668476709337142,0.203129380941391,-0.04581695795059204,-0.04250550144276133,0.2699400782585144,-0.12416768074035645,-0.050287346028895286,0.32267341017723083,-0.164919912815094,-0.062074131005616096,0.1576627790927887,-0.21144810318946838,-0.06078569465240946,0.1785401701927185,-0.3739011734724045,-0.07868558787664881,0.18398797512054443,-0.4687492251396179,-0.09331238889059534,0.18318650126457214,-0.5491789877414703,-0.10448685907682886,0.09320735931396484,-0.24208423495292664,-0.054671707236380485,0.11546649038791656,-0.40965797007083893,-0.06891398006042948,0.1289490908384323,-0.5167356431484222,-0.08605951690039149,0.13089589774608612,-0.6001282334327698,-0.10316284620127192,0.03730727732181549,-0.2506040036678314,-0.046368601405234244,0.05970647931098938,-0.4000297635793686,-0.060913278394551185,0.07504026591777802,-0.49747130274772644,-0.0768625351127099,0.07945911586284637,-0.5704258680343628,-0.09016650044283381,-0.007386937737464905,-0.24503839015960693,-0.03818236538133135,0.014411255717277527,-0.36414916813373566,-0.05405858405789843,0.02644510567188263,-0.44399814307689667,-0.06250448399147501,0.035029441118240356,-0.5064173638820648,-0.06801698231062403,Hello
0.0,0.0,0.0,-0.11158281564712524,0.060150980949401855,-0.020020315327940352,-0.20078954100608826,0.031069576740264893,-0.019738120862541564,-0.26317816972732544,-0.022474169731140137,-0.015940230244098075,-0.3099336475133896,-0.05577254295349121,-0.009331296102402575,-0.21815836429595947,-0.10659891366958618,0.008592893465163343,-0.29590025544166565,-0.07743573188781738,0.015621341860594384,-0.28755709528923035,-0.02393585443496704,0.01388888536274635,-0.26320934295654297,-0.0023108720779418945,0.011778866967858903,-0.18659362196922302,-0.14604967832565308,0.020474409780206315,-0.2588845491409302,-0.10565185546875,0.028639005592765443,-0.2524319589138031,-0.05491727590560913,0.02281763972968065,-0.22818008065223694,-0.03215229511260986,0.016132699421348207,-0.15710702538490295,-0.1576228141784668,0.03091176981359922,-0.22376370429992676,-0.12530303001403809,0.03204234885305368,-0.22021129727363586,-0.08128535747528076,0.027259755975308053,-0.19492876529693604,-0.058157145977020264,0.023088606170119874,-0.13475251197814941,-0.1566804051399231,0.04058039756745302,-0.19142746925354004,-0.13590925931930542,0.04191931532949411,-0.1933300793170929,-0.10026884078979492,0.04596138941377603,-0.1740935742855072,-0.08032947778701782,0.05025715204209291,Hello
